/*
 Navicat Premium Data Transfer

 Source Server         : JSite
 Source Server Type    : MySQL
 Source Server Version : 80018
 Source Host           : 39.105.173.191:3306
 Source Schema         : jsite

 Target Server Type    : MySQL
 Target Server Version : 80018
 File Encoding         : 65001

 Date: 15/04/2021 08:46:43
*/

SET NAMES utf8mb4;
SET FOREIGN_KEY_CHECKS = 0;

-- ----------------------------
-- Table structure for ACT_DE_DATABASECHANGELOG
-- ----------------------------
DROP TABLE IF EXISTS `ACT_DE_DATABASECHANGELOG`;
CREATE TABLE `ACT_DE_DATABASECHANGELOG`  (
  `ID` varchar(255) CHARACTER SET utf8 COLLATE utf8_bin NOT NULL,
  `AUTHOR` varchar(255) CHARACTER SET utf8 COLLATE utf8_bin NOT NULL,
  `FILENAME` varchar(255) CHARACTER SET utf8 COLLATE utf8_bin NOT NULL,
  `DATEEXECUTED` datetime(0) NOT NULL,
  `ORDEREXECUTED` int(11) NOT NULL,
  `EXECTYPE` varchar(10) CHARACTER SET utf8 COLLATE utf8_bin NOT NULL,
  `MD5SUM` varchar(35) CHARACTER SET utf8 COLLATE utf8_bin NULL DEFAULT NULL,
  `DESCRIPTION` varchar(255) CHARACTER SET utf8 COLLATE utf8_bin NULL DEFAULT NULL,
  `COMMENTS` varchar(255) CHARACTER SET utf8 COLLATE utf8_bin NULL DEFAULT NULL,
  `TAG` varchar(255) CHARACTER SET utf8 COLLATE utf8_bin NULL DEFAULT NULL,
  `LIQUIBASE` varchar(20) CHARACTER SET utf8 COLLATE utf8_bin NULL DEFAULT NULL,
  `CONTEXTS` varchar(255) CHARACTER SET utf8 COLLATE utf8_bin NULL DEFAULT NULL,
  `LABELS` varchar(255) CHARACTER SET utf8 COLLATE utf8_bin NULL DEFAULT NULL,
  `DEPLOYMENT_ID` varchar(10) CHARACTER SET utf8 COLLATE utf8_bin NULL DEFAULT NULL
) ENGINE = InnoDB CHARACTER SET = utf8 COLLATE = utf8_bin ROW_FORMAT = Dynamic;

-- ----------------------------
-- Records of ACT_DE_DATABASECHANGELOG
-- ----------------------------
INSERT INTO `ACT_DE_DATABASECHANGELOG` VALUES ('1', 'flowable', 'META-INF/liquibase/flowable-modeler-app-db-changelog.xml', '2021-04-08 20:20:59', 1, 'EXECUTED', '8:e70d1d9d3899a734296b2514ccc71501', 'createTable tableName=ACT_DE_MODEL; createIndex indexName=idx_proc_mod_created, tableName=ACT_DE_MODEL; createTable tableName=ACT_DE_MODEL_HISTORY; createIndex indexName=idx_proc_mod_history_proc, tableName=ACT_DE_MODEL_HISTORY; createTable tableN...', '', NULL, '3.6.2', NULL, NULL, '7884459039');
INSERT INTO `ACT_DE_DATABASECHANGELOG` VALUES ('3', 'flowable', 'META-INF/liquibase/flowable-modeler-app-db-changelog.xml', '2021-04-08 20:20:59', 2, 'EXECUTED', '8:3a9143bef2e45f2316231cc1369138b6', 'addColumn tableName=ACT_DE_MODEL; addColumn tableName=ACT_DE_MODEL_HISTORY', '', NULL, '3.6.2', NULL, NULL, '7884459039');

-- ----------------------------
-- Table structure for ACT_DE_DATABASECHANGELOGLOCK
-- ----------------------------
DROP TABLE IF EXISTS `ACT_DE_DATABASECHANGELOGLOCK`;
CREATE TABLE `ACT_DE_DATABASECHANGELOGLOCK`  (
  `ID` int(11) NOT NULL,
  `LOCKED` bit(1) NOT NULL,
  `LOCKGRANTED` datetime(0) NULL DEFAULT NULL,
  `LOCKEDBY` varchar(255) CHARACTER SET utf8 COLLATE utf8_bin NULL DEFAULT NULL,
  PRIMARY KEY (`ID`) USING BTREE
) ENGINE = InnoDB CHARACTER SET = utf8 COLLATE = utf8_bin ROW_FORMAT = Dynamic;

-- ----------------------------
-- Records of ACT_DE_DATABASECHANGELOGLOCK
-- ----------------------------
INSERT INTO `ACT_DE_DATABASECHANGELOGLOCK` VALUES (1, b'0', NULL, NULL);

-- ----------------------------
-- Table structure for ACT_DE_MODEL
-- ----------------------------
DROP TABLE IF EXISTS `ACT_DE_MODEL`;
CREATE TABLE `ACT_DE_MODEL`  (
  `id` varchar(255) CHARACTER SET utf8 COLLATE utf8_bin NOT NULL,
  `name` varchar(400) CHARACTER SET utf8 COLLATE utf8_bin NOT NULL,
  `model_key` varchar(400) CHARACTER SET utf8 COLLATE utf8_bin NOT NULL,
  `description` varchar(4000) CHARACTER SET utf8 COLLATE utf8_bin NULL DEFAULT NULL,
  `model_comment` varchar(4000) CHARACTER SET utf8 COLLATE utf8_bin NULL DEFAULT NULL,
  `created` datetime(6) NULL DEFAULT NULL,
  `created_by` varchar(255) CHARACTER SET utf8 COLLATE utf8_bin NULL DEFAULT NULL,
  `last_updated` datetime(6) NULL DEFAULT NULL,
  `last_updated_by` varchar(255) CHARACTER SET utf8 COLLATE utf8_bin NULL DEFAULT NULL,
  `version` int(11) NULL DEFAULT NULL,
  `model_editor_json` longtext CHARACTER SET utf8 COLLATE utf8_bin NULL,
  `thumbnail` longblob NULL,
  `model_type` int(11) NULL DEFAULT NULL,
  `tenant_id` varchar(255) CHARACTER SET utf8 COLLATE utf8_bin NULL DEFAULT NULL,
  PRIMARY KEY (`id`) USING BTREE,
  INDEX `idx_proc_mod_created`(`created_by`) USING BTREE
) ENGINE = InnoDB CHARACTER SET = utf8 COLLATE = utf8_bin ROW_FORMAT = Dynamic;

-- ----------------------------
-- Records of ACT_DE_MODEL
-- ----------------------------
INSERT INTO `ACT_DE_MODEL` VALUES ('085d9075-9bfe-11eb-a4b2-00163e2e65eb', '测试-2021', '2021', '测试', NULL, '2021-04-13 10:14:52.906000', 'admin', '2021-04-13 10:14:52.906000', 'admin', 1, '{\"id\":\"canvas\",\"resourceId\":\"canvas\",\"stencilset\":{\"namespace\":\"http://b3mn.org/stencilset/bpmn2.0#\"},\"properties\":{\"process_id\":\"2021\",\"name\":\"测试-2021\",\"documentation\":\"测试\"},\"childShapes\":[{\"bounds\":{\"lowerRight\":{\"x\":130,\"y\":193},\"upperLeft\":{\"x\":100,\"y\":163}},\"childShapes\":[],\"dockers\":[],\"outgoing\":[],\"resourceId\":\"startEvent1\",\"stencil\":{\"id\":\"StartNoneEvent\"}}]}', 0x89504E470D0A1A0A0000000D494844520000002D0000002D08060000003A1AE29A000002E04944415478DAED58DF6B526118DEC52EFA23BA080AEACFF08F48747A5051F157F3D74C10744CA6178A8C5D0B42188B2E4236314B6585919814132744B46A3936E7C19B31AA63FEC8AFF71D79135DCC73BEF38DE03C7038777ECF7978BEE77D5E1716142850F0FF821072ADDD6EDBB3D9ECAB442271EEF178C626938968B55AC271DCD4E9740EC3E1F0613299DC82E7F69593CDE5720F63B1D8D8E7F391743A4D1A8D06E976BB6430181004BEFBFD3ED9DBDB23F051C4EBF54EFD7E7FC766B35999130672E6783CFE33180C5E109A4C26E4B268B55A24140A4DEC76FB07B55A7D8B85BA8BF97CFEA5C3E1208542612EB27FA3542A11B3D92CC8AA3A12AE56AB6FDD6E373938382034D0E97408082058ADD67BB290468591307A9426F0F740ED6F4B4B4B1C750FA3256829FC2FC50D06C31910BF432D25D6D7D787E86139512C1605BD5EFF860AE9EDEDED479812A3D188C80D97CBC54BB609AA8C398CB1C602FBFBFB43C96AE3A4C3CB2725DAE605C4200FD3F48668D2389A33990C6189CDCDCD1690BE2F9A3476091CCD2C51AFD73B40BA209A34969F5EAFC79434CFF37D207D2C9A34B6B559F961053C0F480F4493C67A7915C0734593361A8D53D64A0B82C04B521AE26EC8DAD3A7A7A71F25797A7575F513EBF42897CBCF24A5472A95CAB0CEE9B5B5B5A2A49C8E4422379797977F319C88039D4EF745D24444ACACAC7C66D53DC01A5B40F8B5E49667B158D4814060CC40ED3350B9496D198025B42D779FC6FB832AAB54AA452AA4D163B884CAB5B9409BCCC3193D6A9BCB0C1CC7E941F11FB477C49393931AD8E288FA8E38031474332EA1B414478591B046A309C9FADF071CA005D5CF777676BE4BB89C671B1B1B0FD012F09898FCC3841E07855E805DF866B329CC93C3954AE5317CF43BBC74D43D7C49F277913C54D83E2C0CEF6BB5DA51B7DBEDCD4A16961FEC12BBBBBB4FA3D1E873B0D721924575A9A58404AF5F07D57C40E6093C5FB1A561BDFCF33EC62E81A359F2A453A0408102050AE4C66FB109509232650D3B0000000049454E44AE426082, 0, NULL);
INSERT INTO `ACT_DE_MODEL` VALUES ('23388aa6-986c-11eb-b75a-00163e2e65eb', '请假流程', 'jsite_leave', '请假流程', '', '2021-04-08 21:12:57.563000', 'admin', '2021-04-13 09:42:53.546000', 'admin', 1, '{\"modelId\":\"23388aa6-986c-11eb-b75a-00163e2e65eb\",\"bounds\":{\"lowerRight\":{\"x\":1200,\"y\":1050},\"upperLeft\":{\"x\":0,\"y\":0}},\"properties\":{\"process_id\":\"jsite_leave\",\"name\":\"请假流程\",\"documentation\":\"请假流程\",\"process_author\":\"\",\"process_version\":\"\",\"process_namespace\":\"http://www.flowable.org/processdef\",\"process_historylevel\":\"\",\"isexecutable\":true,\"dataproperties\":\"\",\"executionlisteners\":\"{\\\"executionListeners\\\":[]}\",\"eventlisteners\":\"{\\\"eventListeners\\\":[]}\",\"signaldefinitions\":\"[]\",\"messagedefinitions\":\"[]\",\"process_potentialstarteruser\":\"\",\"process_potentialstartergroup\":\"\",\"iseagerexecutionfetch\":\"false\",\"messages\":[]},\"childShapes\":[{\"resourceId\":\"startevent1\",\"properties\":{\"overrideid\":\"startevent1\",\"name\":\"开始节点\",\"documentation\":\"\",\"executionlisteners\":{\"executionListeners\":[]},\"initiator\":\"applyUserId\",\"formkeydefinition\":\"\",\"formreference\":\"\",\"formproperties\":\"\",\"interrupting\":true},\"stencil\":{\"id\":\"StartNoneEvent\"},\"childShapes\":[],\"outgoing\":[{\"resourceId\":\"sid-C72C3F94-FFC6-4861-984C-84884B66DD47\"}],\"bounds\":{\"lowerRight\":{\"x\":130,\"y\":193},\"upperLeft\":{\"x\":100,\"y\":163}},\"dockers\":[]},{\"resourceId\":\"leave_leader_audit\",\"properties\":{\"overrideid\":\"leave_leader_audit\",\"name\":\"领导审批\",\"documentation\":\"\",\"asynchronousdefinition\":false,\"exclusivedefinition\":true,\"executionlisteners\":{\"executionListeners\":[]},\"multiinstance_type\":\"None\",\"multiinstance_cardinality\":\"\",\"multiinstance_collection\":\"\",\"multiinstance_variable\":\"\",\"multiinstance_condition\":\"\",\"isforcompensation\":\"false\",\"usertaskassignment\":{\"assignment\":{\"type\":\"static\",\"assignee\":\"${leaderName}\"}},\"formkeydefinition\":\"leave_leader_audit\",\"formreference\":\"\",\"duedatedefinition\":\"\",\"prioritydefinition\":\"\",\"formproperties\":\"\",\"tasklisteners\":{\"taskListeners\":[{\"event\":\"complete\",\"className\":\"com.jsite.modules.flowable.listener.TaskBusinessCallListener\",\"implementation\":\"com.jsite.modules.flowable.listener.TaskBusinessCallListener\",\"fields\":[],\"$$hashKey\":\"uiGrid-000Z\"}]},\"skipexpression\":\"\",\"categorydefinition\":\"\"},\"stencil\":{\"id\":\"UserTask\"},\"childShapes\":[],\"outgoing\":[{\"resourceId\":\"sid-CA63049C-E8AD-45DB-A214-86AD0653D313\"}],\"bounds\":{\"lowerRight\":{\"x\":295,\"y\":218},\"upperLeft\":{\"x\":195,\"y\":138}},\"dockers\":[]},{\"resourceId\":\"sid-D9CD09E3-6804-4B26-9DCE-31DC53B64E26\",\"properties\":{\"overrideid\":\"sid-D9CD09E3-6804-4B26-9DCE-31DC53B64E26\",\"name\":\"\",\"documentation\":\"\",\"asynchronousdefinition\":\"false\",\"exclusivedefinition\":\"false\",\"sequencefloworder\":\"\",\"executionlisteners\":{\"executionListeners\":[]}},\"stencil\":{\"id\":\"ExclusiveGateway\"},\"childShapes\":[],\"outgoing\":[{\"resourceId\":\"sid-8EAC8A36-0C40-4596-8181-A33B1C95E544\"},{\"resourceId\":\"sid-57B75BD7-E1A6-4569-89FB-3C88F62C9384\"}],\"bounds\":{\"lowerRight\":{\"x\":400,\"y\":198},\"upperLeft\":{\"x\":360,\"y\":158}},\"dockers\":[]},{\"resourceId\":\"end\",\"properties\":{\"overrideid\":\"end\",\"name\":\"流程结束\",\"documentation\":\"\",\"executionlisteners\":{\"executionListeners\":[]}},\"stencil\":{\"id\":\"EndNoneEvent\"},\"childShapes\":[],\"outgoing\":[],\"bounds\":{\"lowerRight\":{\"x\":553,\"y\":193},\"upperLeft\":{\"x\":525,\"y\":165}},\"dockers\":[]},{\"resourceId\":\"adjustApply\",\"properties\":{\"overrideid\":\"adjustApply\",\"name\":\"调整申请\",\"documentation\":\"\",\"asynchronousdefinition\":false,\"exclusivedefinition\":true,\"executionlisteners\":{\"executionListeners\":[]},\"multiinstance_type\":\"None\",\"multiinstance_cardinality\":\"\",\"multiinstance_collection\":\"\",\"multiinstance_variable\":\"\",\"multiinstance_condition\":\"\",\"isforcompensation\":\"false\",\"usertaskassignment\":{\"assignment\":{\"type\":\"static\",\"assignee\":\"${applyUserId}\"}},\"formkeydefinition\":\"\",\"formreference\":\"\",\"duedatedefinition\":\"\",\"prioritydefinition\":\"\",\"formproperties\":\"\",\"tasklisteners\":{\"taskListeners\":[]},\"skipexpression\":\"\",\"categorydefinition\":\"\"},\"stencil\":{\"id\":\"UserTask\"},\"childShapes\":[],\"outgoing\":[{\"resourceId\":\"sid-9907B39C-4DF1-40A5-9A15-D6AEE19F792E\"}],\"bounds\":{\"lowerRight\":{\"x\":430,\"y\":365},\"upperLeft\":{\"x\":330,\"y\":285}},\"dockers\":[]},{\"resourceId\":\"sid-C72C3F94-FFC6-4861-984C-84884B66DD47\",\"properties\":{\"overrideid\":\"sid-C72C3F94-FFC6-4861-984C-84884B66DD47\",\"name\":\"\",\"documentation\":\"\",\"conditionsequenceflow\":\"\",\"executionlisteners\":\"\",\"defaultflow\":\"false\",\"skipexpression\":\"\"},\"stencil\":{\"id\":\"SequenceFlow\"},\"childShapes\":[],\"outgoing\":[{\"resourceId\":\"leave_leader_audit\"}],\"bounds\":{\"lowerRight\":{\"x\":194.234375,\"y\":178},\"upperLeft\":{\"x\":130.21875,\"y\":178}},\"dockers\":[{\"x\":15,\"y\":15},{\"x\":50,\"y\":40}],\"target\":{\"resourceId\":\"leave_leader_audit\"}},{\"resourceId\":\"sid-52E803B4-4779-43D2-944C-3312F05EDEC0\",\"properties\":{\"overrideid\":\"sid-52E803B4-4779-43D2-944C-3312F05EDEC0\",\"name\":\"\",\"documentation\":\"\",\"asynchronousdefinition\":\"false\",\"exclusivedefinition\":\"false\",\"sequencefloworder\":\"\",\"executionlisteners\":{\"executionListeners\":[]}},\"stencil\":{\"id\":\"ExclusiveGateway\"},\"childShapes\":[],\"outgoing\":[{\"resourceId\":\"sid-6D5AB85C-A62B-4B08-820F-294FE68F0132\"},{\"resourceId\":\"sid-14B77A49-FD2A-47A2-8DA0-24B3F7715E47\"}],\"bounds\":{\"lowerRight\":{\"x\":400,\"y\":445},\"upperLeft\":{\"x\":360,\"y\":405}},\"dockers\":[]},{\"resourceId\":\"sid-CA63049C-E8AD-45DB-A214-86AD0653D313\",\"properties\":{\"overrideid\":\"sid-CA63049C-E8AD-45DB-A214-86AD0653D313\",\"name\":\"\",\"documentation\":\"\",\"conditionsequenceflow\":\"\",\"executionlisteners\":\"\",\"defaultflow\":\"false\",\"skipexpression\":\"\"},\"stencil\":{\"id\":\"SequenceFlow\"},\"childShapes\":[],\"outgoing\":[{\"resourceId\":\"sid-D9CD09E3-6804-4B26-9DCE-31DC53B64E26\"}],\"bounds\":{\"lowerRight\":{\"x\":360.015625,\"y\":178},\"upperLeft\":{\"x\":295.5703125,\"y\":178}},\"dockers\":[{\"x\":50,\"y\":40},{\"x\":20,\"y\":20}],\"target\":{\"resourceId\":\"sid-D9CD09E3-6804-4B26-9DCE-31DC53B64E26\"}},{\"resourceId\":\"sid-9907B39C-4DF1-40A5-9A15-D6AEE19F792E\",\"properties\":{\"overrideid\":\"sid-9907B39C-4DF1-40A5-9A15-D6AEE19F792E\",\"name\":\"\",\"documentation\":\"\",\"conditionsequenceflow\":\"\",\"executionlisteners\":\"\",\"defaultflow\":\"false\",\"skipexpression\":\"\"},\"stencil\":{\"id\":\"SequenceFlow\"},\"childShapes\":[],\"outgoing\":[{\"resourceId\":\"sid-52E803B4-4779-43D2-944C-3312F05EDEC0\"}],\"bounds\":{\"lowerRight\":{\"x\":380,\"y\":405.25},\"upperLeft\":{\"x\":380,\"y\":365.0625}},\"dockers\":[{\"x\":50,\"y\":40},{\"x\":20,\"y\":20}],\"target\":{\"resourceId\":\"sid-52E803B4-4779-43D2-944C-3312F05EDEC0\"}},{\"resourceId\":\"sid-14B77A49-FD2A-47A2-8DA0-24B3F7715E47\",\"properties\":{\"overrideid\":\"sid-14B77A49-FD2A-47A2-8DA0-24B3F7715E47\",\"name\":\"\",\"documentation\":\"\",\"conditionsequenceflow\":\"${auditPass}\",\"executionlisteners\":\"\",\"defaultflow\":\"false\",\"skipexpression\":\"\"},\"stencil\":{\"id\":\"SequenceFlow\"},\"childShapes\":[],\"outgoing\":[{\"resourceId\":\"leave_leader_audit\"}],\"bounds\":{\"lowerRight\":{\"x\":360.015625,\"y\":425},\"upperLeft\":{\"x\":245,\"y\":218.55859375}},\"dockers\":[{\"x\":20,\"y\":20},{\"x\":245,\"y\":425},{\"x\":50,\"y\":40}],\"target\":{\"resourceId\":\"leave_leader_audit\"}},{\"resourceId\":\"sid-6D5AB85C-A62B-4B08-820F-294FE68F0132\",\"properties\":{\"overrideid\":\"sid-6D5AB85C-A62B-4B08-820F-294FE68F0132\",\"name\":\"\",\"documentation\":\"\",\"conditionsequenceflow\":\"${!auditPass}\",\"executionlisteners\":\"\",\"defaultflow\":\"false\",\"skipexpression\":\"\"},\"stencil\":{\"id\":\"SequenceFlow\"},\"childShapes\":[],\"outgoing\":[{\"resourceId\":\"end\"}],\"bounds\":{\"lowerRight\":{\"x\":539,\"y\":425},\"upperLeft\":{\"x\":399.6328125,\"y\":193.453125}},\"dockers\":[{\"x\":20,\"y\":20},{\"x\":539,\"y\":425},{\"x\":14,\"y\":14}],\"target\":{\"resourceId\":\"end\"}},{\"resourceId\":\"sid-8EAC8A36-0C40-4596-8181-A33B1C95E544\",\"properties\":{\"overrideid\":\"sid-8EAC8A36-0C40-4596-8181-A33B1C95E544\",\"name\":\"\",\"documentation\":\"\",\"conditionsequenceflow\":\"${auditPass}\",\"executionlisteners\":\"\",\"defaultflow\":\"false\",\"skipexpression\":\"\"},\"stencil\":{\"id\":\"SequenceFlow\"},\"childShapes\":[],\"outgoing\":[{\"resourceId\":\"end\"}],\"bounds\":{\"lowerRight\":{\"x\":524.3359572771119,\"y\":178.90777331620825},\"upperLeft\":{\"x\":400.25388647288804,\"y\":178.12738293379175}},\"dockers\":[{\"x\":20,\"y\":20},{\"x\":14,\"y\":14}],\"target\":{\"resourceId\":\"end\"}},{\"resourceId\":\"sid-57B75BD7-E1A6-4569-89FB-3C88F62C9384\",\"properties\":{\"overrideid\":\"sid-57B75BD7-E1A6-4569-89FB-3C88F62C9384\",\"name\":\"\",\"documentation\":\"\",\"conditionsequenceflow\":\"${!auditPass}\",\"executionlisteners\":\"\",\"defaultflow\":\"false\",\"skipexpression\":\"\"},\"stencil\":{\"id\":\"SequenceFlow\"},\"childShapes\":[],\"outgoing\":[{\"resourceId\":\"adjustApply\"}],\"bounds\":{\"lowerRight\":{\"x\":380,\"y\":284.953125},\"upperLeft\":{\"x\":380,\"y\":198.5234375}},\"dockers\":[{\"x\":20,\"y\":20},{\"x\":50,\"y\":40}],\"target\":{\"resourceId\":\"adjustApply\"}}],\"stencil\":{\"id\":\"BPMNDiagram\"},\"stencilset\":{\"namespace\":\"http://b3mn.org/stencilset/bpmn2.0#\",\"url\":\"../editor/stencilsets/bpmn2.0/bpmn2.0.json\"}}', 0x89504E470D0A1A0A0000000D4948445200000105000000B60806000000D0BF98FE0000109F4944415478DAED9D0D90556519C7778A492A9CC871D2262D6BA868D4898A0A4BA7ADA184E4A31C76EF9EBBF7C28248488BE08662B1E886222AF9C1BA299484A2A316A3965F65BB8BB01B49AD4C868C6B30428ADBCAAEB62A222E2B9CFECFE5BC7459F7F3EEC5BBE7DEDF7FE6997BEEE572EFD9FFF3BCBFFBBEEF79CF397979082184104208218410420821847A96EFFB4376EEDCB96EF3E6CD076B6B6BFDEAEAEAD0464D4D8D5F5757F78A224666114A510684FAFA7ABFA5A5C56F6F6F0F7DB4B6B6FA1B376E7C5D80984276114A41D643C816202481A15D3D8746B28B500AB22143E746B5EDF1C5FE3F1FBD34117BDB9A42090641A183EC2294826C2CDEB941392058343E715D58A1E0935D848E0114B6555700058480C2FFA1B0635315504028D7A1B0EBA9B547A010D6C946A080509AA060138BC93D85ED9B6E010A08E52A140C00C940488EB01D85000A08A5010ADD01218C438910436138558906DD9C42364448A1304E61FBCD326D04148042DE58459BA25CD1AA28A53A1150C85D2838204C089E8F54EC522C530CA14A43A8929292E1B367CF5E3A67CE9C1D53A74E7DBBA8A8C88FC7E30766CD9AF5FCB469D3AEF13CEF44A00014FA0804A75314CF28D60086D4959F9F3F2412898C511B9CAF7659A158A0C82F28281876CCBE540DFF92193366ECABACAC3CD4D0D0E0EFDFBFDF37D9E3D34F3FEDAF58B1A27DFAF4E97B63B1581950000A5DCC21740584E449C727150F2B86D2C4FB0D83CB05801DF623DD45341B24F4839E5E5FD53BB871D1A245FB9B9A9AFC9E646721EA7DAF58AF012800854E4018D7CBFB860650A8CFE3C8449FA45EC00835F87A0780B973E7FA6BD6ACF1D7AD5BE7DF79E79DFEFCF9F393E1D0A05EC4C8B47CB1860A0B0C08AE67D09BDE79E79D0418065B8F01286474C830AE8FEF1F120C236C387132CDBE6720A891FFDBC160CB962D89B6D759D68B2F2B2B3BD26B50AFE28C01CF2168C8F0566F3D84AE7A0CEA2DFC573B7E3250C859288CED65C8D093960713902369FE5D0F195C0F61E9D2A57E6F3FD8068BEBAFBFFE488F6140F30CEA252CB339043F05AD58B1E2F56834BA0428E42414060204A705C1678C0603472B9843F04B4B4B0FEDDBB7AFCF3DF879F3E61D0AC05091F297EB4B775AB7241559B765FAF4E9CF02859C83C2B83400C129D6CFE147AEF41212938AFD6D9B5BB76E3D328C48B9B7A021C081BECE257496FDBF582CF6760669FA0FFDF1B3DD1F0F148EBDC7C104A1EDCF5569FC9AF2E0337376F231D9673BECE87A095DCD21F4A68B2FBEF8ED000CF929ED8CFDE781C8FE7FA68C4C9A75DDAB5803148EBDC70AEBEA17E51D5EA9382A0D5F7176F05925B9DC3B48F6D9F3BCBFD9B61D654845765422F8AC0599EA29B47773ECF43D8F6C86C260F1D845DEE1A5CBBB1523D20084A24E0D8350D861C75464FF6F40F30AF3E6CDDB3D9039850B2EB8607B26BB5C8A523B82C2F0E1BDF1B893ACE8EC4AD3A9AC721D1D0081CBD777F2D91EAD51DF7EFBED29B5CBD5AB57BF39A09EC2C2850BAB2A2B2B53FAF2AAAAAAF6783C7E35138D39BD4EE136458362583F7B086D799C41D91D2012730AFAC1ED3870E040BFDAA4CD41E8FFED1DD09C829169E6CC99EDCDCDCDFD5EA7A02F6F639D022B1AA507CDFEBCBE9DD7E0805044F3EF718EE1193724EE8F92869ABBEC2846CA3B505656B6A8BCBCFC407F56345E71C5156F080A0B0793914021631A1A40E1AE5EC0E080C090A177284C5174C462B183CF3DF75C9FDAE5F6EDDBFDA953A726E6F83CCF1B782F4CC388DF2C5EBCB8A3B71E83F510962C59F266696969E5603312286454C38361C4F25EE610E821F41D0CCBAD8147A3D143AB56ADF2DBDADABA6C93B6B8C98E541840ECFD1A7EDC94B69DB01EC38C19330E54555525164D743E4B72E5CA95072FBCF0C23734DC583C184D040A19970D256DE972793747199843E8FFFC82AD6CEC082E61E05F79E59589438EEE84A865CB96D90242B78AD1DE573EA0614377730C36F9684725A64D9BE676A663CE9C39BB15370FA63904A03028759AA25931330908CD0C1906048633D40ED7A9C7B0AF9BC397B658E9E1600D09020A8352A382B9830A860C69FDC11E5A585838568DFF4677C851C098D0CDE1620414069DEC8429DBEF122A33ED730DB76572253150000A039A7CA478D3ABE0DC8836F3951E025008EBAF1A5048AF9F25497309B37104280005A0D0E0A0604BA3710428000584AF400128207C050A4001E12B50000A085F8F816A6B6BB3110AFB05850E8A17E16B0AAAABAB6BB613B6B2090A4D4D4DF7090A8D142FC2D714B47EFDFAC91B366C786DCF9E3D6F65430FC180505353F382620AC58BF03545A9014DD02F6B8375B96D2C1EE2B0FD6F0C3310285E7CCD2945A3D1512486E2C55774449EE7AD54620EE104C58BAF889352285E7C45EF4A0827A550BCF88A8E4A0827A550BCF88A8E563C1EFFB012F3264E50BCF88A129A3469D2F19EE7BD8113142FBEA28482DB7BB5E104C58BAF28A1828282139498577182E2C5579490860E272A31AD3841F1E22B7250384989791927285E7C4509C562B18F2B31FFC1098A175F919B53F88412F3124E50BCF88A5C524E55BC8813142FBE229794D314BB7082E2C5579450341AFD8C12F33C4E50BCF88ADC9CC2082566074E50BCF88A1C143EEF79DE733841F1E22B4A2812897C4189791627285E7C4509A99770BA12B30D27285E7C45091517179FA9DEC2569CA078F1152564176EE5022B142FBEA2E439852F2B315B7082E2C557E49232DA2ECB8613142FBE229794AF2B36E304C58BAF2821CFF3CE5262FE8A13142FBEA2840A0B0BBFA9C4FC0527285E7C452E29E728EA7082E2C557E49292AF780227285E7C456E4EE13B4A4C2D4E50BCF88ADC9CC25881A11A27285E7C450945A3D1732391C89F7082E2C557949080305E89790C27BA2D5AEEB70914722E29E7291EC1896EFDE1CEDC4021B7E479DE44FD023E84135DABA0A06098DD56CF8AD76EB18723402117A0F00315FD8338D163E1DE46F102855C9A53385F89B93F8CFBEEFBFE909D3B77AEDBBC79F3C1DADA5ABFBABA3AB4515353E3D7D5D5BDA288010594E9A44C51AC0BE3BE1B10EAEBEBFD969616BFBDBD3DF4D1DADAEA6FDCB8F17501620A5040994C4A44715F18F7DD7A08D902842430B4ABE7D008145026E7143C25E69E30EEBB0D19921BD4B6C717FBFF7CF4D244EC6D6B0A2D1804850EA0803239A7502C2EDC1DC67DB7B17872637240B0687CE2BA3043C1070A289349892BD6661B14B655570005A080524C8A2DCE59936D50D8B1A90A280005946252662856670314763DB5F60814C23CD9081450A6271A674622915F871D0A36B198DC53D8BEE916A00014508A50F891A0B032CC50300024032139C278140228A08C4A40B84889B935CC50E80E08611D4A000594E9A4FC5851950D730AD9124001657AF83057BD854AA0001480027250982F28DC0414800250406E4EA14C60B801280005A0805C521628960305A00014904BCA42C5B54001280005E4E6147EAAC45C0314800250406E4E6191C0703550000A4001B9A42C562C010A4001282097940AC5954001280005E492B2C47A0B4001280005E4261AAFB67905A00014800272505826285C0E1480025040090908D7090C970105A00014904BCA725BD50814800250406EF870839DFF0014800250400E0A370B0AF3800250000AC8CD2954DA3515800250000AC825A5CAAEBE0414800250402E29769BF5D94001280005E492B24A310B280005A080DC9CC2AFEDDE0F4001280005E492B2DAEE120514800250402E2977A8A7300D280005A0805C52D6DA9DA7810250000A2821F512EE8E4422C54001280005E4A070AFA0500414800250402E29BF15180A810250000AC825659D620A50000A4001B9A4DCAFE1C3F961DCF7DADADA6C84C27E41A10328A04C26E5F782C2E430EE7B5D5D5D734B4B4B5641A1A9A9E93E41A11128A08C494078C8F3BC8961DCF7F5EBD74FDEB061C36B7BF6EC792B1B7A0806849A9A9A1714538002CA64521E519C17D6FD57039AA05FD606EB72DB583CC461FBDF984B40000A8337297F544F611C4E50BCF88A5C521ED710E27B3841F1E22B4A48BD84EAC2C2C2B13841F1E22B7249A91518BE8313142FBE2297940D82C2B77082E2C557E49252A7380727285E7C452E297F292C2CFC264E50BCF88A5C529E8C4422637082E2C557E492F2B76834FA359CA078F115B9A4342846E304C58BAFC825658B860F5FC6098A175F914BCAD382C2177182E2C557949080B0B5B8B8F84C9CA078F115B9A46CF33CEF749CA078F115B9A4340A0A237182E2C557E492F22F0D213E8713142FBE2297941D050505237082E2C557E492F27C341AFD0C4E74EB8FADE3F02DD4A3FA078E00855C48CABF05854FE144B7FE9438282866E30850C885A4BCA8381527BA968656C3D44368B3E22D2929198E2340211792F2920AFF1338D1BD264F9EFC1B8A1728E452529A05859371A25BD9456DFD3163C650BC40216792B2271E8F7F0C27BA945DBBB24D517EDC71C759F196620950C885A4B47A9E77224E740B8409C1735BE0B54BB14C31047B80423627E5550D1F4EC0891E81E0748AE219C51AC00014B23929AF090A1FC189A3E610BA0282931D817852F1B06228760185AC93860E6F4C9A34E9789C380A08BDDD316B680085FA00120828645552DE8CC7E31FC689234386BEDE426F48308CB0E104476F80425625657F4949C95080D0E390A1272DCF3B3C01C999A640216B92D25E5050F001809012109C16049FC1B52E81425624A5233F3F3F5767D2C7A501084EB17E0E3F105018B44939585151F1BE1CFCD36D82D00AF2AA347E6679F0994C3E0285702745F18EE26D9B74B44394B6A0C9963F2B762B76D93517EC0A4D8A67ECF4E1E074E22715F58A27ECCED57AFCA3E261C5037AFE3B3DDEA358AB6D3B6FE0578A5BF57F2BF578A35EBB5E8FD72896E8B52BF4F833BD7699B6CBF438578F17E9B50BF5385D8F71BDE669BB40DB3FD4E6446D8FD7E3770B0B0BBF6DB7BCD3F6597AEDABDAFE921ECFB02B49D93522F4FCB4E2E2E2536C19B72DD0B2139AEC04279B43097A47458A56C5A834587976F05925F644DFF3FEF1E3C71F3771E2C40FD9D19D6834FA51DB07DB173BD744F1493B655DF159EDF3176CBFB53D4AF115BB0F87F6FD1BF6B7D9DF687705D76BE7EAF9798A497AEFF9E687775831C534BD7E816296B6E798878AF97ABE40B150EF5D643EEBB59FEBF952C5B57AFE0BC54DDABEC572A358A558ADB843EFBB5B716F90C707147FD07B1F55FC49DB3596F3E076837FB5FB86D815C1ED02C0561F419D6C57EC54BC60E7D6285EB69AB213CBEC6897B6DFB2616B5077406130CA15B01D85B086E38AD71A94352C6B60D6D05CE1DA7D22ECAE527AED6C6DE75BD16A7B9C5E9B600DD715AC35E8A0615B03BFC88A55DB9768FB526DFF54DB8B5DA1EAB5EBB47D43000E2BD25F0540596B807105AA7F7F488F8F29FEACD7D62715E7DF0360B9C2DC11006D7700B8D6E06CC7BD36B96AC326C5A1BCC34B97772B46A401084501680F2581765FD010FE9B04DB978206F37CD0809E4D02EE534143DB647F9BFD8D06DDA0413E620D5471BFF9610D57DB77594356DC6E0D5BEFFBA5791834F8E50600BDEF6AF3D901D840A1E73F3170E8B5D200C2B314330C307A5EAC287220361029EFDF373059AE2DE70EC60630BB45805D11DC01D940A79AF9B481CF00A8D74E72503640EAB50FDA3C96D51DAD0F0D5655281A15A92CF71E1D00610A3622945DBA4DD1A018D6CF1E425B30C98810CA423DA8A8CEEBDB790D0E0845D88650F66A680085BB7A018303024306847240C38361C4F25EE610E821209443B273196CE97279173D8456E61010CA4D9DA66856CC4C024233430684725BA382B9830A860C0821273B61CA56DD95600542C88973191042082184104208218410420821841042082184104208BD5BFF0348366F0A515148200000000049454E44AE426082, 0, NULL);
INSERT INTO `ACT_DE_MODEL` VALUES ('2c656dd3-9cf4-11eb-a4b2-00163e2e65eb', 'AAAA', 'AAAA', 'AAAA', NULL, '2021-04-14 15:36:49.564000', 'admin', '2021-04-14 15:40:13.874000', 'admin', 1, '{\"modelId\":\"2c656dd3-9cf4-11eb-a4b2-00163e2e65eb\",\"bounds\":{\"lowerRight\":{\"x\":1200,\"y\":1050},\"upperLeft\":{\"x\":0,\"y\":0}},\"properties\":{\"process_id\":\"AAAA\",\"name\":\"AAAA\",\"documentation\":\"AAAA\",\"process_author\":\"\",\"process_version\":\"\",\"process_namespace\":\"http://www.flowable.org/processdef\",\"process_historylevel\":\"\",\"isexecutable\":true,\"dataproperties\":\"\",\"executionlisteners\":\"\",\"eventlisteners\":\"\",\"signaldefinitions\":\"\",\"messagedefinitions\":\"\",\"process_potentialstarteruser\":\"\",\"process_potentialstartergroup\":\"\",\"iseagerexecutionfetch\":\"false\"},\"childShapes\":[{\"resourceId\":\"startEvent1\",\"properties\":{\"overrideid\":\"\",\"name\":\"\",\"documentation\":\"\",\"executionlisteners\":\"\",\"initiator\":\"\",\"formkeydefinition\":\"\",\"formreference\":{\"id\":\"98fc8054-9cf4-11eb-a4b2-00163e2e65eb\",\"name\":\"AAAA\",\"key\":\"SSSS\"},\"formproperties\":\"\"},\"stencil\":{\"id\":\"StartNoneEvent\"},\"childShapes\":[],\"outgoing\":[{\"resourceId\":\"sid-13221B09-77DA-4CBA-ADD8-03B90AE5761C\"}],\"bounds\":{\"lowerRight\":{\"x\":130,\"y\":193},\"upperLeft\":{\"x\":100,\"y\":163}},\"dockers\":[]},{\"resourceId\":\"sid-66F5B005-9CDE-474C-B1DE-83191341B05D\",\"properties\":{\"overrideid\":\"\",\"name\":\"\",\"documentation\":\"\",\"asynchronousdefinition\":\"false\",\"exclusivedefinition\":\"false\",\"executionlisteners\":\"\",\"multiinstance_type\":\"None\",\"multiinstance_cardinality\":\"\",\"multiinstance_collection\":\"\",\"multiinstance_variable\":\"\",\"multiinstance_condition\":\"\",\"isforcompensation\":\"false\",\"usertaskassignment\":\"\",\"formkeydefinition\":\"\",\"formreference\":\"\",\"duedatedefinition\":\"\",\"prioritydefinition\":\"\",\"formproperties\":\"\",\"tasklisteners\":\"\",\"skipexpression\":\"\",\"categorydefinition\":\"\"},\"stencil\":{\"id\":\"UserTask\"},\"childShapes\":[],\"outgoing\":[{\"resourceId\":\"sid-98469DC4-CFBB-464F-82FD-FA03FEE2AD07\"}],\"bounds\":{\"lowerRight\":{\"x\":275,\"y\":218},\"upperLeft\":{\"x\":175,\"y\":138}},\"dockers\":[]},{\"resourceId\":\"sid-13221B09-77DA-4CBA-ADD8-03B90AE5761C\",\"properties\":{\"overrideid\":\"\",\"name\":\"\",\"documentation\":\"\",\"conditionsequenceflow\":\"\",\"executionlisteners\":\"\",\"defaultflow\":\"false\",\"skipexpression\":\"\"},\"stencil\":{\"id\":\"SequenceFlow\"},\"childShapes\":[],\"outgoing\":[{\"resourceId\":\"sid-66F5B005-9CDE-474C-B1DE-83191341B05D\"}],\"bounds\":{\"lowerRight\":{\"x\":174.15625,\"y\":178},\"upperLeft\":{\"x\":130.609375,\"y\":178}},\"dockers\":[{\"x\":15,\"y\":15},{\"x\":50,\"y\":40}],\"target\":{\"resourceId\":\"sid-66F5B005-9CDE-474C-B1DE-83191341B05D\"}},{\"resourceId\":\"sid-522C60E9-1CEB-45B4-A6D1-9ABBE7089776\",\"properties\":{\"overrideid\":\"\",\"name\":\"\",\"documentation\":\"\",\"executionlisteners\":\"\"},\"stencil\":{\"id\":\"EndNoneEvent\"},\"childShapes\":[],\"outgoing\":[],\"bounds\":{\"lowerRight\":{\"x\":348,\"y\":192},\"upperLeft\":{\"x\":320,\"y\":164}},\"dockers\":[]},{\"resourceId\":\"sid-98469DC4-CFBB-464F-82FD-FA03FEE2AD07\",\"properties\":{\"overrideid\":\"\",\"name\":\"\",\"documentation\":\"\",\"conditionsequenceflow\":\"\",\"executionlisteners\":\"\",\"defaultflow\":\"false\",\"skipexpression\":\"\"},\"stencil\":{\"id\":\"SequenceFlow\"},\"childShapes\":[],\"outgoing\":[{\"resourceId\":\"sid-522C60E9-1CEB-45B4-A6D1-9ABBE7089776\"}],\"bounds\":{\"lowerRight\":{\"x\":319.375,\"y\":178},\"upperLeft\":{\"x\":275.390625,\"y\":178}},\"dockers\":[{\"x\":50,\"y\":40},{\"x\":14,\"y\":14}],\"target\":{\"resourceId\":\"sid-522C60E9-1CEB-45B4-A6D1-9ABBE7089776\"}}],\"stencil\":{\"id\":\"BPMNDiagram\"},\"stencilset\":{\"namespace\":\"http://b3mn.org/stencilset/bpmn2.0#\",\"url\":\"../editor/stencilsets/bpmn2.0/bpmn2.0.json\"}}', 0x89504E470D0A1A0A0000000D49484452000000E50000005408060000007D5FF0C6000006CA4944415478DAED9D4D4C545714805DB8E8C2858B2EBAE8A28B2E5C76D145972C9AA68B266D1A511C070614901F63084A0204A21270529B86544949680C4931A10D895D35558111476D4C2C698ADA494A8A8174A440298AE03030787B0E996744479437EFCD0FF37DC9C9380F182FF3EE37E7BE73EFBB6CDB060000000000000000B05531C66C1F1B1BEBBB79F3E6EAE0E0A0E9EFEF276CC6C0C080090683FF4A78E959601B15F2DAB56B667A7ADA44A35122C99899993157AF5E7D2882EEA677812D344322A4E36246257386E85D600B1DB22292F32152AED0BBC0167A2D8444AE4869E85DE09A940B0F26CDD8AD6E7377A065ED519F231E52429AA47C341736772E359BDF7FAA7B1AFA5C8F231F52421AA40C5DF9629D9056E871E4434A48839477FA4F2494528F231F520252222520A516771249A9C7910F29210D528EDEE84828A51E473EA484344D89DCFBF5BB7542EA73C4434A4897944B4B66F497CEF559529EEB71E4434A48B1943A17F9E78DB30987AF7A9CB94AA484544A2999F0F6C5C684425AA15F27632225A440CA57C998504E44444A704FCACD086905222225A4B0FA4A20252025520252124809488994608FE2E2E2374A84AAAAAACB070E1C08171616460A0A0A8CD7EB5D92AFDDF7F97C97E579717E7EFE0EA424B68A94D29FDF957EBD7BDFBE7D35F278421F25BC1E8FE7BD74CAB8B3AEAEAEE7E0C1830BADADADD1402060262626CCFCFCBC511617174D381C36D7AF5F8FB5B5B5CD88ACF3D2E0AFA5E16F2225918D52EEDFBFFF6DE9BF7E9130A489E76521FD7C7AEFDEBDDFCABFDF4F59E39A9A9A3E5719CF9F3FBFB6F5E2EB30373767CE9D3B372B19746ACF9E3D1F222552664B1FC8CBCBDB1ECF88114B3C19151ABFDF6F7A7B7B4D5F5FDF5AB4B7B79B8A8A8A7582CACFF54A567DCBD506D6D6D6B61F3D7A34A659D10EFA73E5E5E5F7E593A41E2991320B86A93B44AE9F2DC95A5A5ACCC8C88889C5621BF6F1CECE4E2399D5127341E233571AD8D0D0F04D737373CC1AA2DA4587B622F75FD9202652E6AE9471216FAB58959595ABC3C3C39BEAE79393936BD9F399CC79C2D1069E3C79325F3364B2423E2BA60C81C7337D288B94B929A50E59AD0C79F8F0E15515CC2E172E5C789A35B5E8E95851A7ACACECB1DD21EBCB181F1F5F94C64E6672F107297353CAF835A45E23AE2423A485FEE90B8FC7F3445E734546881F24DDC0E3C78FFFA8451D3790B177481AD98E944899495556ABA8B3D921EB466851289E2D439A89939A87942CB93C3B3BEB8A945A95954F90FF341B232552664896D4690F23976CAB4EF6752D0E1D3972241617B3C276036B6A6AAA4F9F3E6DDCA4A1A1E1AEBC11A5E93A09F2065D91C843CADC9172A3736ECD436A95D569868686D6B2A58C0E7FB3DDF863C78E0DEB0BB949201098D08BEA349E206B58F1C28942CA2D2B65C2732EC961971EF7F97C2B1B4D7BD825128998A2A2A268FCFF7EC756E32B2B2BE79C2EF03C4F381CD6943E9A0127E8851385945B5ECA75E75C3258813E3F75EA54CCADFEEEF7FB17E2F397F6FE78AE7C622C3B350DB2D1F4884EB066D0097A7AA2903267A4B462541FB528E316DDDDDDD6A2821ADB8D4F051BAD254C6720A57B5266EA39D7D065736EA1AF9DD462821CCD940C5F7374F86ACD4F6674A6CCB16B4A0A3D395EE8B1AE29DBDADA96DDEAEF72BD3A9FD435658E545F9912614A247BAAAFF179CA276E4A595F5F7F279DF3942C1E60F14056CD53EA8A9ED2D2D2282B7A0856F464C88A1EA5B1B1F107B7D6BE7674748CB0F6152959FBBAF96CB953B2E5A21B77894896BCCF5D22489981D972AD0A7BE8D0A1E58CBC4B4489DF4FB9E2F4FD94F2CB7F9CC9270729B99FB2BABA3AE6D4FD948ED74E643CFC65535353D4899D07E4B5FE60E701A4CC64E23B0F84ACFB2A336EE78167AAB15FD5D6D646ED0E6565C8BA545656F6377BF42065369CFF047BF43CB1B3478F6E47E96A43CBCBCB3F2A292979D8D3D3B3AAD5D3D7ADB2767575DDD39D06D8CD8ED88ABBD99D3973C6545555BDB09B9D168E52D2502DFE484AEF12391FB5B6B63ED2F99744FBBE0683C179F974B9575858382B8D3CEBFA767B4889942E56655F67DF57F99E7FE4B1DBB1828E9D794CDD0C48B8E8F3F9FEF67ABD8BDA30F90522454545131E8FE7925EDC66DB26CC488994AFA8CEEED22579CFEF90AE1B30273DDD01488994809404520252222520258194809448094849202520255202522225520252222500522225202552222520255202521248094889948094045202522225E43683838348E47C4444CA157A17D822180C4E4E4F4F239283110E87BF172943F42EB0452010F8746868E8C1D4D4D463844A3E43AA90030303E312BBE95D601BE9409FC827FB2D1D72E9B510613BF4FD0B212400000000000000000000000000000000006427FF03F9AC8E92CC462A7D0000000049454E44AE426082, 0, NULL);
INSERT INTO `ACT_DE_MODEL` VALUES ('35d7e39c-9901-11eb-a4b2-00163e2e65eb', '审批', 'shenpi', '', NULL, '2021-04-09 15:00:04.062000', 'admin', '2021-04-09 15:00:04.062000', 'admin', 1, '{\"id\":\"canvas\",\"resourceId\":\"canvas\",\"stencilset\":{\"namespace\":\"http://b3mn.org/stencilset/bpmn2.0#\"},\"properties\":{\"process_id\":\"shenpi\",\"name\":\"审批\"},\"childShapes\":[{\"bounds\":{\"lowerRight\":{\"x\":130,\"y\":193},\"upperLeft\":{\"x\":100,\"y\":163}},\"childShapes\":[],\"dockers\":[],\"outgoing\":[],\"resourceId\":\"startEvent1\",\"stencil\":{\"id\":\"StartNoneEvent\"}}]}', 0x89504E470D0A1A0A0000000D494844520000002D0000002D08060000003A1AE29A000002E04944415478DAED58DF6B526118DEC52EFA23BA080AEACFF08F48747A5051F157F3D74C10744CA6178A8C5D0B42188B2E4236314B6585919814132744B46A3936E7C19B31AA63FEC8AFF71D79135DCC73BEF38DE03C7038777ECF7978BEE77D5E1716142850F0FF821072ADDD6EDBB3D9ECAB442271EEF178C626938968B55AC271DCD4E9740EC3E1F0613299DC82E7F69593CDE5720F63B1D8D8E7F391743A4D1A8D06E976BB6430181004BEFBFD3ED9DBDB23F051C4EBF54EFD7E7FC766B35999130672E6783CFE33180C5E109A4C26E4B268B55A24140A4DEC76FB07B55A7D8B85BA8BF97CFEA5C3E1208542612EB27FA3542A11B3D92CC8AA3A12AE56AB6FDD6E373938382034D0E97408082058ADD67BB290468591307A9426F0F740ED6F4B4B4B1C750FA3256829FC2FC50D06C31910BF432D25D6D7D787E86139512C1605BD5EFF860AE9EDEDED479812A3D188C80D97CBC54BB609AA8C398CB1C602FBFBFB43C96AE3A4C3CB2725DAE605C4200FD3F48668D2389A33990C6189CDCDCD1690BE2F9A3476091CCD2C51AFD73B40BA209A34969F5EAFC79434CFF37D207D2C9A34B6B559F961053C0F480F4493C67A7915C0734593361A8D53D64A0B82C04B521AE26EC8DAD3A7A7A71F25797A7575F513EBF42897CBCF24A5472A95CAB0CEE9B5B5B5A2A49C8E4422379797977F319C88039D4EF745D24444ACACAC7C66D53DC01A5B40F8B5E49667B158D4814060CC40ED3350B9496D198025B42D779FC6FB832AAB54AA452AA4D163B884CAB5B9409BCCC3193D6A9BCB0C1CC7E941F11FB477C49393931AD8E288FA8E38031474332EA1B414478591B046A309C9FADF071CA005D5CF777676BE4BB89C671B1B1B0FD012F09898FCC3841E07855E805DF866B329CC93C3954AE5317CF43BBC74D43D7C49F277913C54D83E2C0CEF6BB5DA51B7DBEDCD4A16961FEC12BBBBBB4FA3D1E873B0D721924575A9A58404AF5F07D57C40E6093C5FB1A561BDFCF33EC62E81A359F2A453A0408102050AE4C66FB109509232650D3B0000000049454E44AE426082, 0, NULL);
INSERT INTO `ACT_DE_MODEL` VALUES ('38d23703-9b7d-11eb-a4b2-00163e2e65eb', 'test1', 'test22', '', NULL, '2021-04-12 18:52:49.134000', 'admin', '2021-04-12 18:52:49.134000', 'admin', 1, '{\"id\":\"canvas\",\"resourceId\":\"canvas\",\"stencilset\":{\"namespace\":\"http://b3mn.org/stencilset/bpmn2.0#\"},\"properties\":{\"process_id\":\"test22\",\"name\":\"test1\"},\"childShapes\":[{\"bounds\":{\"lowerRight\":{\"x\":130,\"y\":193},\"upperLeft\":{\"x\":100,\"y\":163}},\"childShapes\":[],\"dockers\":[],\"outgoing\":[],\"resourceId\":\"startEvent1\",\"stencil\":{\"id\":\"StartNoneEvent\"}}]}', 0x89504E470D0A1A0A0000000D494844520000002D0000002D08060000003A1AE29A000002E04944415478DAED58DF6B526118DEC52EFA23BA080AEACFF08F48747A5051F157F3D74C10744CA6178A8C5D0B42188B2E4236314B6585919814132744B46A3936E7C19B31AA63FEC8AFF71D79135DCC73BEF38DE03C7038777ECF7978BEE77D5E1716142850F0FF821072ADDD6EDBB3D9ECAB442271EEF178C626938968B55AC271DCD4E9740EC3E1F0613299DC82E7F69593CDE5720F63B1D8D8E7F391743A4D1A8D06E976BB6430181004BEFBFD3ED9DBDB23F051C4EBF54EFD7E7FC766B35999130672E6783CFE33180C5E109A4C26E4B268B55A24140A4DEC76FB07B55A7D8B85BA8BF97CFEA5C3E1208542612EB27FA3542A11B3D92CC8AA3A12AE56AB6FDD6E373938382034D0E97408082058ADD67BB290468591307A9426F0F740ED6F4B4B4B1C750FA3256829FC2FC50D06C31910BF432D25D6D7D787E86139512C1605BD5EFF860AE9EDEDED479812A3D188C80D97CBC54BB609AA8C398CB1C602FBFBFB43C96AE3A4C3CB2725DAE605C4200FD3F48668D2389A33990C6189CDCDCD1690BE2F9A3476091CCD2C51AFD73B40BA209A34969F5EAFC79434CFF37D207D2C9A34B6B559F961053C0F480F4493C67A7915C0734593361A8D53D64A0B82C04B521AE26EC8DAD3A7A7A71F25797A7575F513EBF42897CBCF24A5472A95CAB0CEE9B5B5B5A2A49C8E4422379797977F319C88039D4EF745D24444ACACAC7C66D53DC01A5B40F8B5E49667B158D4814060CC40ED3350B9496D198025B42D779FC6FB832AAB54AA452AA4D163B884CAB5B9409BCCC3193D6A9BCB0C1CC7E941F11FB477C49393931AD8E288FA8E38031474332EA1B414478591B046A309C9FADF071CA005D5CF777676BE4BB89C671B1B1B0FD012F09898FCC3841E07855E805DF866B329CC93C3954AE5317CF43BBC74D43D7C49F277913C54D83E2C0CEF6BB5DA51B7DBEDCD4A16961FEC12BBBBBB4FA3D1E873B0D721924575A9A58404AF5F07D57C40E6093C5FB1A561BDFCF33EC62E81A359F2A453A0408102050AE4C66FB109509232650D3B0000000049454E44AE426082, 0, NULL);
INSERT INTO `ACT_DE_MODEL` VALUES ('57fed622-9b36-11eb-a4b2-00163e2e65eb', '测试', '123123', '', NULL, '2021-04-12 10:25:27.167000', 'admin', '2021-04-12 10:25:27.167000', 'admin', 1, '{\"id\":\"canvas\",\"resourceId\":\"canvas\",\"stencilset\":{\"namespace\":\"http://b3mn.org/stencilset/bpmn2.0#\"},\"properties\":{\"process_id\":\"123123\",\"name\":\"测试\"},\"childShapes\":[{\"bounds\":{\"lowerRight\":{\"x\":130,\"y\":193},\"upperLeft\":{\"x\":100,\"y\":163}},\"childShapes\":[],\"dockers\":[],\"outgoing\":[],\"resourceId\":\"startEvent1\",\"stencil\":{\"id\":\"StartNoneEvent\"}}]}', 0x89504E470D0A1A0A0000000D494844520000002D0000002D08060000003A1AE29A000002E04944415478DAED58DF6B526118DEC52EFA23BA080AEACFF08F48747A5051F157F3D74C10744CA6178A8C5D0B42188B2E4236314B6585919814132744B46A3936E7C19B31AA63FEC8AFF71D79135DCC73BEF38DE03C7038777ECF7978BEE77D5E1716142850F0FF821072ADDD6EDBB3D9ECAB442271EEF178C626938968B55AC271DCD4E9740EC3E1F0613299DC82E7F69593CDE5720F63B1D8D8E7F391743A4D1A8D06E976BB6430181004BEFBFD3ED9DBDB23F051C4EBF54EFD7E7FC766B35999130672E6783CFE33180C5E109A4C26E4B268B55A24140A4DEC76FB07B55A7D8B85BA8BF97CFEA5C3E1208542612EB27FA3542A11B3D92CC8AA3A12AE56AB6FDD6E373938382034D0E97408082058ADD67BB290468591307A9426F0F740ED6F4B4B4B1C750FA3256829FC2FC50D06C31910BF432D25D6D7D787E86139512C1605BD5EFF860AE9EDEDED479812A3D188C80D97CBC54BB609AA8C398CB1C602FBFBFB43C96AE3A4C3CB2725DAE605C4200FD3F48668D2389A33990C6189CDCDCD1690BE2F9A3476091CCD2C51AFD73B40BA209A34969F5EAFC79434CFF37D207D2C9A34B6B559F961053C0F480F4493C67A7915C0734593361A8D53D64A0B82C04B521AE26EC8DAD3A7A7A71F25797A7575F513EBF42897CBCF24A5472A95CAB0CEE9B5B5B5A2A49C8E4422379797977F319C88039D4EF745D24444ACACAC7C66D53DC01A5B40F8B5E49667B158D4814060CC40ED3350B9496D198025B42D779FC6FB832AAB54AA452AA4D163B884CAB5B9409BCCC3193D6A9BCB0C1CC7E941F11FB477C49393931AD8E288FA8E38031474332EA1B414478591B046A309C9FADF071CA005D5CF777676BE4BB89C671B1B1B0FD012F09898FCC3841E07855E805DF866B329CC93C3954AE5317CF43BBC74D43D7C49F277913C54D83E2C0CEF6BB5DA51B7DBEDCD4A16961FEC12BBBBBB4FA3D1E873B0D721924575A9A58404AF5F07D57C40E6093C5FB1A561BDFCF33EC62E81A359F2A453A0408102050AE4C66FB109509232650D3B0000000049454E44AE426082, 0, NULL);
INSERT INTO `ACT_DE_MODEL` VALUES ('5e4ddf6d-9905-11eb-a4b2-00163e2e65eb', 'test', 'test', '', NULL, '2021-04-09 15:29:50.058000', 'admin', '2021-04-09 15:30:18.317000', 'admin', 1, '{\"modelId\":\"5e4ddf6d-9905-11eb-a4b2-00163e2e65eb\",\"bounds\":{\"lowerRight\":{\"x\":1200,\"y\":1050},\"upperLeft\":{\"x\":0,\"y\":0}},\"properties\":{\"process_id\":\"test\",\"name\":\"test\",\"documentation\":\"\",\"process_author\":\"\",\"process_version\":\"\",\"process_namespace\":\"http://www.flowable.org/processdef\",\"process_historylevel\":\"\",\"isexecutable\":true,\"dataproperties\":\"\",\"executionlisteners\":\"\",\"eventlisteners\":\"\",\"signaldefinitions\":\"\",\"messagedefinitions\":\"\",\"process_potentialstarteruser\":\"\",\"process_potentialstartergroup\":\"\",\"iseagerexecutionfetch\":\"false\"},\"childShapes\":[{\"resourceId\":\"startEvent1\",\"properties\":{\"overrideid\":\"\",\"name\":\"\",\"documentation\":\"\",\"executionlisteners\":\"\",\"initiator\":\"\",\"formkeydefinition\":\"\",\"formreference\":\"\",\"formproperties\":\"\"},\"stencil\":{\"id\":\"StartNoneEvent\"},\"childShapes\":[],\"outgoing\":[{\"resourceId\":\"sid-E3CA7B11-13B3-43E4-A89D-874F3E9C106E\"}],\"bounds\":{\"lowerRight\":{\"x\":130,\"y\":193},\"upperLeft\":{\"x\":100,\"y\":163}},\"dockers\":[]},{\"resourceId\":\"sid-FFA0271C-8118-4BAF-915A-66C54A18EBB8\",\"properties\":{\"overrideid\":\"\",\"name\":\"\",\"documentation\":\"\",\"asynchronousdefinition\":\"false\",\"exclusivedefinition\":\"false\",\"executionlisteners\":\"\",\"multiinstance_type\":\"None\",\"multiinstance_cardinality\":\"\",\"multiinstance_collection\":\"\",\"multiinstance_variable\":\"\",\"multiinstance_condition\":\"\",\"isforcompensation\":\"false\",\"usertaskassignment\":\"\",\"formkeydefinition\":\"\",\"formreference\":\"\",\"duedatedefinition\":\"\",\"prioritydefinition\":\"\",\"formproperties\":\"\",\"tasklisteners\":\"\",\"skipexpression\":\"\",\"categorydefinition\":\"\"},\"stencil\":{\"id\":\"UserTask\"},\"childShapes\":[],\"outgoing\":[{\"resourceId\":\"sid-17DD4576-BD25-41A9-A9B7-0008E52A2C9A\"}],\"bounds\":{\"lowerRight\":{\"x\":385,\"y\":275},\"upperLeft\":{\"x\":285,\"y\":195}},\"dockers\":[]},{\"resourceId\":\"sid-E3CA7B11-13B3-43E4-A89D-874F3E9C106E\",\"properties\":{\"overrideid\":\"\",\"name\":\"\",\"documentation\":\"\",\"conditionsequenceflow\":\"\",\"executionlisteners\":\"\",\"defaultflow\":\"false\",\"skipexpression\":\"\"},\"stencil\":{\"id\":\"SequenceFlow\"},\"childShapes\":[],\"outgoing\":[{\"resourceId\":\"sid-FFA0271C-8118-4BAF-915A-66C54A18EBB8\"}],\"bounds\":{\"lowerRight\":{\"x\":284.1953125,\"y\":235},\"upperLeft\":{\"x\":130.453125,\"y\":178}},\"dockers\":[{\"x\":15,\"y\":15},{\"x\":207.5,\"y\":178},{\"x\":207.5,\"y\":235},{\"x\":50,\"y\":40}],\"target\":{\"resourceId\":\"sid-FFA0271C-8118-4BAF-915A-66C54A18EBB8\"}},{\"resourceId\":\"sid-25D1BF53-5E26-48FB-BDE7-A74A9322D27E\",\"properties\":{\"overrideid\":\"\",\"name\":\"\",\"documentation\":\"\",\"asynchronousdefinition\":\"false\",\"exclusivedefinition\":\"false\",\"executionlisteners\":\"\",\"multiinstance_type\":\"None\",\"multiinstance_cardinality\":\"\",\"multiinstance_collection\":\"\",\"multiinstance_variable\":\"\",\"multiinstance_condition\":\"\",\"isforcompensation\":\"false\",\"usertaskassignment\":\"\",\"formkeydefinition\":\"\",\"formreference\":\"\",\"duedatedefinition\":\"\",\"prioritydefinition\":\"\",\"formproperties\":\"\",\"tasklisteners\":\"\",\"skipexpression\":\"\",\"categorydefinition\":\"\"},\"stencil\":{\"id\":\"UserTask\"},\"childShapes\":[],\"outgoing\":[{\"resourceId\":\"sid-8F942AD1-262C-40C9-8090-014D93EFBE07\"}],\"bounds\":{\"lowerRight\":{\"x\":655,\"y\":245},\"upperLeft\":{\"x\":555,\"y\":165}},\"dockers\":[]},{\"resourceId\":\"sid-17DD4576-BD25-41A9-A9B7-0008E52A2C9A\",\"properties\":{\"overrideid\":\"\",\"name\":\"\",\"documentation\":\"\",\"conditionsequenceflow\":\"\",\"executionlisteners\":\"\",\"defaultflow\":\"false\",\"skipexpression\":\"\"},\"stencil\":{\"id\":\"SequenceFlow\"},\"childShapes\":[],\"outgoing\":[{\"resourceId\":\"sid-25D1BF53-5E26-48FB-BDE7-A74A9322D27E\"}],\"bounds\":{\"lowerRight\":{\"x\":554.4296875,\"y\":235},\"upperLeft\":{\"x\":385.5703125,\"y\":205}},\"dockers\":[{\"x\":50,\"y\":40},{\"x\":470,\"y\":235},{\"x\":470,\"y\":205},{\"x\":50,\"y\":40}],\"target\":{\"resourceId\":\"sid-25D1BF53-5E26-48FB-BDE7-A74A9322D27E\"}},{\"resourceId\":\"sid-1DD5DCC6-60BE-432E-AAAD-DBF91E98402D\",\"properties\":{\"overrideid\":\"\",\"name\":\"\",\"documentation\":\"\",\"asynchronousdefinition\":\"false\",\"exclusivedefinition\":\"false\",\"executionlisteners\":\"\",\"multiinstance_type\":\"None\",\"multiinstance_cardinality\":\"\",\"multiinstance_collection\":\"\",\"multiinstance_variable\":\"\",\"multiinstance_condition\":\"\",\"isforcompensation\":\"false\",\"usertaskassignment\":\"\",\"formkeydefinition\":\"\",\"formreference\":\"\",\"duedatedefinition\":\"\",\"prioritydefinition\":\"\",\"formproperties\":\"\",\"tasklisteners\":\"\",\"skipexpression\":\"\",\"categorydefinition\":\"\"},\"stencil\":{\"id\":\"UserTask\"},\"childShapes\":[],\"outgoing\":[{\"resourceId\":\"sid-6645CFEA-DB63-408B-9EDC-FBAEBB5AF47E\"}],\"bounds\":{\"lowerRight\":{\"x\":800,\"y\":245},\"upperLeft\":{\"x\":700,\"y\":165}},\"dockers\":[]},{\"resourceId\":\"sid-8F942AD1-262C-40C9-8090-014D93EFBE07\",\"properties\":{\"overrideid\":\"\",\"name\":\"\",\"documentation\":\"\",\"conditionsequenceflow\":\"\",\"executionlisteners\":\"\",\"defaultflow\":\"false\",\"skipexpression\":\"\"},\"stencil\":{\"id\":\"SequenceFlow\"},\"childShapes\":[],\"outgoing\":[{\"resourceId\":\"sid-1DD5DCC6-60BE-432E-AAAD-DBF91E98402D\"}],\"bounds\":{\"lowerRight\":{\"x\":699.15625,\"y\":205},\"upperLeft\":{\"x\":655.84375,\"y\":205}},\"dockers\":[{\"x\":50,\"y\":40},{\"x\":50,\"y\":40}],\"target\":{\"resourceId\":\"sid-1DD5DCC6-60BE-432E-AAAD-DBF91E98402D\"}},{\"resourceId\":\"sid-BB8B59F3-04AD-457A-A6B3-AC83FCFF0D1B\",\"properties\":{\"overrideid\":\"\",\"name\":\"\",\"documentation\":\"\",\"executionlisteners\":\"\"},\"stencil\":{\"id\":\"EndNoneEvent\"},\"childShapes\":[],\"outgoing\":[],\"bounds\":{\"lowerRight\":{\"x\":873,\"y\":219},\"upperLeft\":{\"x\":845,\"y\":191}},\"dockers\":[]},{\"resourceId\":\"sid-6645CFEA-DB63-408B-9EDC-FBAEBB5AF47E\",\"properties\":{\"overrideid\":\"\",\"name\":\"\",\"documentation\":\"\",\"conditionsequenceflow\":\"\",\"executionlisteners\":\"\",\"defaultflow\":\"false\",\"skipexpression\":\"\"},\"stencil\":{\"id\":\"SequenceFlow\"},\"childShapes\":[],\"outgoing\":[{\"resourceId\":\"sid-BB8B59F3-04AD-457A-A6B3-AC83FCFF0D1B\"}],\"bounds\":{\"lowerRight\":{\"x\":844.375,\"y\":205},\"upperLeft\":{\"x\":800.390625,\"y\":205}},\"dockers\":[{\"x\":50,\"y\":40},{\"x\":14,\"y\":14}],\"target\":{\"resourceId\":\"sid-BB8B59F3-04AD-457A-A6B3-AC83FCFF0D1B\"}}],\"stencil\":{\"id\":\"BPMNDiagram\"},\"stencilset\":{\"namespace\":\"http://b3mn.org/stencilset/bpmn2.0#\",\"url\":\"../editor/stencilsets/bpmn2.0/bpmn2.0.json\"}}', 0x89504E470D0A1A0A0000000D494844520000011900000035080600000075099FEE000005144944415478DAED9D5D685B6518C757F0C2DDA978255E087EDC28EC66C2141411D9850E76639336E977A5C494829A7AE54D9096425AA5E0E7955229B438E832D616D6A6B54D992BEE467150DDB422124A5BD7AD8C65C6743B3E4F3C6794A2615B4EDF9373F2FBC19F932CA76D9EE63CBFBEE7CD7BB2030700000000000000000000A076181C1C7CA9AFAFEFA7582C566C6868B0BABABA7692C9E4A5542AF52ABF1D700BCBB2EE5B5D5D3DB1BCBC7C736E6ECE9A9D9D35964C266365B3D93F254DD46198A1A1A137542AE974DACAE57296B2B1B1614D4F4F9764333C3C9CA03DC00DB4319796964AC757A150309ECDCD4D6B7171715B1AF575EA30444747C7211149D191CB5EF4DF7574138FC79FA745A052F42FBFD398D7AEE4AC1FA6DE2D6D0D37684146042BD46188DEDEDE6F7404530E1DD124128973B408548A9E5A384D726136596A4EDD9A1E09487316A9C3109D9D9DD7FE6F14E3A0C69611CF755A042A45E7149C06B974F6E35273EAD683E6B4A8C3103AC97B27E87E26433B065F3217CF7E546A4EDDFA59327EAEC308ADADAD5B77329291FDB64D8A8F760CB664B429F7C68F92F17B1D46686F6F1F9F9898289493CCE4E4E45F72BA740AC9809B23192FE3E648C6CF7518211C0E3FA3A39472EF2E8988AE4AE31F46328064822B19E9BBC7243149B2B1B1F1ADFAFAFA275C7BE143A1D02B2D2D2D57D2E9747E6D6DEDF629D2D4D4545E04B329223A667A9E8876443248C68C64DADADA1E10A98C49DFDDD83B372ABD7F521E7BD8B5114D341AFDAAB9B97943BFB96C2F3735357D6D72048364900C92315B872D980BDA73D2FFD6C0C080353A3A5ADA4622915BB66C7E734D34D58229C9B0341CC9D47A1DF608C6EAE9E9B1F64E99E8FDEEEEEE1D67448364EE81DD4BC3BD58B5E9ABA5E148267075E81C8C4866474730E5E664654473537BD2D5399A5A91CCEEA5E15EADDAF4CDD2F0CA5FD3159D50F47B7306A10EA706C9FBDA6B7A6A548EFEFEFEEBBA9F4E062399BB64F7D2708F576D16BDFA3D9B4E35352775FC9B919191B292191B1B73F64D22990A86BCB5B86AD38B09764E97AAEA7429C648C6D0015FABAB36910C7332CCC970C0231924E3E9BB4BF178FC6FDE5DE240413248E69ED17532F64470695D8CB34E26954ADD629D0C073C9241326EAFF82DFEC7C4F0E9C00906C920192413C06B97900C9241321C3B35059241324806C9F8FAE09773D0FB3950900C75D42E75F684535E7259F287E4A2E47BC939C99C64527242CE1B47C2E1F0E772FB4349BFDC7E4FF28E9E57CA63AD72BB5E3FA6426EBF2C794E6E1F923C258F6FCBFDE12A3B50EAE41CF860241279509EDF23F23C1FD72BE325CF8642A117657B54725CD2206997E71F9724B466D9F6493E90AFFB54F2A5645C92969C916425E7257AA5EDAF929C64CBB9ACDFF48BBB7B95B587B9E1E60789FBB98E9A168D369CE4A16834FAA834DE93B6208EA830A4395EB305D2624F54BDED349B2D9CCF544012FDA88AD3B698BEB545F5B3DD60F96A91CCCCCC8C4A75C716EB962D825F243F4ABEB345A1C248EBBB00922FA4DE4F542C5AB32357C99BB24F9B2D2215D251B9FF827E5C87ECF7B48A4B05A622B3477375A65FD86C36BBE6D5FF55E42497CB8D577ABD5850EA0086EE81637E7EFEF8C2C2C2D5F5F5F5BC177FF9B5313399CCEF955EF91E943A00C90412698C6352F3791DEA9BFC0C1FFBE7ADB8D59841A903900C002019240300480600900C002019240300480600900C9201083E2C0D07807D85A5E100B0AFB0341C00F61D9686030000000000000000000000000000000000000040D5F00FD794D499811285DB0000000049454E44AE426082, 0, NULL);
INSERT INTO `ACT_DE_MODEL` VALUES ('9506d158-9cce-11eb-a4b2-00163e2e65eb', '32', '23', '', NULL, '2021-04-14 11:07:44.228000', 'admin', '2021-04-14 11:07:44.228000', 'admin', 1, '{\"id\":\"canvas\",\"resourceId\":\"canvas\",\"stencilset\":{\"namespace\":\"http://b3mn.org/stencilset/bpmn2.0#\"},\"properties\":{\"process_id\":\"23\",\"name\":\"32\"},\"childShapes\":[{\"bounds\":{\"lowerRight\":{\"x\":130,\"y\":193},\"upperLeft\":{\"x\":100,\"y\":163}},\"childShapes\":[],\"dockers\":[],\"outgoing\":[],\"resourceId\":\"startEvent1\",\"stencil\":{\"id\":\"StartNoneEvent\"}}]}', 0x89504E470D0A1A0A0000000D494844520000002D0000002D08060000003A1AE29A000002E04944415478DAED58DF6B526118DEC52EFA23BA080AEACFF08F48747A5051F157F3D74C10744CA6178A8C5D0B42188B2E4236314B6585919814132744B46A3936E7C19B31AA63FEC8AFF71D79135DCC73BEF38DE03C7038777ECF7978BEE77D5E1716142850F0FF821072ADDD6EDBB3D9ECAB442271EEF178C626938968B55AC271DCD4E9740EC3E1F0613299DC82E7F69593CDE5720F63B1D8D8E7F391743A4D1A8D06E976BB6430181004BEFBFD3ED9DBDB23F051C4EBF54EFD7E7FC766B35999130672E6783CFE33180C5E109A4C26E4B268B55A24140A4DEC76FB07B55A7D8B85BA8BF97CFEA5C3E1208542612EB27FA3542A11B3D92CC8AA3A12AE56AB6FDD6E373938382034D0E97408082058ADD67BB290468591307A9426F0F740ED6F4B4B4B1C750FA3256829FC2FC50D06C31910BF432D25D6D7D787E86139512C1605BD5EFF860AE9EDEDED479812A3D188C80D97CBC54BB609AA8C398CB1C602FBFBFB43C96AE3A4C3CB2725DAE605C4200FD3F48668D2389A33990C6189CDCDCD1690BE2F9A3476091CCD2C51AFD73B40BA209A34969F5EAFC79434CFF37D207D2C9A34B6B559F961053C0F480F4493C67A7915C0734593361A8D53D64A0B82C04B521AE26EC8DAD3A7A7A71F25797A7575F513EBF42897CBCF24A5472A95CAB0CEE9B5B5B5A2A49C8E4422379797977F319C88039D4EF745D24444ACACAC7C66D53DC01A5B40F8B5E49667B158D4814060CC40ED3350B9496D198025B42D779FC6FB832AAB54AA452AA4D163B884CAB5B9409BCCC3193D6A9BCB0C1CC7E941F11FB477C49393931AD8E288FA8E38031474332EA1B414478591B046A309C9FADF071CA005D5CF777676BE4BB89C671B1B1B0FD012F09898FCC3841E07855E805DF866B329CC93C3954AE5317CF43BBC74D43D7C49F277913C54D83E2C0CEF6BB5DA51B7DBEDCD4A16961FEC12BBBBBB4FA3D1E873B0D721924575A9A58404AF5F07D57C40E6093C5FB1A561BDFCF33EC62E81A359F2A453A0408102050AE4C66FB109509232650D3B0000000049454E44AE426082, 0, NULL);
INSERT INTO `ACT_DE_MODEL` VALUES ('98fc8054-9cf4-11eb-a4b2-00163e2e65eb', 'AAAA', 'SSSS', 'AAAA', NULL, '2021-04-14 15:39:51.757000', 'admin', '2021-04-14 15:40:01.000000', 'admin', 1, '{\"name\":\"AAAA\",\"key\":\"SSSS\",\"version\":0,\"fields\":[{\"fieldType\":\"FormField\",\"id\":\"label\",\"name\":\"Label\",\"type\":\"text\",\"required\":false,\"readOnly\":false,\"overrideId\":false},{\"fieldType\":\"FormField\",\"id\":\"label\",\"name\":\"Label\",\"type\":\"text\",\"required\":false,\"readOnly\":false,\"overrideId\":false}],\"outcomes\":[]}', 0x89504E470D0A1A0A0000000D494844520000012C0000006C0806000000D0528FAD0000069649444154785EEDDDBD6B146B1407E0377E232851C90768616B6565235858D858686561A1F14F100B3BB1B0B7117B3F0A112B1B112B1B2B05C14E44111414C50444D4356A2E33984B04EF4D7276F638B3FB2C0414F6EC39F3BCC38FCD6676DEB15EAFB7503C081020D001813181D5815532220102B580C072221020D0190181D599A53228010202CB39408040670404566796CAA00408082CE70001029D115836B01616164AF5E3418000810C81B1B1B152FDFCE9B16C60BD7FFFBE4C4C4C64CCA907010204CAF7EFDFCBBA75EB049673810081F60B08ACF6AF91090910F825D057607DFCF8B16CDDBAB57EA91B376E94E3C78FFF0B7BE7CE9D72F8F0E1DFA0E7E6E6CAB66DDBE01320402024D058605DBC78B19C3973A6DCBD7BB77CFAF4A9CCCECE96F1F1F172ECD8B172EBD6AD3ABC3E7FFE5C26272743832A22408040E38175E9D2A5323F3F5F76ECD8514E9C3851DEBD7B57A6A7A76BE9EADF02CB4947804054A0B1C07AFBF66DFD097EF527C7EA53FCF5EBD7972F5FBE949D3B7796D7AF5F975DBB76FDEF27FCD103504780C0E808341658A343E6480910F85B0202EB6FC9EB4B80C0AA051A0BAC356BD6FCE7055DAB9E4A010102047E09BC7AF5AA4C4D4DD5FF13584E0B02045A2D507D3EBE7DFB7681D5EA55321C0102B5C0870F1FCA962D5B0496F3810081F60B0C34B09E3F7F5E1E3C7850F6ECD953F6EDDBD77E0D131220D06A8181065675E4172E5C28E7CE9D2BE7CF9F2FA74F9FAEAFC3BA77EF5E79F1E245B97CF972AB710C478040BB045202EBECD9B3F55771366CD8507F35E7D4A953E5F6EDDBE5E8D1A3EDD2300D0102AD161878603D7CF8B0FE75B0FA5EE1A143874AAFD72B4F9E3CA9AF7C3F78F060AB710C478040BB04DEBC79537FD5AF7AF47559C3D21BF8B90EAB5D8B6C1A02C322D0D87558EE383A2CA784E320D00D81C6DE6175E3704D4980409705FA0AACEABE575FBF7EEDF2F19B9D00810E095437005DBB76ED1F275E76138A0E1DA75109101872018135E40BECF0080C9380C01AA6D5742C04865C40600DF9023B3C02C32420B08669351D0B8121175836B0BE7DFB565F79EA418000810C814D9B3695EA22F53F3D960D2C178E662C911E04082C0AF4751D96C072221120902920B032B5F52240A02F81BE026BE956F58B3B3F2F4E73EDDAB572F2E4C9DF86B3916A5F6BA598C0C80B341E58F7EFDF2F4F9F3EAD3F8CDFBF7F7FD9BB776F79FCF871D9BD7B77F9F1E3879D9F47FE940340202ED078605DBD7AB5BE697CF59D9F999999FADF131313F584DE61C5174A2501027DDE0F6BE9AF8430091020306881C6DE610D7A50AF4F80000181E51C2040A033028D05965B247766CD0D4AA053028DDD2279E9675802AB53E78061097446A0FA63DDF8F8783DAF77589D59368312184D81816FF3359AAC8E9A008141080C34B01E3D7A546EDEBC590E1C38508E1C393288F9BD260102232430D0C0AA1C17B7AABF7EFD7ABD716AB555FDCB972FCBB367CFEA2DEC3D081020B0528194C0AAB6AADFB871633DD3952B576C55BFD2D5F13C02047E13187860550DAAADA5AB2DA6A7A7A7CBCF9F3FCBDCDC5CFD5DC2A9A929CB41800081150B54BFA14D4E4ED6CFEFEBAF84B6AA5FB1B9271220101468EC3A2C37F00BAE8032020442028DBDC30A7557448000815508F41558BD5EAFCCCFCFAFA29DA7122040202EB079F3E6F82614F1B62A091020D0ACC0B2BBE634DBCEAB112040202E20B0E2762A091048161058C9E0DA112010171058713B950408240B08AC6470ED0810880B08ACB89D4A02049205045632B8760408C4050456DC4E250102C902022B195C3B0204E202022B6EA7920081640181950CAE1D010271018115B753498040B280C04A06D78E0081B880C08ADBA924402059406025836B4780405C4060C5ED541220902C20B092C1B52340202E20B0E2762A091048161058C9E0DA112010171058713B950408240B08AC6470ED0810880B08ACB89D4A02049205045632B8760408C4050456DC4E250102C902022B195C3B0204E202022B6EA7920081640181950CAE1D010271018115B753498040B280C04A06D78E0081B880C08ADBA924402059406025836B4780405C4060C5ED541220902C20B092C1B52340202E20B0E2762A091048161058C9E0DA112010171058713B950408240B08AC6470ED0810880B08ACB89D4A02049205045632B8760408C4050456DC4E250102C902022B195C3B0204E202022B6EA7920081640181950CAE1D010271018115B753498040B280C04A06D78E0081B880C08ADBA924402059406025836B4780405C4060C5ED541220902C20B092C1B52340202E20B0E2762A091048161058C9E0DA11201017F8070C97A552398192CB0000000049454E44AE426082, 2, NULL);
INSERT INTO `ACT_DE_MODEL` VALUES ('afb9a666-9bfe-11eb-a4b2-00163e2e65eb', '77', '77', '77', NULL, '2021-04-13 10:19:33.701000', 'admin', '2021-04-13 10:19:33.701000', 'admin', 1, '{\"id\":\"canvas\",\"resourceId\":\"canvas\",\"stencilset\":{\"namespace\":\"http://b3mn.org/stencilset/bpmn2.0#\"},\"properties\":{\"process_id\":\"77\",\"name\":\"77\",\"documentation\":\"77\"},\"childShapes\":[{\"bounds\":{\"lowerRight\":{\"x\":130,\"y\":193},\"upperLeft\":{\"x\":100,\"y\":163}},\"childShapes\":[],\"dockers\":[],\"outgoing\":[],\"resourceId\":\"startEvent1\",\"stencil\":{\"id\":\"StartNoneEvent\"}}]}', 0x89504E470D0A1A0A0000000D494844520000002D0000002D08060000003A1AE29A000002E04944415478DAED58DF6B526118DEC52EFA23BA080AEACFF08F48747A5051F157F3D74C10744CA6178A8C5D0B42188B2E4236314B6585919814132744B46A3936E7C19B31AA63FEC8AFF71D79135DCC73BEF38DE03C7038777ECF7978BEE77D5E1716142850F0FF821072ADDD6EDBB3D9ECAB442271EEF178C626938968B55AC271DCD4E9740EC3E1F0613299DC82E7F69593CDE5720F63B1D8D8E7F391743A4D1A8D06E976BB6430181004BEFBFD3ED9DBDB23F051C4EBF54EFD7E7FC766B35999130672E6783CFE33180C5E109A4C26E4B268B55A24140A4DEC76FB07B55A7D8B85BA8BF97CFEA5C3E1208542612EB27FA3542A11B3D92CC8AA3A12AE56AB6FDD6E373938382034D0E97408082058ADD67BB290468591307A9426F0F740ED6F4B4B4B1C750FA3256829FC2FC50D06C31910BF432D25D6D7D787E86139512C1605BD5EFF860AE9EDEDED479812A3D188C80D97CBC54BB609AA8C398CB1C602FBFBFB43C96AE3A4C3CB2725DAE605C4200FD3F48668D2389A33990C6189CDCDCD1690BE2F9A3476091CCD2C51AFD73B40BA209A34969F5EAFC79434CFF37D207D2C9A34B6B559F961053C0F480F4493C67A7915C0734593361A8D53D64A0B82C04B521AE26EC8DAD3A7A7A71F25797A7575F513EBF42897CBCF24A5472A95CAB0CEE9B5B5B5A2A49C8E4422379797977F319C88039D4EF745D24444ACACAC7C66D53DC01A5B40F8B5E49667B158D4814060CC40ED3350B9496D198025B42D779FC6FB832AAB54AA452AA4D163B884CAB5B9409BCCC3193D6A9BCB0C1CC7E941F11FB477C49393931AD8E288FA8E38031474332EA1B414478591B046A309C9FADF071CA005D5CF777676BE4BB89C671B1B1B0FD012F09898FCC3841E07855E805DF866B329CC93C3954AE5317CF43BBC74D43D7C49F277913C54D83E2C0CEF6BB5DA51B7DBEDCD4A16961FEC12BBBBBB4FA3D1E873B0D721924575A9A58404AF5F07D57C40E6093C5FB1A561BDFCF33EC62E81A359F2A453A0408102050AE4C66FB109509232650D3B0000000049454E44AE426082, 0, NULL);
INSERT INTO `ACT_DE_MODEL` VALUES ('cb7408de-98d4-11eb-b75a-00163e2e65eb', '年假申请', '下', '', NULL, '2021-04-09 09:42:07.867000', 'admin', '2021-04-09 09:42:07.867000', 'admin', 1, '{\"id\":\"canvas\",\"resourceId\":\"canvas\",\"stencilset\":{\"namespace\":\"http://b3mn.org/stencilset/bpmn2.0#\"},\"properties\":{\"process_id\":\"下\",\"name\":\"年假申请\"},\"childShapes\":[{\"bounds\":{\"lowerRight\":{\"x\":130,\"y\":193},\"upperLeft\":{\"x\":100,\"y\":163}},\"childShapes\":[],\"dockers\":[],\"outgoing\":[],\"resourceId\":\"startEvent1\",\"stencil\":{\"id\":\"StartNoneEvent\"}}]}', 0x89504E470D0A1A0A0000000D494844520000002D0000002D08060000003A1AE29A000002E04944415478DAED58DF6B526118DEC52EFA23BA080AEACFF08F48747A5051F157F3D74C10744CA6178A8C5D0B42188B2E4236314B6585919814132744B46A3936E7C19B31AA63FEC8AFF71D79135DCC73BEF38DE03C7038777ECF7978BEE77D5E1716142850F0FF821072ADDD6EDBB3D9ECAB442271EEF178C626938968B55AC271DCD4E9740EC3E1F0613299DC82E7F69593CDE5720F63B1D8D8E7F391743A4D1A8D06E976BB6430181004BEFBFD3ED9DBDB23F051C4EBF54EFD7E7FC766B35999130672E6783CFE33180C5E109A4C26E4B268B55A24140A4DEC76FB07B55A7D8B85BA8BF97CFEA5C3E1208542612EB27FA3542A11B3D92CC8AA3A12AE56AB6FDD6E373938382034D0E97408082058ADD67BB290468591307A9426F0F740ED6F4B4B4B1C750FA3256829FC2FC50D06C31910BF432D25D6D7D787E86139512C1605BD5EFF860AE9EDEDED479812A3D188C80D97CBC54BB609AA8C398CB1C602FBFBFB43C96AE3A4C3CB2725DAE605C4200FD3F48668D2389A33990C6189CDCDCD1690BE2F9A3476091CCD2C51AFD73B40BA209A34969F5EAFC79434CFF37D207D2C9A34B6B559F961053C0F480F4493C67A7915C0734593361A8D53D64A0B82C04B521AE26EC8DAD3A7A7A71F25797A7575F513EBF42897CBCF24A5472A95CAB0CEE9B5B5B5A2A49C8E4422379797977F319C88039D4EF745D24444ACACAC7C66D53DC01A5B40F8B5E49667B158D4814060CC40ED3350B9496D198025B42D779FC6FB832AAB54AA452AA4D163B884CAB5B9409BCCC3193D6A9BCB0C1CC7E941F11FB477C49393931AD8E288FA8E38031474332EA1B414478591B046A309C9FADF071CA005D5CF777676BE4BB89C671B1B1B0FD012F09898FCC3841E07855E805DF866B329CC93C3954AE5317CF43BBC74D43D7C49F277913C54D83E2C0CEF6BB5DA51B7DBEDCD4A16961FEC12BBBBBB4FA3D1E873B0D721924575A9A58404AF5F07D57C40E6093C5FB1A561BDFCF33EC62E81A359F2A453A0408102050AE4C66FB109509232650D3B0000000049454E44AE426082, 0, NULL);
INSERT INTO `ACT_DE_MODEL` VALUES ('f263cd17-9cc1-11eb-a4b2-00163e2e65eb', '年假申请', 'annual_leave', '', NULL, '2021-04-14 09:37:17.394000', 'admin', '2021-04-14 09:38:08.125000', 'admin', 1, '{\"modelId\":\"f263cd17-9cc1-11eb-a4b2-00163e2e65eb\",\"bounds\":{\"lowerRight\":{\"x\":1200,\"y\":1050},\"upperLeft\":{\"x\":0,\"y\":0}},\"properties\":{\"process_id\":\"annual_leave\",\"name\":\"年假申请\",\"documentation\":\"\",\"process_author\":\"\",\"process_version\":\"\",\"process_namespace\":\"http://www.flowable.org/processdef\",\"process_historylevel\":\"\",\"isexecutable\":true,\"dataproperties\":\"\",\"executionlisteners\":\"\",\"eventlisteners\":\"\",\"signaldefinitions\":\"\",\"messagedefinitions\":\"\",\"process_potentialstarteruser\":\"\",\"process_potentialstartergroup\":\"\",\"iseagerexecutionfetch\":\"false\"},\"childShapes\":[{\"resourceId\":\"startEvent1\",\"properties\":{\"overrideid\":\"\",\"name\":\"\",\"documentation\":\"\",\"executionlisteners\":\"\",\"initiator\":\"\",\"formkeydefinition\":\"\",\"formreference\":\"\",\"formproperties\":\"\"},\"stencil\":{\"id\":\"StartNoneEvent\"},\"childShapes\":[],\"outgoing\":[{\"resourceId\":\"sid-B7E6125F-8598-4966-84F8-000AC57087BD\"}],\"bounds\":{\"lowerRight\":{\"x\":180,\"y\":193},\"upperLeft\":{\"x\":150,\"y\":163}},\"dockers\":[]},{\"resourceId\":\"sid-DD46331B-1C7B-4F45-9CDE-BAF15F03E345\",\"properties\":{\"overrideid\":\"\",\"name\":\"\",\"documentation\":\"\",\"asynchronousdefinition\":\"false\",\"exclusivedefinition\":\"false\",\"executionlisteners\":\"\",\"multiinstance_type\":\"None\",\"multiinstance_cardinality\":\"\",\"multiinstance_collection\":\"\",\"multiinstance_variable\":\"\",\"multiinstance_condition\":\"\",\"isforcompensation\":\"false\",\"usertaskassignment\":\"\",\"formkeydefinition\":\"\",\"formreference\":\"\",\"duedatedefinition\":\"\",\"prioritydefinition\":\"\",\"formproperties\":\"\",\"tasklisteners\":\"\",\"skipexpression\":\"\",\"categorydefinition\":\"\"},\"stencil\":{\"id\":\"UserTask\"},\"childShapes\":[],\"outgoing\":[{\"resourceId\":\"sid-E61785A5-97A7-4A18-B2DB-9CEA966045B5\"}],\"bounds\":{\"lowerRight\":{\"x\":415,\"y\":218},\"upperLeft\":{\"x\":315,\"y\":138}},\"dockers\":[]},{\"resourceId\":\"sid-B7E6125F-8598-4966-84F8-000AC57087BD\",\"properties\":{\"overrideid\":\"\",\"name\":\"\",\"documentation\":\"\",\"conditionsequenceflow\":\"\",\"executionlisteners\":\"\",\"defaultflow\":\"false\",\"skipexpression\":\"\"},\"stencil\":{\"id\":\"SequenceFlow\"},\"childShapes\":[],\"outgoing\":[{\"resourceId\":\"sid-DD46331B-1C7B-4F45-9CDE-BAF15F03E345\"}],\"bounds\":{\"lowerRight\":{\"x\":314.78125,\"y\":178},\"upperLeft\":{\"x\":180.0625,\"y\":178}},\"dockers\":[{\"x\":15,\"y\":15},{\"x\":50,\"y\":40}],\"target\":{\"resourceId\":\"sid-DD46331B-1C7B-4F45-9CDE-BAF15F03E345\"}},{\"resourceId\":\"sid-072D2AA0-8CF5-47EF-AAC7-2645C1F4D7C3\",\"properties\":{\"overrideid\":\"\",\"name\":\"\",\"documentation\":\"\",\"asynchronousdefinition\":\"false\",\"exclusivedefinition\":\"false\",\"executionlisteners\":\"\",\"multiinstance_type\":\"None\",\"multiinstance_cardinality\":\"\",\"multiinstance_collection\":\"\",\"multiinstance_variable\":\"\",\"multiinstance_condition\":\"\",\"isforcompensation\":\"false\",\"usertaskassignment\":\"\",\"formkeydefinition\":\"\",\"formreference\":\"\",\"duedatedefinition\":\"\",\"prioritydefinition\":\"\",\"formproperties\":\"\",\"tasklisteners\":\"\",\"skipexpression\":\"\",\"categorydefinition\":\"\"},\"stencil\":{\"id\":\"UserTask\"},\"childShapes\":[],\"outgoing\":[{\"resourceId\":\"sid-B064BFA3-1BC3-439E-8D6C-D320FCF8004C\"}],\"bounds\":{\"lowerRight\":{\"x\":640,\"y\":218},\"upperLeft\":{\"x\":540,\"y\":138}},\"dockers\":[]},{\"resourceId\":\"sid-E61785A5-97A7-4A18-B2DB-9CEA966045B5\",\"properties\":{\"overrideid\":\"\",\"name\":\"\",\"documentation\":\"\",\"conditionsequenceflow\":\"\",\"executionlisteners\":\"\",\"defaultflow\":\"false\",\"skipexpression\":\"\"},\"stencil\":{\"id\":\"SequenceFlow\"},\"childShapes\":[],\"outgoing\":[{\"resourceId\":\"sid-072D2AA0-8CF5-47EF-AAC7-2645C1F4D7C3\"}],\"bounds\":{\"lowerRight\":{\"x\":539.78125,\"y\":178},\"upperLeft\":{\"x\":415.21875,\"y\":178}},\"dockers\":[{\"x\":50,\"y\":40},{\"x\":50,\"y\":40}],\"target\":{\"resourceId\":\"sid-072D2AA0-8CF5-47EF-AAC7-2645C1F4D7C3\"}},{\"resourceId\":\"sid-181499F9-4B53-448C-988B-7F7B6FACFEAC\",\"properties\":{\"overrideid\":\"\",\"name\":\"\",\"documentation\":\"\",\"executionlisteners\":\"\"},\"stencil\":{\"id\":\"EndNoneEvent\"},\"childShapes\":[],\"outgoing\":[],\"bounds\":{\"lowerRight\":{\"x\":823,\"y\":192},\"upperLeft\":{\"x\":795,\"y\":164}},\"dockers\":[]},{\"resourceId\":\"sid-B064BFA3-1BC3-439E-8D6C-D320FCF8004C\",\"properties\":{\"overrideid\":\"\",\"name\":\"\",\"documentation\":\"\",\"conditionsequenceflow\":\"\",\"executionlisteners\":\"\",\"defaultflow\":\"false\",\"skipexpression\":\"\"},\"stencil\":{\"id\":\"SequenceFlow\"},\"childShapes\":[],\"outgoing\":[{\"resourceId\":\"sid-181499F9-4B53-448C-988B-7F7B6FACFEAC\"}],\"bounds\":{\"lowerRight\":{\"x\":794.3125,\"y\":178},\"upperLeft\":{\"x\":640.6171875,\"y\":178}},\"dockers\":[{\"x\":50,\"y\":40},{\"x\":14,\"y\":14}],\"target\":{\"resourceId\":\"sid-181499F9-4B53-448C-988B-7F7B6FACFEAC\"}}],\"stencil\":{\"id\":\"BPMNDiagram\"},\"stencilset\":{\"namespace\":\"http://b3mn.org/stencilset/bpmn2.0#\",\"url\":\"../editor/stencilsets/bpmn2.0/bpmn2.0.json\"}}', 0x89504E470D0A1A0A0000000D49484452000001050000002C08060000006C42ADDB000003DC4944415478DAED9DBB4B9B5118C63B3876E8D8A18343FF808E1DFD038476A8A8313151224AAC204217F10652EAA46033089DB2986A66416A22F11341E8624B21B4A54A87D42BC44BE32DD1D3F3864454D4B446FA5DF2FBC1E15B222F3C3CE739EF39E733B9770F000000000000000000004A472955B1BCBC1C595C5C3C89C5626A6666E6BF8F6834AA0CC3D8D2C38D8EE5AD23580031F2FCFCBCDAD8D850474747A68DCDCD4D353737B7A38DFD021DCB5747B000B2B2158CBC974AAA4F53AF724F930C7DA457BC043A96AF8E6001A4D52D98E9CBCC40CECCF2346BA5D366CEA063F9EA081640F6A205237D5F08E6CC2C4F13CDACD0B17C75048B99F9DBC2DB9C99E58999D111CA3C14C4C4970766464728F34EC10AC3099D023A02A18099D1D1646A6A6A1ED7D5D5B5E931505F5FDFE972B99EDC7991AAAAAA8A264D5757D7427373735A17538D8D8DBF3D1ECF546D6DED53420133A3A325C2E0A19E9B113D3232472F8D849EABD57752A8A1A1E191CFE7FBD1DBDBBB1F8FC7732FA408A9544AC562B1631D0C7B3A8DDE100A98191D4D0F84150900BD7E1F0E0F0F67C3E1B00A0683CAEFF79F16C241E6AA2CF2A514BAAF3B82846118C7EA1A2424BC5EEF8E133A06CC8C8E7625DF21A8EEEEEEFDDDDDDD0B73349BCDAAE9E969E576BB4FF2E1D0534AA19EB1B1B1355504E918743A7D201430333A9A768690910E413AF8EB585A5A522E974B82E1403A8BDB6E1DD692C964B14CC86D25E48C8150C0CCE8684A9720878A4AB60CC5E6EAE0E0E0767E1BD179DB62EA6F91CFDA58D4849CD4626674B4A977E332FF42A150D1793A3E3E5ED8420CDCAAA05EFD538583C59B90CFE8CF1E5E71E269AB614533A363F9EAF8AF636464A4E85C1D1A1ACA94D429F8FDFE7793939327C50AC9AD444747C767B60FAC70E868DE9982DC325C3E64BCE24CE1B4A43305FDC795BA507A7575F5C650E8EBEB3B6C6D6D0D100A98191DCDBD7DE8EFEF57E974FACADB078FC7A34ABE7D100281C0CBF6F6F6CC75C120D7954D4D4D2B25DD7D626642011D4BED16CEDE5368696951A3A3A36A626222F79E425B5B9BBAB3F714CE07832EB41F8944CE5E5E9267381CDEF07ABD5FA57D7182B098191D1D100C91FCB5E385F3069FCFF74B07C2F3BB6E4F2AF5162124878F52C4ED766FE9E2AF75B1074E111533A3A383CE18CEFEF7413FAB9CD0C9636642815000CC4C28A023606642011D0133130AE8089899504047B027E7BF9ADC02E3C0095FF18E8E606B0CC35835FB578D0A23994CBEB7EB8F98A0233886D9D9D967F1787C7B7D7D7DDFCC954D8C1C8D467FDAF5E7CED0111C853650B55E593E4ACB69C60FA3E6EB26EC6E6474040000000000000000000000000000000000805BF10797FB38301AC63BB90000000049454E44AE426082, 0, NULL);

-- ----------------------------
-- Table structure for ACT_DE_MODEL_HISTORY
-- ----------------------------
DROP TABLE IF EXISTS `ACT_DE_MODEL_HISTORY`;
CREATE TABLE `ACT_DE_MODEL_HISTORY`  (
  `id` varchar(255) CHARACTER SET utf8 COLLATE utf8_bin NOT NULL,
  `name` varchar(400) CHARACTER SET utf8 COLLATE utf8_bin NOT NULL,
  `model_key` varchar(400) CHARACTER SET utf8 COLLATE utf8_bin NOT NULL,
  `description` varchar(4000) CHARACTER SET utf8 COLLATE utf8_bin NULL DEFAULT NULL,
  `model_comment` varchar(4000) CHARACTER SET utf8 COLLATE utf8_bin NULL DEFAULT NULL,
  `created` datetime(6) NULL DEFAULT NULL,
  `created_by` varchar(255) CHARACTER SET utf8 COLLATE utf8_bin NULL DEFAULT NULL,
  `last_updated` datetime(6) NULL DEFAULT NULL,
  `last_updated_by` varchar(255) CHARACTER SET utf8 COLLATE utf8_bin NULL DEFAULT NULL,
  `removal_date` datetime(6) NULL DEFAULT NULL,
  `version` int(11) NULL DEFAULT NULL,
  `model_editor_json` longtext CHARACTER SET utf8 COLLATE utf8_bin NULL,
  `model_id` varchar(255) CHARACTER SET utf8 COLLATE utf8_bin NOT NULL,
  `model_type` int(11) NULL DEFAULT NULL,
  `tenant_id` varchar(255) CHARACTER SET utf8 COLLATE utf8_bin NULL DEFAULT NULL,
  PRIMARY KEY (`id`) USING BTREE,
  INDEX `idx_proc_mod_history_proc`(`model_id`) USING BTREE
) ENGINE = InnoDB CHARACTER SET = utf8 COLLATE = utf8_bin ROW_FORMAT = Dynamic;

-- ----------------------------
-- Records of ACT_DE_MODEL_HISTORY
-- ----------------------------

-- ----------------------------
-- Table structure for ACT_DE_MODEL_RELATION
-- ----------------------------
DROP TABLE IF EXISTS `ACT_DE_MODEL_RELATION`;
CREATE TABLE `ACT_DE_MODEL_RELATION`  (
  `id` varchar(255) CHARACTER SET utf8 COLLATE utf8_bin NOT NULL,
  `parent_model_id` varchar(255) CHARACTER SET utf8 COLLATE utf8_bin NULL DEFAULT NULL,
  `model_id` varchar(255) CHARACTER SET utf8 COLLATE utf8_bin NULL DEFAULT NULL,
  `relation_type` varchar(255) CHARACTER SET utf8 COLLATE utf8_bin NULL DEFAULT NULL,
  PRIMARY KEY (`id`) USING BTREE,
  INDEX `fk_relation_parent`(`parent_model_id`) USING BTREE,
  INDEX `fk_relation_child`(`model_id`) USING BTREE,
  CONSTRAINT `fk_relation_child` FOREIGN KEY (`model_id`) REFERENCES `ACT_DE_MODEL` (`id`) ON DELETE RESTRICT ON UPDATE RESTRICT,
  CONSTRAINT `fk_relation_parent` FOREIGN KEY (`parent_model_id`) REFERENCES `ACT_DE_MODEL` (`id`) ON DELETE RESTRICT ON UPDATE RESTRICT
) ENGINE = InnoDB CHARACTER SET = utf8 COLLATE = utf8_bin ROW_FORMAT = Dynamic;

-- ----------------------------
-- Records of ACT_DE_MODEL_RELATION
-- ----------------------------

-- ----------------------------
-- Table structure for ACT_EVT_LOG
-- ----------------------------
DROP TABLE IF EXISTS `ACT_EVT_LOG`;
CREATE TABLE `ACT_EVT_LOG`  (
  `LOG_NR_` bigint(20) NOT NULL AUTO_INCREMENT,
  `TYPE_` varchar(64) CHARACTER SET utf8 COLLATE utf8_bin NULL DEFAULT NULL,
  `PROC_DEF_ID_` varchar(64) CHARACTER SET utf8 COLLATE utf8_bin NULL DEFAULT NULL,
  `PROC_INST_ID_` varchar(64) CHARACTER SET utf8 COLLATE utf8_bin NULL DEFAULT NULL,
  `EXECUTION_ID_` varchar(64) CHARACTER SET utf8 COLLATE utf8_bin NULL DEFAULT NULL,
  `TASK_ID_` varchar(64) CHARACTER SET utf8 COLLATE utf8_bin NULL DEFAULT NULL,
  `TIME_STAMP_` timestamp(3) NOT NULL,
  `USER_ID_` varchar(255) CHARACTER SET utf8 COLLATE utf8_bin NULL DEFAULT NULL,
  `DATA_` longblob NULL,
  `LOCK_OWNER_` varchar(255) CHARACTER SET utf8 COLLATE utf8_bin NULL DEFAULT NULL,
  `LOCK_TIME_` timestamp(3) NULL DEFAULT NULL,
  `IS_PROCESSED_` tinyint(4) NULL DEFAULT 0,
  PRIMARY KEY (`LOG_NR_`) USING BTREE
) ENGINE = InnoDB AUTO_INCREMENT = 1 CHARACTER SET = utf8 COLLATE = utf8_bin ROW_FORMAT = Dynamic;

-- ----------------------------
-- Records of ACT_EVT_LOG
-- ----------------------------

-- ----------------------------
-- Table structure for ACT_GE_BYTEARRAY
-- ----------------------------
DROP TABLE IF EXISTS `ACT_GE_BYTEARRAY`;
CREATE TABLE `ACT_GE_BYTEARRAY`  (
  `ID_` varchar(64) CHARACTER SET utf8 COLLATE utf8_bin NOT NULL,
  `REV_` int(11) NULL DEFAULT NULL,
  `NAME_` varchar(255) CHARACTER SET utf8 COLLATE utf8_bin NULL DEFAULT NULL,
  `DEPLOYMENT_ID_` varchar(64) CHARACTER SET utf8 COLLATE utf8_bin NULL DEFAULT NULL,
  `BYTES_` longblob NULL,
  `GENERATED_` tinyint(4) NULL DEFAULT NULL,
  PRIMARY KEY (`ID_`) USING BTREE,
  INDEX `ACT_FK_BYTEARR_DEPL`(`DEPLOYMENT_ID_`) USING BTREE,
  CONSTRAINT `ACT_FK_BYTEARR_DEPL` FOREIGN KEY (`DEPLOYMENT_ID_`) REFERENCES `ACT_RE_DEPLOYMENT` (`ID_`) ON DELETE RESTRICT ON UPDATE RESTRICT
) ENGINE = InnoDB CHARACTER SET = utf8 COLLATE = utf8_bin ROW_FORMAT = Dynamic;

-- ----------------------------
-- Records of ACT_GE_BYTEARRAY
-- ----------------------------
INSERT INTO `ACT_GE_BYTEARRAY` VALUES ('e0846ab9-9d24-11eb-af8d-00163e2e65eb', 1, '请假流程.bpmn20.xml', 'e0846ab8-9d24-11eb-af8d-00163e2e65eb', 0x3C3F786D6C2076657273696F6E3D27312E302720656E636F64696E673D275554462D38273F3E0A3C646566696E6974696F6E7320786D6C6E733D22687474703A2F2F7777772E6F6D672E6F72672F737065632F42504D4E2F32303130303532342F4D4F44454C2220786D6C6E733A7873693D22687474703A2F2F7777772E77332E6F72672F323030312F584D4C536368656D612D696E7374616E63652220786D6C6E733A7873643D22687474703A2F2F7777772E77332E6F72672F323030312F584D4C536368656D612220786D6C6E733A666C6F7761626C653D22687474703A2F2F666C6F7761626C652E6F72672F62706D6E2220786D6C6E733A62706D6E64693D22687474703A2F2F7777772E6F6D672E6F72672F737065632F42504D4E2F32303130303532342F44492220786D6C6E733A6F6D6764633D22687474703A2F2F7777772E6F6D672E6F72672F737065632F44442F32303130303532342F44432220786D6C6E733A6F6D6764693D22687474703A2F2F7777772E6F6D672E6F72672F737065632F44442F32303130303532342F44492220747970654C616E67756167653D22687474703A2F2F7777772E77332E6F72672F323030312F584D4C536368656D61222065787072657373696F6E4C616E67756167653D22687474703A2F2F7777772E77332E6F72672F313939392F585061746822207461726765744E616D6573706163653D22687474703A2F2F7777772E666C6F7761626C652E6F72672F70726F63657373646566223E0A20203C70726F636573732069643D226A736974655F6C6561766522206E616D653D22E8AFB7E58187E6B581E7A88B2220697345786563757461626C653D2274727565223E0A202020203C646F63756D656E746174696F6E3EE8AFB7E58187E6B581E7A88B3C2F646F63756D656E746174696F6E3E0A202020203C73746172744576656E742069643D2273746172746576656E743122206E616D653D22E5BC80E5A78BE88A82E782B92220666C6F7761626C653A696E69746961746F723D226170706C79557365724964222F3E0A202020203C757365725461736B2069643D226C656176655F6C65616465725F617564697422206E616D653D22E9A286E5AFBCE5AEA1E689B92220666C6F7761626C653A61737369676E65653D22247B6C65616465724E616D657D2220666C6F7761626C653A666F726D4B65793D226C656176655F6C65616465725F6175646974223E0A2020202020203C657874656E73696F6E456C656D656E74733E0A20202020202020203C666C6F7761626C653A7461736B4C697374656E6572206576656E743D22636F6D706C6574652220636C6173733D22636F6D2E6A736974652E6D6F64756C65732E666C6F7761626C652E6C697374656E65722E5461736B427573696E65737343616C6C4C697374656E6572222F3E0A20202020202020203C6D6F64656C65723A696E69746961746F722D63616E2D636F6D706C65746520786D6C6E733A6D6F64656C65723D22687474703A2F2F666C6F7761626C652E6F72672F6D6F64656C6572223E3C215B43444154415B66616C73655D5D3E3C2F6D6F64656C65723A696E69746961746F722D63616E2D636F6D706C6574653E0A2020202020203C2F657874656E73696F6E456C656D656E74733E0A202020203C2F757365725461736B3E0A202020203C6578636C7573697665476174657761792069643D227369642D44394344303945332D363830342D344232362D394443452D333144433533423634453236222F3E0A202020203C656E644576656E742069643D22656E6422206E616D653D22E6B581E7A88BE7BB93E69D9F222F3E0A202020203C757365725461736B2069643D2261646A7573744170706C7922206E616D653D22E8B083E695B4E794B3E8AFB72220666C6F7761626C653A61737369676E65653D22247B6170706C795573657249647D223E0A2020202020203C657874656E73696F6E456C656D656E74733E0A20202020202020203C6D6F64656C65723A696E69746961746F722D63616E2D636F6D706C65746520786D6C6E733A6D6F64656C65723D22687474703A2F2F666C6F7761626C652E6F72672F6D6F64656C6572223E3C215B43444154415B66616C73655D5D3E3C2F6D6F64656C65723A696E69746961746F722D63616E2D636F6D706C6574653E0A2020202020203C2F657874656E73696F6E456C656D656E74733E0A202020203C2F757365725461736B3E0A202020203C73657175656E6365466C6F772069643D227369642D43373243334639342D464643362D343836312D393834432D3834383834423636444434372220736F757263655265663D2273746172746576656E743122207461726765745265663D226C656176655F6C65616465725F6175646974222F3E0A202020203C6578636C7573697665476174657761792069643D227369642D35324538303342342D343737392D343344322D393434432D333331324630354544454330222F3E0A202020203C73657175656E6365466C6F772069643D227369642D43413633303439432D453841442D343544422D413231342D3836414430363533443331332220736F757263655265663D226C656176655F6C65616465725F617564697422207461726765745265663D227369642D44394344303945332D363830342D344232362D394443452D333144433533423634453236222F3E0A202020203C73657175656E6365466C6F772069643D227369642D39393037423339432D344446312D343041352D394131352D4436414545313946373932452220736F757263655265663D2261646A7573744170706C7922207461726765745265663D227369642D35324538303342342D343737392D343344322D393434432D333331324630354544454330222F3E0A202020203C73657175656E6365466C6F772069643D227369642D31344237374134392D464432412D343741322D384441302D3234423346373731354534372220736F757263655265663D227369642D35324538303342342D343737392D343344322D393434432D33333132463035454445433022207461726765745265663D226C656176655F6C65616465725F6175646974223E0A2020202020203C636F6E646974696F6E45787072657373696F6E207873693A747970653D2274466F726D616C45787072657373696F6E223E3C215B43444154415B247B6175646974506173737D5D5D3E3C2F636F6E646974696F6E45787072657373696F6E3E0A202020203C2F73657175656E6365466C6F773E0A202020203C73657175656E6365466C6F772069643D227369642D36443541423835432D413632422D344230382D383230462D3239344645363846303133322220736F757263655265663D227369642D35324538303342342D343737392D343344322D393434432D33333132463035454445433022207461726765745265663D22656E64223E0A2020202020203C636F6E646974696F6E45787072657373696F6E207873693A747970653D2274466F726D616C45787072657373696F6E223E3C215B43444154415B247B216175646974506173737D5D5D3E3C2F636F6E646974696F6E45787072657373696F6E3E0A202020203C2F73657175656E6365466C6F773E0A202020203C73657175656E6365466C6F772069643D227369642D38454143384133362D304334302D343539362D383138312D4133334231433935453534342220736F757263655265663D227369642D44394344303945332D363830342D344232362D394443452D33314443353342363445323622207461726765745265663D22656E64223E0A2020202020203C636F6E646974696F6E45787072657373696F6E207873693A747970653D2274466F726D616C45787072657373696F6E223E3C215B43444154415B247B6175646974506173737D5D5D3E3C2F636F6E646974696F6E45787072657373696F6E3E0A202020203C2F73657175656E6365466C6F773E0A202020203C73657175656E6365466C6F772069643D227369642D35374237354244372D453141362D343536392D383946422D3343383846363243393338342220736F757263655265663D227369642D44394344303945332D363830342D344232362D394443452D33314443353342363445323622207461726765745265663D2261646A7573744170706C79223E0A2020202020203C636F6E646974696F6E45787072657373696F6E207873693A747970653D2274466F726D616C45787072657373696F6E223E3C215B43444154415B247B216175646974506173737D5D5D3E3C2F636F6E646974696F6E45787072657373696F6E3E0A202020203C2F73657175656E6365466C6F773E0A20203C2F70726F636573733E0A20203C62706D6E64693A42504D4E4469616772616D2069643D2242504D4E4469616772616D5F6A736974655F6C65617665223E0A202020203C62706D6E64693A42504D4E506C616E652062706D6E456C656D656E743D226A736974655F6C65617665222069643D2242504D4E506C616E655F6A736974655F6C65617665223E0A2020202020203C62706D6E64693A42504D4E53686170652062706D6E456C656D656E743D2273746172746576656E7431222069643D2242504D4E53686170655F73746172746576656E7431223E0A20202020202020203C6F6D6764633A426F756E6473206865696768743D2233302E30222077696474683D2233302E302220783D223130302E302220793D223136332E30222F3E0A2020202020203C2F62706D6E64693A42504D4E53686170653E0A2020202020203C62706D6E64693A42504D4E53686170652062706D6E456C656D656E743D226C656176655F6C65616465725F6175646974222069643D2242504D4E53686170655F6C656176655F6C65616465725F6175646974223E0A20202020202020203C6F6D6764633A426F756E6473206865696768743D2238302E30222077696474683D223130302E302220783D223139352E302220793D223133382E30222F3E0A2020202020203C2F62706D6E64693A42504D4E53686170653E0A2020202020203C62706D6E64693A42504D4E53686170652062706D6E456C656D656E743D227369642D44394344303945332D363830342D344232362D394443452D333144433533423634453236222069643D2242504D4E53686170655F7369642D44394344303945332D363830342D344232362D394443452D333144433533423634453236223E0A20202020202020203C6F6D6764633A426F756E6473206865696768743D2234302E30222077696474683D2234302E302220783D223336302E302220793D223135382E30222F3E0A2020202020203C2F62706D6E64693A42504D4E53686170653E0A2020202020203C62706D6E64693A42504D4E53686170652062706D6E456C656D656E743D22656E64222069643D2242504D4E53686170655F656E64223E0A20202020202020203C6F6D6764633A426F756E6473206865696768743D2232382E30222077696474683D2232382E302220783D223532352E302220793D223136352E30222F3E0A2020202020203C2F62706D6E64693A42504D4E53686170653E0A2020202020203C62706D6E64693A42504D4E53686170652062706D6E456C656D656E743D2261646A7573744170706C79222069643D2242504D4E53686170655F61646A7573744170706C79223E0A20202020202020203C6F6D6764633A426F756E6473206865696768743D2238302E30222077696474683D223130302E302220783D223333302E302220793D223238352E30222F3E0A2020202020203C2F62706D6E64693A42504D4E53686170653E0A2020202020203C62706D6E64693A42504D4E53686170652062706D6E456C656D656E743D227369642D35324538303342342D343737392D343344322D393434432D333331324630354544454330222069643D2242504D4E53686170655F7369642D35324538303342342D343737392D343344322D393434432D333331324630354544454330223E0A20202020202020203C6F6D6764633A426F756E6473206865696768743D2234302E30222077696474683D2234302E302220783D223336302E302220793D223430352E30222F3E0A2020202020203C2F62706D6E64693A42504D4E53686170653E0A2020202020203C62706D6E64693A42504D4E456467652062706D6E456C656D656E743D227369642D43413633303439432D453841442D343544422D413231342D383641443036353344333133222069643D2242504D4E456467655F7369642D43413633303439432D453841442D343544422D413231342D383641443036353344333133223E0A20202020202020203C6F6D6764693A776179706F696E7420783D223239342E39353030303030303030303030352220793D223137382E30222F3E0A20202020202020203C6F6D6764693A776179706F696E7420783D223336302E302220793D223137382E30222F3E0A2020202020203C2F62706D6E64693A42504D4E456467653E0A2020202020203C62706D6E64693A42504D4E456467652062706D6E456C656D656E743D227369642D39393037423339432D344446312D343041352D394131352D443641454531394637393245222069643D2242504D4E456467655F7369642D39393037423339432D344446312D343041352D394131352D443641454531394637393245223E0A20202020202020203C6F6D6764693A776179706F696E7420783D223338302E302220793D223336342E3935303030303030303030303035222F3E0A20202020202020203C6F6D6764693A776179706F696E7420783D223338302E302220793D223430352E30222F3E0A2020202020203C2F62706D6E64693A42504D4E456467653E0A2020202020203C62706D6E64693A42504D4E456467652062706D6E456C656D656E743D227369642D36443541423835432D413632422D344230382D383230462D323934464536384630313332222069643D2242504D4E456467655F7369642D36443541423835432D413632422D344230382D383230462D323934464536384630313332223E0A20202020202020203C6F6D6764693A776179706F696E7420783D223339392E393433373330333538313334352220793D223432352E30222F3E0A20202020202020203C6F6D6764693A776179706F696E7420783D223533392E302220793D223432352E30222F3E0A20202020202020203C6F6D6764693A776179706F696E7420783D223533392E302220793D223139322E3934393932313932373331333036222F3E0A2020202020203C2F62706D6E64693A42504D4E456467653E0A2020202020203C62706D6E64693A42504D4E456467652062706D6E456C656D656E743D227369642D35374237354244372D453141362D343536392D383946422D334338384636324339333834222069643D2242504D4E456467655F7369642D35374237354244372D453141362D343536392D383946422D334338384636324339333834223E0A20202020202020203C6F6D6764693A776179706F696E7420783D223338302E302220793D223139372E3934333231383839383730383335222F3E0A20202020202020203C6F6D6764693A776179706F696E7420783D223338302E302220793D223238352E30222F3E0A2020202020203C2F62706D6E64693A42504D4E456467653E0A2020202020203C62706D6E64693A42504D4E456467652062706D6E456C656D656E743D227369642D38454143384133362D304334302D343539362D383138312D413333423143393545353434222069643D2242504D4E456467655F7369642D38454143384133362D304334302D343539362D383138312D413333423143393545353434223E0A20202020202020203C6F6D6764693A776179706F696E7420783D223339392E38313931353939303030363234362220793D223137382E3132343638373530303030303032222F3E0A20202020202020203C6F6D6764693A776179706F696E7420783D223532352E303030303633383935313136332220793D223137382E3931313935313339303639313436222F3E0A2020202020203C2F62706D6E64693A42504D4E456467653E0A2020202020203C62706D6E64693A42504D4E456467652062706D6E456C656D656E743D227369642D31344237374134392D464432412D343741322D384441302D323442334637373135453437222069643D2242504D4E456467655F7369642D31344237374134392D464432412D343741322D384441302D323442334637373135453437223E0A20202020202020203C6F6D6764693A776179706F696E7420783D223336302E302220793D223432352E30222F3E0A20202020202020203C6F6D6764693A776179706F696E7420783D223234352E302220793D223432352E30222F3E0A20202020202020203C6F6D6764693A776179706F696E7420783D223234352E302220793D223231372E3935303030303030303030303032222F3E0A2020202020203C2F62706D6E64693A42504D4E456467653E0A2020202020203C62706D6E64693A42504D4E456467652062706D6E456C656D656E743D227369642D43373243334639342D464643362D343836312D393834432D383438383442363644443437222069643D2242504D4E456467655F7369642D43373243334639342D464643362D343836312D393834432D383438383442363644443437223E0A20202020202020203C6F6D6764693A776179706F696E7420783D223132392E39343939393839313836393131342220793D223137382E30222F3E0A20202020202020203C6F6D6764693A776179706F696E7420783D223139342E39393939393939393939393032322220793D223137382E30222F3E0A2020202020203C2F62706D6E64693A42504D4E456467653E0A202020203C2F62706D6E64693A42504D4E506C616E653E0A20203C2F62706D6E64693A42504D4E4469616772616D3E0A3C2F646566696E6974696F6E733E, 0);
INSERT INTO `ACT_GE_BYTEARRAY` VALUES ('e0d522ca-9d24-11eb-af8d-00163e2e65eb', 1, '请假流程.jsite_leave.png', 'e0846ab8-9d24-11eb-af8d-00163e2e65eb', 0x89504E470D0A1A0A0000000D4948445200000233000001C708060000004AB9D95000001AA34944415478DAEDDD0F6C9CE57D0770C3326D93A6A99AA6699AA6A95BB775FFFF661AD336CDD39866B46C6519C13876FE284536654069281B6B60214046284256DA4E801AC46074E996B1405D0A899DE02404A2BA30489365246D8082EBC4290B34258909E4DDF3A477D571F69DFDDED9E7F73D7F3ED2A37B737726E9F9D7DFFBBDE77DDEF76D690100000000000000000000000000000000000000000000000000000000000000000000000000000000000000000000000000000000000000000000000000000000000000000000000000000000000000000000000000000000000000000000000000000000000000000000000000000000000000000000000000000000000000000000000000000000000000000000000000000000000000000000000000000000000000000000000000000000000000000000000000000000000000000000000000000000000000000000000000000000000000000000000000000000000000000000000000000000000000000000000000000000000000000000000000000000000000000000000000000000000000000000000000000000000000000000000000000000000000000000000000A82A499279870F1FDEB467CF9E77B76DDB96F4F7F71B0D1E030303C9CE9D3BBF1546978A0480946290D9B56B57323A3A9A8C8D8D19B3348E1D3B96ECD8B1E3CD106C2E51950090429C911164321368C6FAFBFB0FA84A0048211E5A1224B233429839A32A012085B8664388C8549849542500CC4098F9CE1B23C9E1A1FB93FD03B79C1B713B3E278008330090F93073E2F870B26FCB4DC90B8F5DFF9E119F8BAF0921C20C00643ACCBCBAFF0BE3824C71BCB6BF4F0811660020DB61E6C09377540C33F13521449801804C87997DFD37570C33F135214498010061C610660060A6C24C3C7BA9529889AF0921C20C00643ACC1CDAFD998A6126BE268408330090E930F3FAF0DE64DFD6D5E30F3185E7E26B4288300300990E3371BCF49507C78599F89C0022CC0040F6C3CCE9D3C9A1A7EF1E7F88293C175F1342841900C86C988957F83DB8FBD315D7CCC4D75C0558980180EC8599D3A7939143DB93AF3EF1898A41A638E27BE27BCDD208330090893033D96C8C591A610600321D66A6321B536D964628116632E67D3E02803916666A0D32C52194083319D2164652780460AE8419439869121786713C8CDEC2E3021F098030630833790B320B4A66688E093400C28C21CCE431C84CF63C00C28C21CC6446DB2481A5F8BA353440E32549F2837BF7EEED79E0810776AC5BB7EECD6BAEB9E6CCF2E5CB93CB2EBB2CE9EAEA3AFB918F7C646CD5AA5587EFB8E38E87C2F8A04F4C981166E66C90992CA898A1011A1F621E7EF8E1076FBDF5D633D75E7B6D72EFBDF7267BF6EC498687879353A74E25517C1C1D1D4D9E7DF6D924849DE4A31FFDE8D98F7DEC632F7777775FEE131466849939E1C294332E69DF0F55757676FE547B7BFB55E10BF6A6300E8571227ED90EE354182F85D73687C78FC7F7F9B4E698105A56DC76DB6DA7AFBFFEFA7341E59D77DE49A6EAF9E79F4F6EB8E186777A7A7A0E2C5AB4E8E77C9AC28C30D3F44166410D3F7742A0A11E1D1D1D1787D11FC65821BC4C653C19DEDFE5D36BFED998798F3EFAE8F62BAEB822E9EBEB4B1562CA3DF1C413C98A152B4E9AA5116684194166067E9E392A0492F78740F2448A0033D1D8E5CB76130799C1C1C12F5F7DF5D5C9C1830793E9F0F2CB2F2721189DBCFCF2CBFFD6272CCC08334D63B2C5BE8DFEEF3047B4B7B75FB678F1E2FF2B0D269D9D9DC9EDB7DF9E6CDFBE3DF9C637BE917CFBDBDF3EB7FF79EBADB7CE2D8BD8BD7B77D2DBDB9B2C59B2A43CD09C304BD384E28C4C0C32710DCC748AFFBDEEEE6E4523CC0833CD1564A6EB1091191AA61A641684FDC83BA521E6A1871E9AF23EEBF8F1E3E7DE1F7FAE34D484FFA6A307CD22AE91898796A66B4666A2199AA54B971E0F45F38B3E6D614698C9ADF2C5BBE785B1ACF09846F9CF5914CCA43332A54166E5CA95E766616A117F2EAE072D0B34BE6CE75D3C6BE9965B6E198B6B6466D2638F3D763224E2677CE2C28C3093EB20B3A02490DCD7F2DDFB2FDD9722D054FA39818609C53532A5879656AF5EFDBD4349B58A87A0D6AE5D5B7EC8C997ED3CDBBC79F3E7624A7DFBEDB7939976E595571E918085196126F741A6A530B392948CA9049AD220531C4B4B5EB7868671429019289D91A937C894069AB2199A5D3EED1CCFCAC4EBC8C4D3AF1BE185175E18333B23CC0833B95229604C144CAA059A89DEBF6182F75B43C3F7C4D3AF4BD7C8D47A68A9DA21A7D23534BE6CE754BCB26F5CF45BCF29D869AD58B1E2489C366CE2FFF3C5EB1EFCA13023CCE4AD26AB0499B6140165A24033D520531E681C726A52ADADADF3A65ABBC5A01117EFCE848D1B379A9DC9BB788B820D1B36248DD4DBDBFB7CBC1A63B37EA62509BFBFBDBDFD02614698C94B4DD61828260B3469834CE9DFEF6EDBCD5B9307269B058957EC2D2EFA8DB327AFBFFEFA8CEC93E2594E65A76DBFDF6F2867E2BD96E22D0A1AE9E9A79F7E39144B5FB3EF384AC6E3137D2B16668499ACD5E4044166AA41A252A039BFC620533E3324D0346F4D1E8A672A4D345353B845C1B9F77DF2939F9CE92FD9A5FFFFF8B8DF50CEC49B468E8C8C3434CC1C3972643414CBAB7368C7F1BD6FC5A53B10614698C95A4DD61864AA059A17EB0832F5FE7BC8514D86E0F2DFF13A3265EFD9547C7D70707046F74BF1C27A25FF9E3EBFA19C8977BF2EDE34B251E2DF176F0036D7761CA5DF8AE354BF3023CC64AD26A7612664A240534F90290F34D6D0347F4D0E8580DD5678CFA1E2F3D3BDF0B75CBC5270C9BFE155BFA11C16D46CA8F39E1A4D3184996C8DB95E8F0B172E2C868EDE3ADBCAF913CCC8BC5878BE1EBD857FEBD930E23A8AB7C3381DC6C9C25D92DF0C81EC78787C3D8C63611C0D63248CE1B8730AE3957807E530BE5ED849BE5858B7B13F3C7E358C17E2EC40787C36EE50C3D813C6D3613C15C6CE3006C37BB787C7789AF0D6F0DE786FA02F85F1C5B0FD85F0F84818FF15B6FF33BCEF3FC2F6E7C3F8B7B0FD50787C308C7F09E3BEF0FA67C3E3BD61DC1DB6FF393C7E3A8CF561BB37BCF7AEB07D67D8BE236CDF1EB6D786716BD85E131E57877153786D55F8F33F84EDBF8F8743C29F57863F5F1BB6AF898765C2F69561FB8A30BAE3956DC3E38A309687D796C6352A617B71E102749786ED4BC2F6C2C219437F156746C2B868F1E2C57F1E9EFBB3F0DC9F5E7AE9A57F12B6FF386CFF51D8FE83B0FDFB61FBF7C2FB7E37BCEF77C2F66F85EDDFE8ECECFCB5F0DAAF84ED5F5AB468D107C36B3F1FB63F10B67F268C9F8EEB5FC27B7F326CFFC492254B7E7C0A35F995C25DAFCFFD79BA4EC7AE769A76C9DF7D4A3AC89965CB969D6DF4CCCCC993278FCCD19999A1D82C8AC7868519333359ABC996FA6F55506D6626CD85F5AACDCC9C177688DFD7DDDDFDFD175D74D10F84ED1F0AE387C3CEF247962F5FFEBEB0FDA361A7FA63718719779C71071A77A471875AB8F8DACFC61B0C86FFDDBF102F9216B67F396CFF6AD8FEF5F0DA6F86EDDF0EEF9B1F77D871C71D77E071471E77E871C71E77F071471F77F871C71FFEFC17E1CF7F19B63F14B6FF3A6CFF4DD85E14B6DBC37647D8EE0CDB4B62A088C1A21030BA63E088C1A3B02EE49A184862308901256CFF5DD8BE216C7F228C1BC3F63F86C79BC3B825BC765B78FCA730D6C5E01303500C423110C56054084877C7C054084EF785717F78DF03E1F15FC3F85CD8DE181EFFBD7018E7E1F0BECDE1F1D178782506B44250DB1A835B21C00D1602DD5385801783DE970B81E3B9309E0F3FB3373CEE0BE37FC2CFFC6F783C18C6D7C2385C0892AF1682E54821684E1666CE96FEB9D15FB2A5839CB9FAEAABC71ABD66E69BDFFCE68B736CCD4CF90EA345981166B2589325C1E144CBCCAC99A925D0583333B702F69361B416DE73C2CC0C5372D34D371D6AF4D94C5BB66CF9D21C399BE999387D5BE97A0A590B33F7DC734FB269D3A6F78C356BD634EC756166F66BB2C24C48AD416643CBC46733A50934CE669A3B6166DC1976D6CC306577DE79E786465F6766F5EAD58F35F97566AA7DEBCD6C9889E1A2DA7333FDBA3033FB3559E38CC864D791497BA5E0A2F92DAE333317C24C3CD435BFC27B9CCDC4D4DC78E38D1FB8EAAAABDE6DE015804F2D5EBCF8EB2E4A24CC0833B930D9CCC8542F889736D0140F755DEC57D0B46166535CAB54ED3DAE33432A2B57AEFC5AA3EECDB465CB96875C2E5A98116672A5D20C4DDA2BFB4E35D014FF3E41668E2B9C0175A6115700EEEAEA3AEB0AC039F7E10F7F78D175D75D77A601B333C7172F5EFC9C1B790933C24C2E6768CA0FF92C6B497F1D1977CD2615F76622959E9E9EBD7D7D7D339A64E2FA9C5828298FDB0B33C28C30939D4053BA28B83498A4B9205EA59F73613C260A33337ED7ECF025FBACBB66378938ADB662C58A93070F1E9C9120B377EFDE780D8391785D079F7636C3CCFAF5EBC79D6DB46AD5AA86BD2ECCE442F921A7F30A332B694FB72EFFB97AAF6F4373EF9F9E2C868D952B574EDB69DAF174ECEBAEBBEE9DD259195FB69B40575757674F4FCF5BA3A3A3D31A645E7BEDB5A742F27D45E2CD7698719D1961A6C640331D333ECE5AA2EA97EDC2559DCF858ED5AB57D71D68629059BB766DE93A9913BE6C3791CECECE15DDDDDD27A66B8626CEC8C42013AF66E9D31566841981668683114D2ADE82A1B818B8384353EB21A7F8736533320E2F356BD1747575BDF9C8238F7CA78E45C1C7EFBAEBAEFB0B97AE5EEE5315668499A653EFA1218796483B43B3BC34D0C435347151703C1B69AA672DC5C5BEA56B640A77ECF665BB99A7F5C22F7C5B4F4FCF91E79E7BEE649AEBC86CDDBA75630843F1466DBB4CDB0933C2CC9C08346967562CF6A5E62FDB851B8A26A5A1265E87265E582FCEBA140F41C54349F1CABEF182789FFAD4A79265CB96BD5B76D5E113BE6CCF9D5073490C35CB972F1F5DB76EDDFEA79E7AEA95501C23C59B53C69B46C67B2D0D0C0C7CF1E69B6F7E3C1455BCA9D8AE582016520933C2CC9C90F65091434BD4FD65BBF494ED1A872FDB7351BC7851E136F3F1F2D22F95DC9AFD54E16EA8F16EAB1F77B1216146981168AA8897AD77655FA6EDCB7621D49C4913627CD906614698A192B6425069ABF2FA31418699FEB21DB6DFF5651B84196186E99EA171688986686F6FBFA0385313428D355920CC08334C4BA01164686498D95C724869C82702C28C3043BD81A65790A1514278995FBE7E26841BB507C28C3043CDDAE2CEA4C5E9D7342ECCF44DB0E077C8625F10668419EAD9B9F84C99B5599992ABFB5A740EC28C30833043E66BEDF12AA7633FE3130261469841982197B332D6CE803023CC20CC90873AEB9BC2C5F29CD904C28C30833083DA03841961C60E05D41E083386306387026A0F84194398B14341ED01C28C30831D0A6A0F8419214298B14301B507C28C21CCD8A180DA0361C61066EC50507B803023CC608782DA0361C61066EC5040ED81306308337628A83D9F020833C20C7628A83DA0BA6DDBB60911D919A7429839A32AED50507B400A3B77EE1C191D1D152432308687873F1FC2CC0155698782DA0352D8BE7DFB87060707DF387AF4E8498162F66664629019181878258C4B54A51D0A6A0F4829EC4017F4F7F70FC5431C71CD46DEC6C68D1B93D834F2F86F2F8CF8B91F1064EC50507BC0DC6D187DB169B4B6B6CEF369608782DA0372A5BDBDFD82D030CEC4A6D1D1D1D1E613C10E05B507E42DCC6C8E0DA330867C22D8A1A0F6803C358AF9C55999E208E166814F063B14D41E909746D1571A648AB333D6CE608782DA03F2D024C6CDCA14474747C7C53E21EC50507B40D69BC4E3130599C278C627841D0A6A0FC87283A8382B63ED0C7628A83D200F0DA2AF5A907166137628A83D40D3406D80DA03340DD4066A0F40D3406DA0F6004D03B5016A0FD034501BA0F6004D03B581DA03D034501BA83D40D3406D80DA03340DD406A83D40D3406DA0F600340DD4066A0FD034501BA0F6004D03B5016A0FD034501BA83D40D300B581DA03340DD406A83D40D3406DA0F600340DD4066A0FD034501BA0F6004D03B5016A0FD034501BA83D004D03B581DA03340DD406A83D40D3406D80DA03340DD4066A0F40D3406DA0F6004D03B5016A0FD034501BA0F6004D03B581DA03340D501BA83D40D3406D80DA03340DD4066A0F40D3406DA0F6004D03B5016A0FD034501BA0F6004D03B581DA03D034501BA83D40D3406D80DA03340DD406A83D40D3406DA0F6004D43D3406DA0F6004D03B5016A0FD034501BA0F6004D03B581DA03340D501BA83D40D3406D80DA03340DD4066A0F40D3604A75D0176B619231E493425F02340DB25A07F3C338532DCCB4B7B72FF049A12F019A0659AE85C7AB8499675A5B5BE7F994D097004D832CD7C2FC4A61A6A3A3E3629F10FA12A06990877A9868EDCC905919F42540D3202FF5306EED8CB532E84B80A641AE84F0B2D9AC0CFA12A06990E7307341C95A99369F08FA12A06990C7BA38B776C6AC0CFA12A06990D7BA98AF36D097004D638E4A9264DEE1C38737EDD9B3E7DD6DDBB625FDFDFD4683C7C0C040B273E7CE6F85D1A522F52540D320A5186476EDDA958C8E8E26636363C62C8D63C78E253B76EC7833049B4B54A5BE04681AA41067640499CC049AB1FEFEFE03AA525F02340D528887960489EC8C1066CEA84A7D09D0344821AED91022321566D4B8BE04681ACC4498F9CE1B23C9E1A1FB93FD03B79C1B713B3E27800833FA92BE04681A990F33278E0F27FBB6DC94BCF0D8F5EF19F1B9F89A1022CCE84B009A46A6C3CCABFBBF302EC814C76BFBFB841061465F02D034B21D660E3C7947C530135F134284197D0940D3C87498D9D77F73C530135F134284197D0940D310660C61465F02340D662ACCC4B3972A8599F89A1022CCE84B009A46A6C3CCA1DD9FA91866E26B428830A32F01681A990E33AF0FEF4DF66D5D3DFE1053782EBE26840833FA1280A691E93013C74B5F79705C9889CF0920C28CBEA42F019A46F6C3CCE9D3C9A1A7EF1E7F88293C175F134284197D0940D3C86C988957F83DB8FBD315D7CCC4D75C055898D19700348DEC8599D3A7939143DB93AF3EF1898A41A638E27BE27BCDD20833FA1280A691893033D96C8C591A61067D09D034321D66A6321B536D9646281166F425004D6356C34CAD41A638841261465F02D0346635CC18C20CFA12A06908338630A32F01681AC28C3083BE04681A0833C20CFA12A0690833863083BE04681AC28C21CCE84B009A863023CCA02F019A06C28C3083BE04681AC28C21CCA02F019A8630630833FA12A06920CC0833E84B80A621CC0811C20CFA12A06908338630A32F01681AC28C3023CCE84B80A6813023CCA02F019A8630630833E84B80A621CC18C28CBE04A0690833C20CFA12A06920CC0833E84B80A621CC18C20CFA12A06908338630A32F019A86A621CC0833E84B80A64176C3CC3DF7DC936CDAB4E93D63CD9A350D7B5D98415F02340D61A6AE11C345B5E766FA7561067D09D0348419614698D19700340D614698415F02340D841961067D09D0348419614698415F02340D6126C558BF7EFDB8B38D56AD5AD5B0D78519F42540D310660C61465F02D034841961067D09D03410668419F42540D310660C61067D09D03484194398D19700340D614698415F02340D841961067D09D03484194398415F02340D61C61066F42540D340981166D097004D03614698415F02340D61C61066F425004D43983184197D09D03410668419F42540D310660C61067D09D03484194398D19700340D614698415F02340D841961067D09D03484194398415F02340D61C61066F425004D43981166D097004D03614698415F02340D61C61066D097004D43983184197D09D03410668419F42540D31066841961067D09D03484194398D19700348DD9B16DDB3621223BE35408336754A5BE04681AA4B073E7CE91D1D151412203637878F8F321CC1C5095FA12A06990C2F6EDDB3F343838F8C6D1A3474F0A14B337231383CCC0C0C02B615CA22AF52540D320A5B0035DD0DFDF3F140F71C4351B791CB136F2FA6F2F7CEE0704197D09D034501BA0F6004D03B5016A0FD034501BA83D004D03B581DA03340DD406A83D40D3406D80DA03340DD4066A0F40D3406DA0F6004D03B5016A0FD034501BA0F6004D03B581DA03340D501BA83D40D3406D80DA03340DD4066A0F40D3406DA0F6004D03B5016A0FD034501BA0F6004D03B581DA03D034501BA83D40D3406D80DA03340DD406A83D40D3406DA0F6004D43D3406DA0F6004D03B5016A0FD034501BA0F6004D03B581DA03340D501BA83D40D3406D80DA03340DD4066A0F40D3608A75D0176B619231E493425F02340DB25A07F3C338532DCCB4B7B72FF049A12F019A0659AE85C7AB8499675A5B5BE7F994D097004D832CD7C2FC4A61A6A3A3E3629F10FA12A06990877A9868EDCC905919F42540D3202FF5306EED8CB532E84B80A641AE84F0B2D9AC0CFA12A06990E7307341C95A99369F08FA12A06990C7BA38B776C6AC0CFA12A06990D7BA98BF70E142B581BE04681AE4563CBC94141E415F02340D72E5C2308E87D15B78743613FA12A06990BB20530C307166E6984083BE04681AE431C84CF63CE84B80A64166B44D12588AAF5B4383BE04681A6436C84C1654CCD0A02F019A069973614BBA1997B4EF077D09D03498F120B3A0869F3B21D0A02F019A06790C32D3F5F3A02F019A06359B6CB16FA3FF3BA02F019A06A903C8741D22324383BE04681A344CF9E2DDF3C25856784CA3FCE72C0A465F02340D1A166416940492FB5ABE7BFFA5FB52049A4A3F27D0A02F019A060D0B32D1B242204952049AD220531C4B4B5EB786067D09D03498769502C644C1A45AA099E8FD1B2678BF3534E84B80A6C1B40799B6140165A24033D520531E681C72425F02340D6A36D5403159A0491B644AFF7E77DB465F02340DEA0A32530D129502CDF9350699226B68D097004D83190F32D502CD8B7504997AFF3DE84B009AC61C54EF4CC84481A69E20531E68ACA1415F0266A66918CD33C2AFB4B7CE92387F821999170BCFD7A3D7EFC74859CB00CCE199995A6740AACDCCA4B9B09E991900A06631389C6899993533B5041A6B6600809A024D9A99904AA75F4F7436539A40E36C2600A0EE4033599098EC3A3269AF145C34BFC5756600803A4D363332D50BE2A50D34C5435D17FB150000F5AA344393F6CABE530D34C5BF4F900100A64D9CA1293FE4B3AC25FD7564DC351B0098D54053BA28B83498A4B9205EA59F73FA350030E3CA0F39C520B2B425FDE9D6E53F57EFF56D00006A0E34F59AE8101600402E028D0BE20100B3A6DE43430E2D01009909346967562CF605003223EDA12287960080DC069A788B0257F6050032A9AD1054DAAABC7E4C900100B2ACD20C8D434B00406E038D200300E436D0F40A3200405EC53532498BD3AF01801C7B9F8F000000000000000000000000000000000000C89BFF072EB5F16CFE1478BD0000000049454E44AE426082, 1);

-- ----------------------------
-- Table structure for ACT_GE_PROPERTY
-- ----------------------------
DROP TABLE IF EXISTS `ACT_GE_PROPERTY`;
CREATE TABLE `ACT_GE_PROPERTY`  (
  `NAME_` varchar(64) CHARACTER SET utf8 COLLATE utf8_bin NOT NULL,
  `VALUE_` varchar(300) CHARACTER SET utf8 COLLATE utf8_bin NULL DEFAULT NULL,
  `REV_` int(11) NULL DEFAULT NULL,
  PRIMARY KEY (`NAME_`) USING BTREE
) ENGINE = InnoDB CHARACTER SET = utf8 COLLATE = utf8_bin ROW_FORMAT = Dynamic;

-- ----------------------------
-- Records of ACT_GE_PROPERTY
-- ----------------------------
INSERT INTO `ACT_GE_PROPERTY` VALUES ('cfg.execution-related-entities-count', 'true', 1);
INSERT INTO `ACT_GE_PROPERTY` VALUES ('cfg.task-related-entities-count', 'true', 1);
INSERT INTO `ACT_GE_PROPERTY` VALUES ('common.schema.version', '6.4.0.0', 1);
INSERT INTO `ACT_GE_PROPERTY` VALUES ('identitylink.schema.version', '6.4.0.0', 1);
INSERT INTO `ACT_GE_PROPERTY` VALUES ('job.schema.version', '6.4.0.0', 1);
INSERT INTO `ACT_GE_PROPERTY` VALUES ('next.dbid', '1', 1);
INSERT INTO `ACT_GE_PROPERTY` VALUES ('schema.history', 'create(6.3.2.0)', 1);
INSERT INTO `ACT_GE_PROPERTY` VALUES ('schema.version', '6.4.0.0', 1);
INSERT INTO `ACT_GE_PROPERTY` VALUES ('task.schema.version', '6.4.0.0', 1);
INSERT INTO `ACT_GE_PROPERTY` VALUES ('variable.schema.version', '6.4.0.0', 1);

-- ----------------------------
-- Table structure for ACT_HI_ACTINST
-- ----------------------------
DROP TABLE IF EXISTS `ACT_HI_ACTINST`;
CREATE TABLE `ACT_HI_ACTINST`  (
  `ID_` varchar(64) CHARACTER SET utf8 COLLATE utf8_bin NOT NULL,
  `REV_` int(11) NULL DEFAULT 1,
  `PROC_DEF_ID_` varchar(64) CHARACTER SET utf8 COLLATE utf8_bin NOT NULL,
  `PROC_INST_ID_` varchar(64) CHARACTER SET utf8 COLLATE utf8_bin NOT NULL,
  `EXECUTION_ID_` varchar(64) CHARACTER SET utf8 COLLATE utf8_bin NOT NULL,
  `ACT_ID_` varchar(255) CHARACTER SET utf8 COLLATE utf8_bin NOT NULL,
  `TASK_ID_` varchar(64) CHARACTER SET utf8 COLLATE utf8_bin NULL DEFAULT NULL,
  `CALL_PROC_INST_ID_` varchar(64) CHARACTER SET utf8 COLLATE utf8_bin NULL DEFAULT NULL,
  `ACT_NAME_` varchar(255) CHARACTER SET utf8 COLLATE utf8_bin NULL DEFAULT NULL,
  `ACT_TYPE_` varchar(255) CHARACTER SET utf8 COLLATE utf8_bin NOT NULL,
  `ASSIGNEE_` varchar(255) CHARACTER SET utf8 COLLATE utf8_bin NULL DEFAULT NULL,
  `START_TIME_` datetime(3) NOT NULL,
  `END_TIME_` datetime(3) NULL DEFAULT NULL,
  `DURATION_` bigint(20) NULL DEFAULT NULL,
  `DELETE_REASON_` varchar(4000) CHARACTER SET utf8 COLLATE utf8_bin NULL DEFAULT NULL,
  `TENANT_ID_` varchar(255) CHARACTER SET utf8 COLLATE utf8_bin NULL DEFAULT '',
  PRIMARY KEY (`ID_`) USING BTREE,
  INDEX `ACT_IDX_HI_ACT_INST_START`(`START_TIME_`) USING BTREE,
  INDEX `ACT_IDX_HI_ACT_INST_END`(`END_TIME_`) USING BTREE,
  INDEX `ACT_IDX_HI_ACT_INST_PROCINST`(`PROC_INST_ID_`, `ACT_ID_`) USING BTREE,
  INDEX `ACT_IDX_HI_ACT_INST_EXEC`(`EXECUTION_ID_`, `ACT_ID_`) USING BTREE
) ENGINE = InnoDB CHARACTER SET = utf8 COLLATE = utf8_bin ROW_FORMAT = Dynamic;

-- ----------------------------
-- Records of ACT_HI_ACTINST
-- ----------------------------
INSERT INTO `ACT_HI_ACTINST` VALUES ('02da8c39-9d25-11eb-af8d-00163e2e65eb', 1, 'jsite_leave:1:e0d76cbb-9d24-11eb-af8d-00163e2e65eb', 'f371151c-9d24-11eb-af8d-00163e2e65eb', 'f3718a50-9d24-11eb-af8d-00163e2e65eb', 'sid-D9CD09E3-6804-4B26-9DCE-31DC53B64E26', NULL, NULL, NULL, 'exclusiveGateway', NULL, '2021-04-14 21:26:25.216', '2021-04-14 21:26:25.217', 1, NULL, '');
INSERT INTO `ACT_HI_ACTINST` VALUES ('02dab34a-9d25-11eb-af8d-00163e2e65eb', 1, 'jsite_leave:1:e0d76cbb-9d24-11eb-af8d-00163e2e65eb', 'f371151c-9d24-11eb-af8d-00163e2e65eb', 'f3718a50-9d24-11eb-af8d-00163e2e65eb', 'end', NULL, NULL, '流程结束', 'endEvent', NULL, '2021-04-14 21:26:25.217', '2021-04-14 21:26:25.220', 3, NULL, '');
INSERT INTO `ACT_HI_ACTINST` VALUES ('24ca98e0-9d25-11eb-af8d-00163e2e65eb', 1, 'jsite_leave:1:e0d76cbb-9d24-11eb-af8d-00163e2e65eb', '24ca98db-9d25-11eb-af8d-00163e2e65eb', '24ca98df-9d25-11eb-af8d-00163e2e65eb', 'startevent1', NULL, NULL, '开始节点', 'startEvent', NULL, '2021-04-14 21:27:22.154', '2021-04-14 21:27:22.154', 0, NULL, '');
INSERT INTO `ACT_HI_ACTINST` VALUES ('24ca98e1-9d25-11eb-af8d-00163e2e65eb', 2, 'jsite_leave:1:e0d76cbb-9d24-11eb-af8d-00163e2e65eb', '24ca98db-9d25-11eb-af8d-00163e2e65eb', '24ca98df-9d25-11eb-af8d-00163e2e65eb', 'leave_leader_audit', '24cabff2-9d25-11eb-af8d-00163e2e65eb', NULL, '领导审批', 'userTask', 'jsite', '2021-04-14 21:27:22.154', '2021-04-14 21:27:40.048', 17894, NULL, '');
INSERT INTO `ACT_HI_ACTINST` VALUES ('2f752858-9d25-11eb-af8d-00163e2e65eb', 1, 'jsite_leave:1:e0d76cbb-9d24-11eb-af8d-00163e2e65eb', '24ca98db-9d25-11eb-af8d-00163e2e65eb', '24ca98df-9d25-11eb-af8d-00163e2e65eb', 'sid-D9CD09E3-6804-4B26-9DCE-31DC53B64E26', NULL, NULL, NULL, 'exclusiveGateway', NULL, '2021-04-14 21:27:40.049', '2021-04-14 21:27:40.049', 0, NULL, '');
INSERT INTO `ACT_HI_ACTINST` VALUES ('2f752859-9d25-11eb-af8d-00163e2e65eb', 2, 'jsite_leave:1:e0d76cbb-9d24-11eb-af8d-00163e2e65eb', '24ca98db-9d25-11eb-af8d-00163e2e65eb', '24ca98df-9d25-11eb-af8d-00163e2e65eb', 'adjustApply', '2f75285a-9d25-11eb-af8d-00163e2e65eb', NULL, '调整申请', 'userTask', 'jsite', '2021-04-14 21:27:40.049', '2021-04-14 21:31:29.051', 229002, NULL, '');
INSERT INTO `ACT_HI_ACTINST` VALUES ('b7f416fe-9d25-11eb-af8d-00163e2e65eb', 1, 'jsite_leave:1:e0d76cbb-9d24-11eb-af8d-00163e2e65eb', '24ca98db-9d25-11eb-af8d-00163e2e65eb', '24ca98df-9d25-11eb-af8d-00163e2e65eb', 'sid-52E803B4-4779-43D2-944C-3312F05EDEC0', NULL, NULL, NULL, 'exclusiveGateway', NULL, '2021-04-14 21:31:29.051', '2021-04-14 21:31:29.051', 0, NULL, '');
INSERT INTO `ACT_HI_ACTINST` VALUES ('b7f416ff-9d25-11eb-af8d-00163e2e65eb', 2, 'jsite_leave:1:e0d76cbb-9d24-11eb-af8d-00163e2e65eb', '24ca98db-9d25-11eb-af8d-00163e2e65eb', '24ca98df-9d25-11eb-af8d-00163e2e65eb', 'leave_leader_audit', 'b7f41700-9d25-11eb-af8d-00163e2e65eb', NULL, '领导审批', 'userTask', 'end', '2021-04-14 21:31:29.051', '2021-04-14 21:46:39.115', 910064, NULL, '');
INSERT INTO `ACT_HI_ACTINST` VALUES ('d66572dd-9d27-11eb-a6ec-00163e2e65eb', 1, 'jsite_leave:1:e0d76cbb-9d24-11eb-af8d-00163e2e65eb', '24ca98db-9d25-11eb-af8d-00163e2e65eb', '24ca98df-9d25-11eb-af8d-00163e2e65eb', 'sid-D9CD09E3-6804-4B26-9DCE-31DC53B64E26', NULL, NULL, NULL, 'exclusiveGateway', NULL, '2021-04-14 21:46:39.120', '2021-04-14 21:46:39.135', 15, NULL, '');
INSERT INTO `ACT_HI_ACTINST` VALUES ('d667e3de-9d27-11eb-a6ec-00163e2e65eb', 2, 'jsite_leave:1:e0d76cbb-9d24-11eb-af8d-00163e2e65eb', '24ca98db-9d25-11eb-af8d-00163e2e65eb', '24ca98df-9d25-11eb-af8d-00163e2e65eb', 'adjustApply', 'd6680aef-9d27-11eb-a6ec-00163e2e65eb', NULL, '调整申请', 'userTask', 'jsite', '2021-04-14 21:46:39.135', '2021-04-14 21:47:02.224', 23089, NULL, '');
INSERT INTO `ACT_HI_ACTINST` VALUES ('e42afdf2-9d27-11eb-a6ec-00163e2e65eb', 1, 'jsite_leave:1:e0d76cbb-9d24-11eb-af8d-00163e2e65eb', '24ca98db-9d25-11eb-af8d-00163e2e65eb', '24ca98df-9d25-11eb-af8d-00163e2e65eb', 'sid-52E803B4-4779-43D2-944C-3312F05EDEC0', NULL, NULL, NULL, 'exclusiveGateway', NULL, '2021-04-14 21:47:02.224', '2021-04-14 21:47:02.224', 0, NULL, '');
INSERT INTO `ACT_HI_ACTINST` VALUES ('e42afdf3-9d27-11eb-a6ec-00163e2e65eb', 1, 'jsite_leave:1:e0d76cbb-9d24-11eb-af8d-00163e2e65eb', '24ca98db-9d25-11eb-af8d-00163e2e65eb', '24ca98df-9d25-11eb-af8d-00163e2e65eb', 'leave_leader_audit', 'e42afdf4-9d27-11eb-a6ec-00163e2e65eb', NULL, '领导审批', 'userTask', 'jsite', '2021-04-14 21:47:02.224', NULL, NULL, NULL, '');
INSERT INTO `ACT_HI_ACTINST` VALUES ('f371ff81-9d24-11eb-af8d-00163e2e65eb', 1, 'jsite_leave:1:e0d76cbb-9d24-11eb-af8d-00163e2e65eb', 'f371151c-9d24-11eb-af8d-00163e2e65eb', 'f3718a50-9d24-11eb-af8d-00163e2e65eb', 'startevent1', NULL, NULL, '开始节点', 'startEvent', NULL, '2021-04-14 21:25:59.365', '2021-04-14 21:25:59.367', 2, NULL, '');
INSERT INTO `ACT_HI_ACTINST` VALUES ('f3729bc2-9d24-11eb-af8d-00163e2e65eb', 2, 'jsite_leave:1:e0d76cbb-9d24-11eb-af8d-00163e2e65eb', 'f371151c-9d24-11eb-af8d-00163e2e65eb', 'f3718a50-9d24-11eb-af8d-00163e2e65eb', 'leave_leader_audit', 'f3766c53-9d24-11eb-af8d-00163e2e65eb', NULL, '领导审批', 'userTask', 'jsite', '2021-04-14 21:25:59.369', '2021-04-14 21:26:25.216', 25847, NULL, '');

-- ----------------------------
-- Table structure for ACT_HI_ATTACHMENT
-- ----------------------------
DROP TABLE IF EXISTS `ACT_HI_ATTACHMENT`;
CREATE TABLE `ACT_HI_ATTACHMENT`  (
  `ID_` varchar(64) CHARACTER SET utf8 COLLATE utf8_bin NOT NULL,
  `REV_` int(11) NULL DEFAULT NULL,
  `USER_ID_` varchar(255) CHARACTER SET utf8 COLLATE utf8_bin NULL DEFAULT NULL,
  `NAME_` varchar(255) CHARACTER SET utf8 COLLATE utf8_bin NULL DEFAULT NULL,
  `DESCRIPTION_` varchar(4000) CHARACTER SET utf8 COLLATE utf8_bin NULL DEFAULT NULL,
  `TYPE_` varchar(255) CHARACTER SET utf8 COLLATE utf8_bin NULL DEFAULT NULL,
  `TASK_ID_` varchar(64) CHARACTER SET utf8 COLLATE utf8_bin NULL DEFAULT NULL,
  `PROC_INST_ID_` varchar(64) CHARACTER SET utf8 COLLATE utf8_bin NULL DEFAULT NULL,
  `URL_` varchar(4000) CHARACTER SET utf8 COLLATE utf8_bin NULL DEFAULT NULL,
  `CONTENT_ID_` varchar(64) CHARACTER SET utf8 COLLATE utf8_bin NULL DEFAULT NULL,
  `TIME_` datetime(3) NULL DEFAULT NULL,
  PRIMARY KEY (`ID_`) USING BTREE
) ENGINE = InnoDB CHARACTER SET = utf8 COLLATE = utf8_bin ROW_FORMAT = Dynamic;

-- ----------------------------
-- Records of ACT_HI_ATTACHMENT
-- ----------------------------

-- ----------------------------
-- Table structure for ACT_HI_COMMENT
-- ----------------------------
DROP TABLE IF EXISTS `ACT_HI_COMMENT`;
CREATE TABLE `ACT_HI_COMMENT`  (
  `ID_` varchar(64) CHARACTER SET utf8 COLLATE utf8_bin NOT NULL,
  `TYPE_` varchar(255) CHARACTER SET utf8 COLLATE utf8_bin NULL DEFAULT NULL,
  `TIME_` datetime(3) NOT NULL,
  `USER_ID_` varchar(255) CHARACTER SET utf8 COLLATE utf8_bin NULL DEFAULT NULL,
  `TASK_ID_` varchar(64) CHARACTER SET utf8 COLLATE utf8_bin NULL DEFAULT NULL,
  `PROC_INST_ID_` varchar(64) CHARACTER SET utf8 COLLATE utf8_bin NULL DEFAULT NULL,
  `ACTION_` varchar(255) CHARACTER SET utf8 COLLATE utf8_bin NULL DEFAULT NULL,
  `MESSAGE_` varchar(4000) CHARACTER SET utf8 COLLATE utf8_bin NULL DEFAULT NULL,
  `FULL_MSG_` longblob NULL,
  PRIMARY KEY (`ID_`) USING BTREE
) ENGINE = InnoDB CHARACTER SET = utf8 COLLATE = utf8_bin ROW_FORMAT = Dynamic;

-- ----------------------------
-- Records of ACT_HI_COMMENT
-- ----------------------------
INSERT INTO `ACT_HI_COMMENT` VALUES ('02c9ea66-9d25-11eb-af8d-00163e2e65eb', 'comment', '2021-04-14 21:26:25.107', NULL, 'f3766c53-9d24-11eb-af8d-00163e2e65eb', 'f371151c-9d24-11eb-af8d-00163e2e65eb', 'AddComment', '同意！！！', 0xE5908CE6848FEFBC81EFBC81EFBC81);
INSERT INTO `ACT_HI_COMMENT` VALUES ('2f6d1205-9d25-11eb-af8d-00163e2e65eb', 'comment', '2021-04-14 21:27:39.996', NULL, '24cabff2-9d25-11eb-af8d-00163e2e65eb', '24ca98db-9d25-11eb-af8d-00163e2e65eb', 'AddComment', '测试驳回！！！', 0xE6B58BE8AF95E9A9B3E59B9EEFBC81EFBC81EFBC81);
INSERT INTO `ACT_HI_COMMENT` VALUES ('b7f130cc-9d25-11eb-af8d-00163e2e65eb', 'comment', '2021-04-14 21:31:29.032', 'jsite', '2f75285a-9d25-11eb-af8d-00163e2e65eb', '24ca98db-9d25-11eb-af8d-00163e2e65eb', 'AddComment', '测试驳回！！！', 0xE6B58BE8AF95E9A9B3E59B9EEFBC81EFBC81EFBC81);
INSERT INTO `ACT_HI_COMMENT` VALUES ('d65657ac-9d27-11eb-a6ec-00163e2e65eb', 'comment', '2021-04-14 21:46:39.020', NULL, 'b7f41700-9d25-11eb-af8d-00163e2e65eb', '24ca98db-9d25-11eb-af8d-00163e2e65eb', 'AddComment', '测试驳回！！！', 0xE6B58BE8AF95E9A9B3E59B9EEFBC81EFBC81EFBC81);
INSERT INTO `ACT_HI_COMMENT` VALUES ('e4224b61-9d27-11eb-a6ec-00163e2e65eb', 'comment', '2021-04-14 21:47:02.164', NULL, 'd6680aef-9d27-11eb-a6ec-00163e2e65eb', '24ca98db-9d25-11eb-af8d-00163e2e65eb', 'AddComment', '测试驳回！！！', 0xE6B58BE8AF95E9A9B3E59B9EEFBC81EFBC81EFBC81);

-- ----------------------------
-- Table structure for ACT_HI_DETAIL
-- ----------------------------
DROP TABLE IF EXISTS `ACT_HI_DETAIL`;
CREATE TABLE `ACT_HI_DETAIL`  (
  `ID_` varchar(64) CHARACTER SET utf8 COLLATE utf8_bin NOT NULL,
  `TYPE_` varchar(255) CHARACTER SET utf8 COLLATE utf8_bin NOT NULL,
  `PROC_INST_ID_` varchar(64) CHARACTER SET utf8 COLLATE utf8_bin NULL DEFAULT NULL,
  `EXECUTION_ID_` varchar(64) CHARACTER SET utf8 COLLATE utf8_bin NULL DEFAULT NULL,
  `TASK_ID_` varchar(64) CHARACTER SET utf8 COLLATE utf8_bin NULL DEFAULT NULL,
  `ACT_INST_ID_` varchar(64) CHARACTER SET utf8 COLLATE utf8_bin NULL DEFAULT NULL,
  `NAME_` varchar(255) CHARACTER SET utf8 COLLATE utf8_bin NOT NULL,
  `VAR_TYPE_` varchar(255) CHARACTER SET utf8 COLLATE utf8_bin NULL DEFAULT NULL,
  `REV_` int(11) NULL DEFAULT NULL,
  `TIME_` datetime(3) NOT NULL,
  `BYTEARRAY_ID_` varchar(64) CHARACTER SET utf8 COLLATE utf8_bin NULL DEFAULT NULL,
  `DOUBLE_` double NULL DEFAULT NULL,
  `LONG_` bigint(20) NULL DEFAULT NULL,
  `TEXT_` varchar(4000) CHARACTER SET utf8 COLLATE utf8_bin NULL DEFAULT NULL,
  `TEXT2_` varchar(4000) CHARACTER SET utf8 COLLATE utf8_bin NULL DEFAULT NULL,
  PRIMARY KEY (`ID_`) USING BTREE,
  INDEX `ACT_IDX_HI_DETAIL_PROC_INST`(`PROC_INST_ID_`) USING BTREE,
  INDEX `ACT_IDX_HI_DETAIL_ACT_INST`(`ACT_INST_ID_`) USING BTREE,
  INDEX `ACT_IDX_HI_DETAIL_TIME`(`TIME_`) USING BTREE,
  INDEX `ACT_IDX_HI_DETAIL_NAME`(`NAME_`) USING BTREE,
  INDEX `ACT_IDX_HI_DETAIL_TASK_ID`(`TASK_ID_`) USING BTREE
) ENGINE = InnoDB CHARACTER SET = utf8 COLLATE = utf8_bin ROW_FORMAT = Dynamic;

-- ----------------------------
-- Records of ACT_HI_DETAIL
-- ----------------------------

-- ----------------------------
-- Table structure for ACT_HI_IDENTITYLINK
-- ----------------------------
DROP TABLE IF EXISTS `ACT_HI_IDENTITYLINK`;
CREATE TABLE `ACT_HI_IDENTITYLINK`  (
  `ID_` varchar(64) CHARACTER SET utf8 COLLATE utf8_bin NOT NULL,
  `GROUP_ID_` varchar(255) CHARACTER SET utf8 COLLATE utf8_bin NULL DEFAULT NULL,
  `TYPE_` varchar(255) CHARACTER SET utf8 COLLATE utf8_bin NULL DEFAULT NULL,
  `USER_ID_` varchar(255) CHARACTER SET utf8 COLLATE utf8_bin NULL DEFAULT NULL,
  `TASK_ID_` varchar(64) CHARACTER SET utf8 COLLATE utf8_bin NULL DEFAULT NULL,
  `CREATE_TIME_` datetime(3) NULL DEFAULT NULL,
  `PROC_INST_ID_` varchar(64) CHARACTER SET utf8 COLLATE utf8_bin NULL DEFAULT NULL,
  `SCOPE_ID_` varchar(255) CHARACTER SET utf8 COLLATE utf8_bin NULL DEFAULT NULL,
  `SCOPE_TYPE_` varchar(255) CHARACTER SET utf8 COLLATE utf8_bin NULL DEFAULT NULL,
  `SCOPE_DEFINITION_ID_` varchar(255) CHARACTER SET utf8 COLLATE utf8_bin NULL DEFAULT NULL,
  PRIMARY KEY (`ID_`) USING BTREE,
  INDEX `ACT_IDX_HI_IDENT_LNK_USER`(`USER_ID_`) USING BTREE,
  INDEX `ACT_IDX_HI_IDENT_LNK_SCOPE`(`SCOPE_ID_`, `SCOPE_TYPE_`) USING BTREE,
  INDEX `ACT_IDX_HI_IDENT_LNK_SCOPE_DEF`(`SCOPE_DEFINITION_ID_`, `SCOPE_TYPE_`) USING BTREE,
  INDEX `ACT_IDX_HI_IDENT_LNK_TASK`(`TASK_ID_`) USING BTREE,
  INDEX `ACT_IDX_HI_IDENT_LNK_PROCINST`(`PROC_INST_ID_`) USING BTREE
) ENGINE = InnoDB CHARACTER SET = utf8 COLLATE = utf8_bin ROW_FORMAT = Dynamic;

-- ----------------------------
-- Records of ACT_HI_IDENTITYLINK
-- ----------------------------
INSERT INTO `ACT_HI_IDENTITYLINK` VALUES ('24ca98dd-9d25-11eb-af8d-00163e2e65eb', NULL, 'starter', 'jsite', NULL, '2021-04-14 21:27:22.154', '24ca98db-9d25-11eb-af8d-00163e2e65eb', NULL, NULL, NULL);
INSERT INTO `ACT_HI_IDENTITYLINK` VALUES ('24cabff3-9d25-11eb-af8d-00163e2e65eb', NULL, 'assignee', 'jsite', '24cabff2-9d25-11eb-af8d-00163e2e65eb', '2021-04-14 21:27:22.155', NULL, NULL, NULL, NULL);
INSERT INTO `ACT_HI_IDENTITYLINK` VALUES ('24cabff4-9d25-11eb-af8d-00163e2e65eb', NULL, 'participant', 'jsite', NULL, '2021-04-14 21:27:22.155', '24ca98db-9d25-11eb-af8d-00163e2e65eb', NULL, NULL, NULL);
INSERT INTO `ACT_HI_IDENTITYLINK` VALUES ('2f75285b-9d25-11eb-af8d-00163e2e65eb', NULL, 'assignee', 'jsite', '2f75285a-9d25-11eb-af8d-00163e2e65eb', '2021-04-14 21:27:40.049', NULL, NULL, NULL, NULL);
INSERT INTO `ACT_HI_IDENTITYLINK` VALUES ('b7f2b76d-9d25-11eb-af8d-00163e2e65eb', NULL, 'participant', 'jsite', NULL, '2021-04-14 21:31:29.042', '24ca98db-9d25-11eb-af8d-00163e2e65eb', NULL, NULL, NULL);
INSERT INTO `ACT_HI_IDENTITYLINK` VALUES ('b7f43e11-9d25-11eb-af8d-00163e2e65eb', NULL, 'assignee', 'end', 'b7f41700-9d25-11eb-af8d-00163e2e65eb', '2021-04-14 21:31:29.052', NULL, NULL, NULL, NULL);
INSERT INTO `ACT_HI_IDENTITYLINK` VALUES ('b7f43e12-9d25-11eb-af8d-00163e2e65eb', NULL, 'participant', 'end', NULL, '2021-04-14 21:31:29.052', '24ca98db-9d25-11eb-af8d-00163e2e65eb', NULL, NULL, NULL);
INSERT INTO `ACT_HI_IDENTITYLINK` VALUES ('d6685910-9d27-11eb-a6ec-00163e2e65eb', NULL, 'assignee', 'jsite', 'd6680aef-9d27-11eb-a6ec-00163e2e65eb', '2021-04-14 21:46:39.138', NULL, NULL, NULL, NULL);
INSERT INTO `ACT_HI_IDENTITYLINK` VALUES ('e42b2505-9d27-11eb-a6ec-00163e2e65eb', NULL, 'assignee', 'jsite', 'e42afdf4-9d27-11eb-a6ec-00163e2e65eb', '2021-04-14 21:47:02.225', NULL, NULL, NULL, NULL);
INSERT INTO `ACT_HI_IDENTITYLINK` VALUES ('f3718a4e-9d24-11eb-af8d-00163e2e65eb', NULL, 'starter', 'jsite', NULL, '2021-04-14 21:25:59.362', 'f371151c-9d24-11eb-af8d-00163e2e65eb', NULL, NULL, NULL);
INSERT INTO `ACT_HI_IDENTITYLINK` VALUES ('f376e184-9d24-11eb-af8d-00163e2e65eb', NULL, 'assignee', 'jsite', 'f3766c53-9d24-11eb-af8d-00163e2e65eb', '2021-04-14 21:25:59.397', NULL, NULL, NULL, NULL);
INSERT INTO `ACT_HI_IDENTITYLINK` VALUES ('f376e185-9d24-11eb-af8d-00163e2e65eb', NULL, 'participant', 'jsite', NULL, '2021-04-14 21:25:59.397', 'f371151c-9d24-11eb-af8d-00163e2e65eb', NULL, NULL, NULL);

-- ----------------------------
-- Table structure for ACT_HI_PROCINST
-- ----------------------------
DROP TABLE IF EXISTS `ACT_HI_PROCINST`;
CREATE TABLE `ACT_HI_PROCINST`  (
  `ID_` varchar(64) CHARACTER SET utf8 COLLATE utf8_bin NOT NULL,
  `REV_` int(11) NULL DEFAULT 1,
  `PROC_INST_ID_` varchar(64) CHARACTER SET utf8 COLLATE utf8_bin NOT NULL,
  `BUSINESS_KEY_` varchar(255) CHARACTER SET utf8 COLLATE utf8_bin NULL DEFAULT NULL,
  `PROC_DEF_ID_` varchar(64) CHARACTER SET utf8 COLLATE utf8_bin NOT NULL,
  `START_TIME_` datetime(3) NOT NULL,
  `END_TIME_` datetime(3) NULL DEFAULT NULL,
  `DURATION_` bigint(20) NULL DEFAULT NULL,
  `START_USER_ID_` varchar(255) CHARACTER SET utf8 COLLATE utf8_bin NULL DEFAULT NULL,
  `START_ACT_ID_` varchar(255) CHARACTER SET utf8 COLLATE utf8_bin NULL DEFAULT NULL,
  `END_ACT_ID_` varchar(255) CHARACTER SET utf8 COLLATE utf8_bin NULL DEFAULT NULL,
  `SUPER_PROCESS_INSTANCE_ID_` varchar(64) CHARACTER SET utf8 COLLATE utf8_bin NULL DEFAULT NULL,
  `DELETE_REASON_` varchar(4000) CHARACTER SET utf8 COLLATE utf8_bin NULL DEFAULT NULL,
  `TENANT_ID_` varchar(255) CHARACTER SET utf8 COLLATE utf8_bin NULL DEFAULT '',
  `NAME_` varchar(255) CHARACTER SET utf8 COLLATE utf8_bin NULL DEFAULT NULL,
  `CALLBACK_ID_` varchar(255) CHARACTER SET utf8 COLLATE utf8_bin NULL DEFAULT NULL,
  `CALLBACK_TYPE_` varchar(255) CHARACTER SET utf8 COLLATE utf8_bin NULL DEFAULT NULL,
  PRIMARY KEY (`ID_`) USING BTREE,
  UNIQUE INDEX `PROC_INST_ID_`(`PROC_INST_ID_`) USING BTREE,
  INDEX `ACT_IDX_HI_PRO_INST_END`(`END_TIME_`) USING BTREE,
  INDEX `ACT_IDX_HI_PRO_I_BUSKEY`(`BUSINESS_KEY_`) USING BTREE
) ENGINE = InnoDB CHARACTER SET = utf8 COLLATE = utf8_bin ROW_FORMAT = Dynamic;

-- ----------------------------
-- Records of ACT_HI_PROCINST
-- ----------------------------
INSERT INTO `ACT_HI_PROCINST` VALUES ('24ca98db-9d25-11eb-af8d-00163e2e65eb', 1, '24ca98db-9d25-11eb-af8d-00163e2e65eb', '6ae7afa2de1243c288b4257af7fcb925', 'jsite_leave:1:e0d76cbb-9d24-11eb-af8d-00163e2e65eb', '2021-04-14 21:27:22.154', NULL, NULL, 'jsite', 'startevent1', NULL, NULL, NULL, '', NULL, NULL, NULL);
INSERT INTO `ACT_HI_PROCINST` VALUES ('f371151c-9d24-11eb-af8d-00163e2e65eb', 2, 'f371151c-9d24-11eb-af8d-00163e2e65eb', 'ea452ad879454aa28d2144ab01615782', 'jsite_leave:1:e0d76cbb-9d24-11eb-af8d-00163e2e65eb', '2021-04-14 21:25:59.359', '2021-04-14 21:26:25.260', 25901, 'jsite', 'startevent1', 'end', NULL, NULL, '', NULL, NULL, NULL);

-- ----------------------------
-- Table structure for ACT_HI_TASKINST
-- ----------------------------
DROP TABLE IF EXISTS `ACT_HI_TASKINST`;
CREATE TABLE `ACT_HI_TASKINST`  (
  `ID_` varchar(64) CHARACTER SET utf8 COLLATE utf8_bin NOT NULL,
  `REV_` int(11) NULL DEFAULT 1,
  `PROC_DEF_ID_` varchar(64) CHARACTER SET utf8 COLLATE utf8_bin NULL DEFAULT NULL,
  `TASK_DEF_ID_` varchar(64) CHARACTER SET utf8 COLLATE utf8_bin NULL DEFAULT NULL,
  `TASK_DEF_KEY_` varchar(255) CHARACTER SET utf8 COLLATE utf8_bin NULL DEFAULT NULL,
  `PROC_INST_ID_` varchar(64) CHARACTER SET utf8 COLLATE utf8_bin NULL DEFAULT NULL,
  `EXECUTION_ID_` varchar(64) CHARACTER SET utf8 COLLATE utf8_bin NULL DEFAULT NULL,
  `SCOPE_ID_` varchar(255) CHARACTER SET utf8 COLLATE utf8_bin NULL DEFAULT NULL,
  `SUB_SCOPE_ID_` varchar(255) CHARACTER SET utf8 COLLATE utf8_bin NULL DEFAULT NULL,
  `SCOPE_TYPE_` varchar(255) CHARACTER SET utf8 COLLATE utf8_bin NULL DEFAULT NULL,
  `SCOPE_DEFINITION_ID_` varchar(255) CHARACTER SET utf8 COLLATE utf8_bin NULL DEFAULT NULL,
  `NAME_` varchar(255) CHARACTER SET utf8 COLLATE utf8_bin NULL DEFAULT NULL,
  `PARENT_TASK_ID_` varchar(64) CHARACTER SET utf8 COLLATE utf8_bin NULL DEFAULT NULL,
  `DESCRIPTION_` varchar(4000) CHARACTER SET utf8 COLLATE utf8_bin NULL DEFAULT NULL,
  `OWNER_` varchar(255) CHARACTER SET utf8 COLLATE utf8_bin NULL DEFAULT NULL,
  `ASSIGNEE_` varchar(255) CHARACTER SET utf8 COLLATE utf8_bin NULL DEFAULT NULL,
  `START_TIME_` datetime(3) NOT NULL,
  `CLAIM_TIME_` datetime(3) NULL DEFAULT NULL,
  `END_TIME_` datetime(3) NULL DEFAULT NULL,
  `DURATION_` bigint(20) NULL DEFAULT NULL,
  `DELETE_REASON_` varchar(4000) CHARACTER SET utf8 COLLATE utf8_bin NULL DEFAULT NULL,
  `PRIORITY_` int(11) NULL DEFAULT NULL,
  `DUE_DATE_` datetime(3) NULL DEFAULT NULL,
  `FORM_KEY_` varchar(255) CHARACTER SET utf8 COLLATE utf8_bin NULL DEFAULT NULL,
  `CATEGORY_` varchar(255) CHARACTER SET utf8 COLLATE utf8_bin NULL DEFAULT NULL,
  `TENANT_ID_` varchar(255) CHARACTER SET utf8 COLLATE utf8_bin NULL DEFAULT '',
  `LAST_UPDATED_TIME_` datetime(3) NULL DEFAULT NULL,
  PRIMARY KEY (`ID_`) USING BTREE,
  INDEX `ACT_IDX_HI_TASK_SCOPE`(`SCOPE_ID_`, `SCOPE_TYPE_`) USING BTREE,
  INDEX `ACT_IDX_HI_TASK_SUB_SCOPE`(`SUB_SCOPE_ID_`, `SCOPE_TYPE_`) USING BTREE,
  INDEX `ACT_IDX_HI_TASK_SCOPE_DEF`(`SCOPE_DEFINITION_ID_`, `SCOPE_TYPE_`) USING BTREE,
  INDEX `ACT_IDX_HI_TASK_INST_PROCINST`(`PROC_INST_ID_`) USING BTREE
) ENGINE = InnoDB CHARACTER SET = utf8 COLLATE = utf8_bin ROW_FORMAT = Dynamic;

-- ----------------------------
-- Records of ACT_HI_TASKINST
-- ----------------------------
INSERT INTO `ACT_HI_TASKINST` VALUES ('24cabff2-9d25-11eb-af8d-00163e2e65eb', 2, 'jsite_leave:1:e0d76cbb-9d24-11eb-af8d-00163e2e65eb', NULL, 'leave_leader_audit', '24ca98db-9d25-11eb-af8d-00163e2e65eb', '24ca98df-9d25-11eb-af8d-00163e2e65eb', NULL, NULL, NULL, NULL, '领导审批', NULL, NULL, NULL, 'jsite', '2021-04-14 21:27:22.155', NULL, '2021-04-14 21:27:40.043', 17888, NULL, 50, NULL, 'leave_leader_audit', NULL, '', '2021-04-14 21:27:40.043');
INSERT INTO `ACT_HI_TASKINST` VALUES ('2f75285a-9d25-11eb-af8d-00163e2e65eb', 2, 'jsite_leave:1:e0d76cbb-9d24-11eb-af8d-00163e2e65eb', NULL, 'adjustApply', '24ca98db-9d25-11eb-af8d-00163e2e65eb', '24ca98df-9d25-11eb-af8d-00163e2e65eb', NULL, NULL, NULL, NULL, '调整申请', NULL, NULL, NULL, 'jsite', '2021-04-14 21:27:40.049', NULL, '2021-04-14 21:31:29.044', 228995, NULL, 50, NULL, NULL, NULL, '', '2021-04-14 21:31:29.044');
INSERT INTO `ACT_HI_TASKINST` VALUES ('b7f41700-9d25-11eb-af8d-00163e2e65eb', 2, 'jsite_leave:1:e0d76cbb-9d24-11eb-af8d-00163e2e65eb', NULL, 'leave_leader_audit', '24ca98db-9d25-11eb-af8d-00163e2e65eb', '24ca98df-9d25-11eb-af8d-00163e2e65eb', NULL, NULL, NULL, NULL, '领导审批', NULL, NULL, NULL, 'end', '2021-04-14 21:31:29.051', NULL, '2021-04-14 21:46:39.076', 910025, NULL, 50, NULL, 'leave_leader_audit', NULL, '', '2021-04-14 21:46:39.076');
INSERT INTO `ACT_HI_TASKINST` VALUES ('d6680aef-9d27-11eb-a6ec-00163e2e65eb', 2, 'jsite_leave:1:e0d76cbb-9d24-11eb-af8d-00163e2e65eb', NULL, 'adjustApply', '24ca98db-9d25-11eb-af8d-00163e2e65eb', '24ca98df-9d25-11eb-af8d-00163e2e65eb', NULL, NULL, NULL, NULL, '调整申请', NULL, NULL, NULL, 'jsite', '2021-04-14 21:46:39.137', NULL, '2021-04-14 21:47:02.216', 23079, NULL, 50, NULL, NULL, NULL, '', '2021-04-14 21:47:02.216');
INSERT INTO `ACT_HI_TASKINST` VALUES ('e42afdf4-9d27-11eb-a6ec-00163e2e65eb', 1, 'jsite_leave:1:e0d76cbb-9d24-11eb-af8d-00163e2e65eb', NULL, 'leave_leader_audit', '24ca98db-9d25-11eb-af8d-00163e2e65eb', '24ca98df-9d25-11eb-af8d-00163e2e65eb', NULL, NULL, NULL, NULL, '领导审批', NULL, NULL, NULL, 'jsite', '2021-04-14 21:47:02.225', NULL, NULL, NULL, NULL, 50, NULL, 'leave_leader_audit', NULL, '', '2021-04-14 21:47:02.225');
INSERT INTO `ACT_HI_TASKINST` VALUES ('f3766c53-9d24-11eb-af8d-00163e2e65eb', 2, 'jsite_leave:1:e0d76cbb-9d24-11eb-af8d-00163e2e65eb', NULL, 'leave_leader_audit', 'f371151c-9d24-11eb-af8d-00163e2e65eb', 'f3718a50-9d24-11eb-af8d-00163e2e65eb', NULL, NULL, NULL, NULL, '领导审批', NULL, NULL, NULL, 'jsite', '2021-04-14 21:25:59.394', NULL, '2021-04-14 21:26:25.192', 25798, NULL, 50, NULL, 'leave_leader_audit', NULL, '', '2021-04-14 21:26:25.193');

-- ----------------------------
-- Table structure for ACT_HI_VARINST
-- ----------------------------
DROP TABLE IF EXISTS `ACT_HI_VARINST`;
CREATE TABLE `ACT_HI_VARINST`  (
  `ID_` varchar(64) CHARACTER SET utf8 COLLATE utf8_bin NOT NULL,
  `REV_` int(11) NULL DEFAULT 1,
  `PROC_INST_ID_` varchar(64) CHARACTER SET utf8 COLLATE utf8_bin NULL DEFAULT NULL,
  `EXECUTION_ID_` varchar(64) CHARACTER SET utf8 COLLATE utf8_bin NULL DEFAULT NULL,
  `TASK_ID_` varchar(64) CHARACTER SET utf8 COLLATE utf8_bin NULL DEFAULT NULL,
  `NAME_` varchar(255) CHARACTER SET utf8 COLLATE utf8_bin NOT NULL,
  `VAR_TYPE_` varchar(100) CHARACTER SET utf8 COLLATE utf8_bin NULL DEFAULT NULL,
  `SCOPE_ID_` varchar(255) CHARACTER SET utf8 COLLATE utf8_bin NULL DEFAULT NULL,
  `SUB_SCOPE_ID_` varchar(255) CHARACTER SET utf8 COLLATE utf8_bin NULL DEFAULT NULL,
  `SCOPE_TYPE_` varchar(255) CHARACTER SET utf8 COLLATE utf8_bin NULL DEFAULT NULL,
  `BYTEARRAY_ID_` varchar(64) CHARACTER SET utf8 COLLATE utf8_bin NULL DEFAULT NULL,
  `DOUBLE_` double NULL DEFAULT NULL,
  `LONG_` bigint(20) NULL DEFAULT NULL,
  `TEXT_` varchar(4000) CHARACTER SET utf8 COLLATE utf8_bin NULL DEFAULT NULL,
  `TEXT2_` varchar(4000) CHARACTER SET utf8 COLLATE utf8_bin NULL DEFAULT NULL,
  `CREATE_TIME_` datetime(3) NULL DEFAULT NULL,
  `LAST_UPDATED_TIME_` datetime(3) NULL DEFAULT NULL,
  PRIMARY KEY (`ID_`) USING BTREE,
  INDEX `ACT_IDX_HI_PROCVAR_NAME_TYPE`(`NAME_`, `VAR_TYPE_`) USING BTREE,
  INDEX `ACT_IDX_HI_VAR_SCOPE_ID_TYPE`(`SCOPE_ID_`, `SCOPE_TYPE_`) USING BTREE,
  INDEX `ACT_IDX_HI_VAR_SUB_ID_TYPE`(`SUB_SCOPE_ID_`, `SCOPE_TYPE_`) USING BTREE,
  INDEX `ACT_IDX_HI_PROCVAR_PROC_INST`(`PROC_INST_ID_`) USING BTREE,
  INDEX `ACT_IDX_HI_PROCVAR_TASK_ID`(`TASK_ID_`) USING BTREE,
  INDEX `ACT_IDX_HI_PROCVAR_EXE`(`EXECUTION_ID_`) USING BTREE
) ENGINE = InnoDB CHARACTER SET = utf8 COLLATE = utf8_bin ROW_FORMAT = Dynamic;

-- ----------------------------
-- Records of ACT_HI_VARINST
-- ----------------------------
INSERT INTO `ACT_HI_VARINST` VALUES ('02d1b297-9d25-11eb-af8d-00163e2e65eb', 0, 'f371151c-9d24-11eb-af8d-00163e2e65eb', 'f371151c-9d24-11eb-af8d-00163e2e65eb', NULL, 'auditPass', 'boolean', NULL, NULL, NULL, NULL, NULL, 1, NULL, NULL, '2021-04-14 21:26:25.158', '2021-04-14 21:26:25.184');
INSERT INTO `ACT_HI_VARINST` VALUES ('02d61f68-9d25-11eb-af8d-00163e2e65eb', 0, 'f371151c-9d24-11eb-af8d-00163e2e65eb', 'f371151c-9d24-11eb-af8d-00163e2e65eb', NULL, 'leave_leader_audit', 'string', NULL, NULL, NULL, NULL, NULL, NULL, 'jsite', NULL, '2021-04-14 21:26:25.187', '2021-04-14 21:26:25.187');
INSERT INTO `ACT_HI_VARINST` VALUES ('24ca98dc-9d25-11eb-af8d-00163e2e65eb', 2, '24ca98db-9d25-11eb-af8d-00163e2e65eb', '24ca98db-9d25-11eb-af8d-00163e2e65eb', NULL, 'applyUserId', 'string', NULL, NULL, NULL, NULL, NULL, NULL, 'jsite', NULL, '2021-04-14 21:27:22.154', '2021-04-14 21:46:39.070');
INSERT INTO `ACT_HI_VARINST` VALUES ('24ca98de-9d25-11eb-af8d-00163e2e65eb', 4, '24ca98db-9d25-11eb-af8d-00163e2e65eb', '24ca98db-9d25-11eb-af8d-00163e2e65eb', NULL, 'leaderName', 'string', NULL, NULL, NULL, NULL, NULL, NULL, 'jsite', NULL, '2021-04-14 21:27:22.154', '2021-04-14 21:47:02.209');
INSERT INTO `ACT_HI_VARINST` VALUES ('2f709476-9d25-11eb-af8d-00163e2e65eb', 3, '24ca98db-9d25-11eb-af8d-00163e2e65eb', '24ca98db-9d25-11eb-af8d-00163e2e65eb', NULL, 'auditPass', 'boolean', NULL, NULL, NULL, NULL, NULL, 1, NULL, NULL, '2021-04-14 21:27:40.019', '2021-04-14 21:47:02.206');
INSERT INTO `ACT_HI_VARINST` VALUES ('2f7109a7-9d25-11eb-af8d-00163e2e65eb', 1, '24ca98db-9d25-11eb-af8d-00163e2e65eb', '24ca98db-9d25-11eb-af8d-00163e2e65eb', NULL, 'leave_leader_audit', 'string', NULL, NULL, NULL, NULL, NULL, NULL, 'jsite', NULL, '2021-04-14 21:27:40.022', '2021-04-14 21:46:39.065');
INSERT INTO `ACT_HI_VARINST` VALUES ('f3713c2d-9d24-11eb-af8d-00163e2e65eb', 1, 'f371151c-9d24-11eb-af8d-00163e2e65eb', 'f371151c-9d24-11eb-af8d-00163e2e65eb', NULL, 'applyUserId', 'string', NULL, NULL, NULL, NULL, NULL, NULL, 'jsite', NULL, '2021-04-14 21:25:59.361', '2021-04-14 21:26:25.189');
INSERT INTO `ACT_HI_VARINST` VALUES ('f3718a4f-9d24-11eb-af8d-00163e2e65eb', 1, 'f371151c-9d24-11eb-af8d-00163e2e65eb', 'f371151c-9d24-11eb-af8d-00163e2e65eb', NULL, 'leaderName', 'string', NULL, NULL, NULL, NULL, NULL, NULL, '', NULL, '2021-04-14 21:25:59.362', '2021-04-14 21:26:25.184');

-- ----------------------------
-- Table structure for ACT_ID_BYTEARRAY
-- ----------------------------
DROP TABLE IF EXISTS `ACT_ID_BYTEARRAY`;
CREATE TABLE `ACT_ID_BYTEARRAY`  (
  `ID_` varchar(64) CHARACTER SET utf8 COLLATE utf8_bin NOT NULL,
  `REV_` int(11) NULL DEFAULT NULL,
  `NAME_` varchar(255) CHARACTER SET utf8 COLLATE utf8_bin NULL DEFAULT NULL,
  `BYTES_` longblob NULL,
  PRIMARY KEY (`ID_`) USING BTREE
) ENGINE = InnoDB CHARACTER SET = utf8 COLLATE = utf8_bin ROW_FORMAT = Dynamic;

-- ----------------------------
-- Records of ACT_ID_BYTEARRAY
-- ----------------------------

-- ----------------------------
-- Table structure for ACT_ID_GROUP
-- ----------------------------
DROP TABLE IF EXISTS `ACT_ID_GROUP`;
CREATE TABLE `ACT_ID_GROUP`  (
  `ID_` varchar(64) CHARACTER SET utf8 COLLATE utf8_bin NOT NULL,
  `REV_` int(11) NULL DEFAULT NULL,
  `NAME_` varchar(255) CHARACTER SET utf8 COLLATE utf8_bin NULL DEFAULT NULL,
  `TYPE_` varchar(255) CHARACTER SET utf8 COLLATE utf8_bin NULL DEFAULT NULL,
  PRIMARY KEY (`ID_`) USING BTREE
) ENGINE = InnoDB CHARACTER SET = utf8 COLLATE = utf8_bin ROW_FORMAT = Dynamic;

-- ----------------------------
-- Records of ACT_ID_GROUP
-- ----------------------------

-- ----------------------------
-- Table structure for ACT_ID_INFO
-- ----------------------------
DROP TABLE IF EXISTS `ACT_ID_INFO`;
CREATE TABLE `ACT_ID_INFO`  (
  `ID_` varchar(64) CHARACTER SET utf8 COLLATE utf8_bin NOT NULL,
  `REV_` int(11) NULL DEFAULT NULL,
  `USER_ID_` varchar(64) CHARACTER SET utf8 COLLATE utf8_bin NULL DEFAULT NULL,
  `TYPE_` varchar(64) CHARACTER SET utf8 COLLATE utf8_bin NULL DEFAULT NULL,
  `KEY_` varchar(255) CHARACTER SET utf8 COLLATE utf8_bin NULL DEFAULT NULL,
  `VALUE_` varchar(255) CHARACTER SET utf8 COLLATE utf8_bin NULL DEFAULT NULL,
  `PASSWORD_` longblob NULL,
  `PARENT_ID_` varchar(255) CHARACTER SET utf8 COLLATE utf8_bin NULL DEFAULT NULL,
  PRIMARY KEY (`ID_`) USING BTREE
) ENGINE = InnoDB CHARACTER SET = utf8 COLLATE = utf8_bin ROW_FORMAT = Dynamic;

-- ----------------------------
-- Records of ACT_ID_INFO
-- ----------------------------

-- ----------------------------
-- Table structure for ACT_ID_MEMBERSHIP
-- ----------------------------
DROP TABLE IF EXISTS `ACT_ID_MEMBERSHIP`;
CREATE TABLE `ACT_ID_MEMBERSHIP`  (
  `USER_ID_` varchar(64) CHARACTER SET utf8 COLLATE utf8_bin NOT NULL,
  `GROUP_ID_` varchar(64) CHARACTER SET utf8 COLLATE utf8_bin NOT NULL,
  PRIMARY KEY (`USER_ID_`, `GROUP_ID_`) USING BTREE,
  INDEX `ACT_FK_MEMB_GROUP`(`GROUP_ID_`) USING BTREE,
  CONSTRAINT `ACT_FK_MEMB_GROUP` FOREIGN KEY (`GROUP_ID_`) REFERENCES `ACT_ID_GROUP` (`ID_`) ON DELETE RESTRICT ON UPDATE RESTRICT,
  CONSTRAINT `ACT_FK_MEMB_USER` FOREIGN KEY (`USER_ID_`) REFERENCES `ACT_ID_USER` (`ID_`) ON DELETE RESTRICT ON UPDATE RESTRICT
) ENGINE = InnoDB CHARACTER SET = utf8 COLLATE = utf8_bin ROW_FORMAT = Dynamic;

-- ----------------------------
-- Records of ACT_ID_MEMBERSHIP
-- ----------------------------

-- ----------------------------
-- Table structure for ACT_ID_PRIV
-- ----------------------------
DROP TABLE IF EXISTS `ACT_ID_PRIV`;
CREATE TABLE `ACT_ID_PRIV`  (
  `ID_` varchar(64) CHARACTER SET utf8 COLLATE utf8_bin NOT NULL,
  `NAME_` varchar(255) CHARACTER SET utf8 COLLATE utf8_bin NOT NULL,
  PRIMARY KEY (`ID_`) USING BTREE,
  UNIQUE INDEX `ACT_UNIQ_PRIV_NAME`(`NAME_`) USING BTREE
) ENGINE = InnoDB CHARACTER SET = utf8 COLLATE = utf8_bin ROW_FORMAT = Dynamic;

-- ----------------------------
-- Records of ACT_ID_PRIV
-- ----------------------------

-- ----------------------------
-- Table structure for ACT_ID_PRIV_MAPPING
-- ----------------------------
DROP TABLE IF EXISTS `ACT_ID_PRIV_MAPPING`;
CREATE TABLE `ACT_ID_PRIV_MAPPING`  (
  `ID_` varchar(64) CHARACTER SET utf8 COLLATE utf8_bin NOT NULL,
  `PRIV_ID_` varchar(64) CHARACTER SET utf8 COLLATE utf8_bin NOT NULL,
  `USER_ID_` varchar(255) CHARACTER SET utf8 COLLATE utf8_bin NULL DEFAULT NULL,
  `GROUP_ID_` varchar(255) CHARACTER SET utf8 COLLATE utf8_bin NULL DEFAULT NULL,
  PRIMARY KEY (`ID_`) USING BTREE,
  INDEX `ACT_FK_PRIV_MAPPING`(`PRIV_ID_`) USING BTREE,
  INDEX `ACT_IDX_PRIV_USER`(`USER_ID_`) USING BTREE,
  INDEX `ACT_IDX_PRIV_GROUP`(`GROUP_ID_`) USING BTREE,
  CONSTRAINT `ACT_FK_PRIV_MAPPING` FOREIGN KEY (`PRIV_ID_`) REFERENCES `ACT_ID_PRIV` (`ID_`) ON DELETE RESTRICT ON UPDATE RESTRICT
) ENGINE = InnoDB CHARACTER SET = utf8 COLLATE = utf8_bin ROW_FORMAT = Dynamic;

-- ----------------------------
-- Records of ACT_ID_PRIV_MAPPING
-- ----------------------------

-- ----------------------------
-- Table structure for ACT_ID_PROPERTY
-- ----------------------------
DROP TABLE IF EXISTS `ACT_ID_PROPERTY`;
CREATE TABLE `ACT_ID_PROPERTY`  (
  `NAME_` varchar(64) CHARACTER SET utf8 COLLATE utf8_bin NOT NULL,
  `VALUE_` varchar(300) CHARACTER SET utf8 COLLATE utf8_bin NULL DEFAULT NULL,
  `REV_` int(11) NULL DEFAULT NULL,
  PRIMARY KEY (`NAME_`) USING BTREE
) ENGINE = InnoDB CHARACTER SET = utf8 COLLATE = utf8_bin ROW_FORMAT = Dynamic;

-- ----------------------------
-- Records of ACT_ID_PROPERTY
-- ----------------------------
INSERT INTO `ACT_ID_PROPERTY` VALUES ('schema.version', '6.4.0.0', 1);

-- ----------------------------
-- Table structure for ACT_ID_TOKEN
-- ----------------------------
DROP TABLE IF EXISTS `ACT_ID_TOKEN`;
CREATE TABLE `ACT_ID_TOKEN`  (
  `ID_` varchar(64) CHARACTER SET utf8 COLLATE utf8_bin NOT NULL,
  `REV_` int(11) NULL DEFAULT NULL,
  `TOKEN_VALUE_` varchar(255) CHARACTER SET utf8 COLLATE utf8_bin NULL DEFAULT NULL,
  `TOKEN_DATE_` timestamp(3) NULL DEFAULT NULL,
  `IP_ADDRESS_` varchar(255) CHARACTER SET utf8 COLLATE utf8_bin NULL DEFAULT NULL,
  `USER_AGENT_` varchar(255) CHARACTER SET utf8 COLLATE utf8_bin NULL DEFAULT NULL,
  `USER_ID_` varchar(255) CHARACTER SET utf8 COLLATE utf8_bin NULL DEFAULT NULL,
  `TOKEN_DATA_` varchar(2000) CHARACTER SET utf8 COLLATE utf8_bin NULL DEFAULT NULL,
  PRIMARY KEY (`ID_`) USING BTREE
) ENGINE = InnoDB CHARACTER SET = utf8 COLLATE = utf8_bin ROW_FORMAT = Dynamic;

-- ----------------------------
-- Records of ACT_ID_TOKEN
-- ----------------------------

-- ----------------------------
-- Table structure for ACT_ID_USER
-- ----------------------------
DROP TABLE IF EXISTS `ACT_ID_USER`;
CREATE TABLE `ACT_ID_USER`  (
  `ID_` varchar(64) CHARACTER SET utf8 COLLATE utf8_bin NOT NULL,
  `REV_` int(11) NULL DEFAULT NULL,
  `FIRST_` varchar(255) CHARACTER SET utf8 COLLATE utf8_bin NULL DEFAULT NULL,
  `LAST_` varchar(255) CHARACTER SET utf8 COLLATE utf8_bin NULL DEFAULT NULL,
  `DISPLAY_NAME_` varchar(255) CHARACTER SET utf8 COLLATE utf8_bin NULL DEFAULT NULL,
  `EMAIL_` varchar(255) CHARACTER SET utf8 COLLATE utf8_bin NULL DEFAULT NULL,
  `PWD_` varchar(255) CHARACTER SET utf8 COLLATE utf8_bin NULL DEFAULT NULL,
  `PICTURE_ID_` varchar(64) CHARACTER SET utf8 COLLATE utf8_bin NULL DEFAULT NULL,
  `TENANT_ID_` varchar(255) CHARACTER SET utf8 COLLATE utf8_bin NULL DEFAULT '',
  PRIMARY KEY (`ID_`) USING BTREE
) ENGINE = InnoDB CHARACTER SET = utf8 COLLATE = utf8_bin ROW_FORMAT = Dynamic;

-- ----------------------------
-- Records of ACT_ID_USER
-- ----------------------------

-- ----------------------------
-- Table structure for ACT_PROCDEF_INFO
-- ----------------------------
DROP TABLE IF EXISTS `ACT_PROCDEF_INFO`;
CREATE TABLE `ACT_PROCDEF_INFO`  (
  `ID_` varchar(64) CHARACTER SET utf8 COLLATE utf8_bin NOT NULL,
  `PROC_DEF_ID_` varchar(64) CHARACTER SET utf8 COLLATE utf8_bin NOT NULL,
  `REV_` int(11) NULL DEFAULT NULL,
  `INFO_JSON_ID_` varchar(64) CHARACTER SET utf8 COLLATE utf8_bin NULL DEFAULT NULL,
  PRIMARY KEY (`ID_`) USING BTREE,
  UNIQUE INDEX `ACT_UNIQ_INFO_PROCDEF`(`PROC_DEF_ID_`) USING BTREE,
  INDEX `ACT_IDX_INFO_PROCDEF`(`PROC_DEF_ID_`) USING BTREE,
  INDEX `ACT_FK_INFO_JSON_BA`(`INFO_JSON_ID_`) USING BTREE,
  CONSTRAINT `ACT_FK_INFO_JSON_BA` FOREIGN KEY (`INFO_JSON_ID_`) REFERENCES `ACT_GE_BYTEARRAY` (`ID_`) ON DELETE RESTRICT ON UPDATE RESTRICT,
  CONSTRAINT `ACT_FK_INFO_PROCDEF` FOREIGN KEY (`PROC_DEF_ID_`) REFERENCES `ACT_RE_PROCDEF` (`ID_`) ON DELETE RESTRICT ON UPDATE RESTRICT
) ENGINE = InnoDB CHARACTER SET = utf8 COLLATE = utf8_bin ROW_FORMAT = Dynamic;

-- ----------------------------
-- Records of ACT_PROCDEF_INFO
-- ----------------------------

-- ----------------------------
-- Table structure for ACT_RE_DEPLOYMENT
-- ----------------------------
DROP TABLE IF EXISTS `ACT_RE_DEPLOYMENT`;
CREATE TABLE `ACT_RE_DEPLOYMENT`  (
  `ID_` varchar(64) CHARACTER SET utf8 COLLATE utf8_bin NOT NULL,
  `NAME_` varchar(255) CHARACTER SET utf8 COLLATE utf8_bin NULL DEFAULT NULL,
  `CATEGORY_` varchar(255) CHARACTER SET utf8 COLLATE utf8_bin NULL DEFAULT NULL,
  `KEY_` varchar(255) CHARACTER SET utf8 COLLATE utf8_bin NULL DEFAULT NULL,
  `TENANT_ID_` varchar(255) CHARACTER SET utf8 COLLATE utf8_bin NULL DEFAULT '',
  `DEPLOY_TIME_` timestamp(3) NULL DEFAULT NULL,
  `DERIVED_FROM_` varchar(64) CHARACTER SET utf8 COLLATE utf8_bin NULL DEFAULT NULL,
  `DERIVED_FROM_ROOT_` varchar(64) CHARACTER SET utf8 COLLATE utf8_bin NULL DEFAULT NULL,
  `PARENT_DEPLOYMENT_ID_` varchar(255) CHARACTER SET utf8 COLLATE utf8_bin NULL DEFAULT NULL,
  `ENGINE_VERSION_` varchar(255) CHARACTER SET utf8 COLLATE utf8_bin NULL DEFAULT NULL,
  PRIMARY KEY (`ID_`) USING BTREE
) ENGINE = InnoDB CHARACTER SET = utf8 COLLATE = utf8_bin ROW_FORMAT = Dynamic;

-- ----------------------------
-- Records of ACT_RE_DEPLOYMENT
-- ----------------------------
INSERT INTO `ACT_RE_DEPLOYMENT` VALUES ('e0846ab8-9d24-11eb-af8d-00163e2e65eb', '请假流程', NULL, 'jsite_leave', '', '2021-04-14 21:25:27.609', NULL, NULL, NULL, NULL);

-- ----------------------------
-- Table structure for ACT_RE_MODEL
-- ----------------------------
DROP TABLE IF EXISTS `ACT_RE_MODEL`;
CREATE TABLE `ACT_RE_MODEL`  (
  `ID_` varchar(64) CHARACTER SET utf8 COLLATE utf8_bin NOT NULL,
  `REV_` int(11) NULL DEFAULT NULL,
  `NAME_` varchar(255) CHARACTER SET utf8 COLLATE utf8_bin NULL DEFAULT NULL,
  `KEY_` varchar(255) CHARACTER SET utf8 COLLATE utf8_bin NULL DEFAULT NULL,
  `CATEGORY_` varchar(255) CHARACTER SET utf8 COLLATE utf8_bin NULL DEFAULT NULL,
  `CREATE_TIME_` timestamp(3) NULL DEFAULT NULL,
  `LAST_UPDATE_TIME_` timestamp(3) NULL DEFAULT NULL,
  `VERSION_` int(11) NULL DEFAULT NULL,
  `META_INFO_` varchar(4000) CHARACTER SET utf8 COLLATE utf8_bin NULL DEFAULT NULL,
  `DEPLOYMENT_ID_` varchar(64) CHARACTER SET utf8 COLLATE utf8_bin NULL DEFAULT NULL,
  `EDITOR_SOURCE_VALUE_ID_` varchar(64) CHARACTER SET utf8 COLLATE utf8_bin NULL DEFAULT NULL,
  `EDITOR_SOURCE_EXTRA_VALUE_ID_` varchar(64) CHARACTER SET utf8 COLLATE utf8_bin NULL DEFAULT NULL,
  `TENANT_ID_` varchar(255) CHARACTER SET utf8 COLLATE utf8_bin NULL DEFAULT '',
  PRIMARY KEY (`ID_`) USING BTREE,
  INDEX `ACT_FK_MODEL_SOURCE`(`EDITOR_SOURCE_VALUE_ID_`) USING BTREE,
  INDEX `ACT_FK_MODEL_SOURCE_EXTRA`(`EDITOR_SOURCE_EXTRA_VALUE_ID_`) USING BTREE,
  INDEX `ACT_FK_MODEL_DEPLOYMENT`(`DEPLOYMENT_ID_`) USING BTREE,
  CONSTRAINT `ACT_FK_MODEL_DEPLOYMENT` FOREIGN KEY (`DEPLOYMENT_ID_`) REFERENCES `ACT_RE_DEPLOYMENT` (`ID_`) ON DELETE RESTRICT ON UPDATE RESTRICT,
  CONSTRAINT `ACT_FK_MODEL_SOURCE` FOREIGN KEY (`EDITOR_SOURCE_VALUE_ID_`) REFERENCES `ACT_GE_BYTEARRAY` (`ID_`) ON DELETE RESTRICT ON UPDATE RESTRICT,
  CONSTRAINT `ACT_FK_MODEL_SOURCE_EXTRA` FOREIGN KEY (`EDITOR_SOURCE_EXTRA_VALUE_ID_`) REFERENCES `ACT_GE_BYTEARRAY` (`ID_`) ON DELETE RESTRICT ON UPDATE RESTRICT
) ENGINE = InnoDB CHARACTER SET = utf8 COLLATE = utf8_bin ROW_FORMAT = Dynamic;

-- ----------------------------
-- Records of ACT_RE_MODEL
-- ----------------------------

-- ----------------------------
-- Table structure for ACT_RE_PROCDEF
-- ----------------------------
DROP TABLE IF EXISTS `ACT_RE_PROCDEF`;
CREATE TABLE `ACT_RE_PROCDEF`  (
  `ID_` varchar(64) CHARACTER SET utf8 COLLATE utf8_bin NOT NULL,
  `REV_` int(11) NULL DEFAULT NULL,
  `CATEGORY_` varchar(255) CHARACTER SET utf8 COLLATE utf8_bin NULL DEFAULT NULL,
  `NAME_` varchar(255) CHARACTER SET utf8 COLLATE utf8_bin NULL DEFAULT NULL,
  `KEY_` varchar(255) CHARACTER SET utf8 COLLATE utf8_bin NOT NULL,
  `VERSION_` int(11) NOT NULL,
  `DEPLOYMENT_ID_` varchar(64) CHARACTER SET utf8 COLLATE utf8_bin NULL DEFAULT NULL,
  `RESOURCE_NAME_` varchar(4000) CHARACTER SET utf8 COLLATE utf8_bin NULL DEFAULT NULL,
  `DGRM_RESOURCE_NAME_` varchar(4000) CHARACTER SET utf8 COLLATE utf8_bin NULL DEFAULT NULL,
  `DESCRIPTION_` varchar(4000) CHARACTER SET utf8 COLLATE utf8_bin NULL DEFAULT NULL,
  `HAS_START_FORM_KEY_` tinyint(4) NULL DEFAULT NULL,
  `HAS_GRAPHICAL_NOTATION_` tinyint(4) NULL DEFAULT NULL,
  `SUSPENSION_STATE_` int(11) NULL DEFAULT NULL,
  `TENANT_ID_` varchar(255) CHARACTER SET utf8 COLLATE utf8_bin NULL DEFAULT '',
  `ENGINE_VERSION_` varchar(255) CHARACTER SET utf8 COLLATE utf8_bin NULL DEFAULT NULL,
  `DERIVED_FROM_` varchar(64) CHARACTER SET utf8 COLLATE utf8_bin NULL DEFAULT NULL,
  `DERIVED_FROM_ROOT_` varchar(64) CHARACTER SET utf8 COLLATE utf8_bin NULL DEFAULT NULL,
  `DERIVED_VERSION_` int(11) NOT NULL DEFAULT 0,
  PRIMARY KEY (`ID_`) USING BTREE,
  UNIQUE INDEX `ACT_UNIQ_PROCDEF`(`KEY_`, `VERSION_`, `DERIVED_VERSION_`, `TENANT_ID_`) USING BTREE
) ENGINE = InnoDB CHARACTER SET = utf8 COLLATE = utf8_bin ROW_FORMAT = Dynamic;

-- ----------------------------
-- Records of ACT_RE_PROCDEF
-- ----------------------------
INSERT INTO `ACT_RE_PROCDEF` VALUES ('jsite_leave:1:e0d76cbb-9d24-11eb-af8d-00163e2e65eb', 2, 'leave', '请假流程', 'jsite_leave', 1, 'e0846ab8-9d24-11eb-af8d-00163e2e65eb', '请假流程.bpmn20.xml', '请假流程.jsite_leave.png', '请假流程', 0, 1, 1, '', NULL, NULL, NULL, 0);

-- ----------------------------
-- Table structure for ACT_RU_DEADLETTER_JOB
-- ----------------------------
DROP TABLE IF EXISTS `ACT_RU_DEADLETTER_JOB`;
CREATE TABLE `ACT_RU_DEADLETTER_JOB`  (
  `ID_` varchar(64) CHARACTER SET utf8 COLLATE utf8_bin NOT NULL,
  `REV_` int(11) NULL DEFAULT NULL,
  `TYPE_` varchar(255) CHARACTER SET utf8 COLLATE utf8_bin NOT NULL,
  `EXCLUSIVE_` tinyint(1) NULL DEFAULT NULL,
  `EXECUTION_ID_` varchar(64) CHARACTER SET utf8 COLLATE utf8_bin NULL DEFAULT NULL,
  `PROCESS_INSTANCE_ID_` varchar(64) CHARACTER SET utf8 COLLATE utf8_bin NULL DEFAULT NULL,
  `PROC_DEF_ID_` varchar(64) CHARACTER SET utf8 COLLATE utf8_bin NULL DEFAULT NULL,
  `SCOPE_ID_` varchar(255) CHARACTER SET utf8 COLLATE utf8_bin NULL DEFAULT NULL,
  `SUB_SCOPE_ID_` varchar(255) CHARACTER SET utf8 COLLATE utf8_bin NULL DEFAULT NULL,
  `SCOPE_TYPE_` varchar(255) CHARACTER SET utf8 COLLATE utf8_bin NULL DEFAULT NULL,
  `SCOPE_DEFINITION_ID_` varchar(255) CHARACTER SET utf8 COLLATE utf8_bin NULL DEFAULT NULL,
  `EXCEPTION_STACK_ID_` varchar(64) CHARACTER SET utf8 COLLATE utf8_bin NULL DEFAULT NULL,
  `EXCEPTION_MSG_` varchar(4000) CHARACTER SET utf8 COLLATE utf8_bin NULL DEFAULT NULL,
  `DUEDATE_` timestamp(3) NULL DEFAULT NULL,
  `REPEAT_` varchar(255) CHARACTER SET utf8 COLLATE utf8_bin NULL DEFAULT NULL,
  `HANDLER_TYPE_` varchar(255) CHARACTER SET utf8 COLLATE utf8_bin NULL DEFAULT NULL,
  `HANDLER_CFG_` varchar(4000) CHARACTER SET utf8 COLLATE utf8_bin NULL DEFAULT NULL,
  `CUSTOM_VALUES_ID_` varchar(64) CHARACTER SET utf8 COLLATE utf8_bin NULL DEFAULT NULL,
  `CREATE_TIME_` timestamp(3) NULL DEFAULT NULL,
  `TENANT_ID_` varchar(255) CHARACTER SET utf8 COLLATE utf8_bin NULL DEFAULT '',
  PRIMARY KEY (`ID_`) USING BTREE,
  INDEX `ACT_IDX_DEADLETTER_JOB_EXCEPTION_STACK_ID`(`EXCEPTION_STACK_ID_`) USING BTREE,
  INDEX `ACT_IDX_DEADLETTER_JOB_CUSTOM_VALUES_ID`(`CUSTOM_VALUES_ID_`) USING BTREE,
  INDEX `ACT_IDX_DJOB_SCOPE`(`SCOPE_ID_`, `SCOPE_TYPE_`) USING BTREE,
  INDEX `ACT_IDX_DJOB_SUB_SCOPE`(`SUB_SCOPE_ID_`, `SCOPE_TYPE_`) USING BTREE,
  INDEX `ACT_IDX_DJOB_SCOPE_DEF`(`SCOPE_DEFINITION_ID_`, `SCOPE_TYPE_`) USING BTREE,
  INDEX `ACT_FK_DEADLETTER_JOB_EXECUTION`(`EXECUTION_ID_`) USING BTREE,
  INDEX `ACT_FK_DEADLETTER_JOB_PROCESS_INSTANCE`(`PROCESS_INSTANCE_ID_`) USING BTREE,
  INDEX `ACT_FK_DEADLETTER_JOB_PROC_DEF`(`PROC_DEF_ID_`) USING BTREE,
  CONSTRAINT `ACT_FK_DEADLETTER_JOB_CUSTOM_VALUES` FOREIGN KEY (`CUSTOM_VALUES_ID_`) REFERENCES `ACT_GE_BYTEARRAY` (`ID_`) ON DELETE RESTRICT ON UPDATE RESTRICT,
  CONSTRAINT `ACT_FK_DEADLETTER_JOB_EXCEPTION` FOREIGN KEY (`EXCEPTION_STACK_ID_`) REFERENCES `ACT_GE_BYTEARRAY` (`ID_`) ON DELETE RESTRICT ON UPDATE RESTRICT,
  CONSTRAINT `ACT_FK_DEADLETTER_JOB_EXECUTION` FOREIGN KEY (`EXECUTION_ID_`) REFERENCES `ACT_RU_EXECUTION` (`ID_`) ON DELETE RESTRICT ON UPDATE RESTRICT,
  CONSTRAINT `ACT_FK_DEADLETTER_JOB_PROCESS_INSTANCE` FOREIGN KEY (`PROCESS_INSTANCE_ID_`) REFERENCES `ACT_RU_EXECUTION` (`ID_`) ON DELETE RESTRICT ON UPDATE RESTRICT,
  CONSTRAINT `ACT_FK_DEADLETTER_JOB_PROC_DEF` FOREIGN KEY (`PROC_DEF_ID_`) REFERENCES `ACT_RE_PROCDEF` (`ID_`) ON DELETE RESTRICT ON UPDATE RESTRICT
) ENGINE = InnoDB CHARACTER SET = utf8 COLLATE = utf8_bin ROW_FORMAT = Dynamic;

-- ----------------------------
-- Records of ACT_RU_DEADLETTER_JOB
-- ----------------------------

-- ----------------------------
-- Table structure for ACT_RU_EVENT_SUBSCR
-- ----------------------------
DROP TABLE IF EXISTS `ACT_RU_EVENT_SUBSCR`;
CREATE TABLE `ACT_RU_EVENT_SUBSCR`  (
  `ID_` varchar(64) CHARACTER SET utf8 COLLATE utf8_bin NOT NULL,
  `REV_` int(11) NULL DEFAULT NULL,
  `EVENT_TYPE_` varchar(255) CHARACTER SET utf8 COLLATE utf8_bin NOT NULL,
  `EVENT_NAME_` varchar(255) CHARACTER SET utf8 COLLATE utf8_bin NULL DEFAULT NULL,
  `EXECUTION_ID_` varchar(64) CHARACTER SET utf8 COLLATE utf8_bin NULL DEFAULT NULL,
  `PROC_INST_ID_` varchar(64) CHARACTER SET utf8 COLLATE utf8_bin NULL DEFAULT NULL,
  `ACTIVITY_ID_` varchar(64) CHARACTER SET utf8 COLLATE utf8_bin NULL DEFAULT NULL,
  `CONFIGURATION_` varchar(255) CHARACTER SET utf8 COLLATE utf8_bin NULL DEFAULT NULL,
  `CREATED_` timestamp(3) NOT NULL DEFAULT CURRENT_TIMESTAMP(3),
  `PROC_DEF_ID_` varchar(64) CHARACTER SET utf8 COLLATE utf8_bin NULL DEFAULT NULL,
  `TENANT_ID_` varchar(255) CHARACTER SET utf8 COLLATE utf8_bin NULL DEFAULT '',
  PRIMARY KEY (`ID_`) USING BTREE,
  INDEX `ACT_IDX_EVENT_SUBSCR_CONFIG_`(`CONFIGURATION_`) USING BTREE,
  INDEX `ACT_FK_EVENT_EXEC`(`EXECUTION_ID_`) USING BTREE,
  CONSTRAINT `ACT_FK_EVENT_EXEC` FOREIGN KEY (`EXECUTION_ID_`) REFERENCES `ACT_RU_EXECUTION` (`ID_`) ON DELETE RESTRICT ON UPDATE RESTRICT
) ENGINE = InnoDB CHARACTER SET = utf8 COLLATE = utf8_bin ROW_FORMAT = Dynamic;

-- ----------------------------
-- Records of ACT_RU_EVENT_SUBSCR
-- ----------------------------

-- ----------------------------
-- Table structure for ACT_RU_EXECUTION
-- ----------------------------
DROP TABLE IF EXISTS `ACT_RU_EXECUTION`;
CREATE TABLE `ACT_RU_EXECUTION`  (
  `ID_` varchar(64) CHARACTER SET utf8 COLLATE utf8_bin NOT NULL,
  `REV_` int(11) NULL DEFAULT NULL,
  `PROC_INST_ID_` varchar(64) CHARACTER SET utf8 COLLATE utf8_bin NULL DEFAULT NULL,
  `BUSINESS_KEY_` varchar(255) CHARACTER SET utf8 COLLATE utf8_bin NULL DEFAULT NULL,
  `PARENT_ID_` varchar(64) CHARACTER SET utf8 COLLATE utf8_bin NULL DEFAULT NULL,
  `PROC_DEF_ID_` varchar(64) CHARACTER SET utf8 COLLATE utf8_bin NULL DEFAULT NULL,
  `SUPER_EXEC_` varchar(64) CHARACTER SET utf8 COLLATE utf8_bin NULL DEFAULT NULL,
  `ROOT_PROC_INST_ID_` varchar(64) CHARACTER SET utf8 COLLATE utf8_bin NULL DEFAULT NULL,
  `ACT_ID_` varchar(255) CHARACTER SET utf8 COLLATE utf8_bin NULL DEFAULT NULL,
  `IS_ACTIVE_` tinyint(4) NULL DEFAULT NULL,
  `IS_CONCURRENT_` tinyint(4) NULL DEFAULT NULL,
  `IS_SCOPE_` tinyint(4) NULL DEFAULT NULL,
  `IS_EVENT_SCOPE_` tinyint(4) NULL DEFAULT NULL,
  `IS_MI_ROOT_` tinyint(4) NULL DEFAULT NULL,
  `SUSPENSION_STATE_` int(11) NULL DEFAULT NULL,
  `CACHED_ENT_STATE_` int(11) NULL DEFAULT NULL,
  `TENANT_ID_` varchar(255) CHARACTER SET utf8 COLLATE utf8_bin NULL DEFAULT '',
  `NAME_` varchar(255) CHARACTER SET utf8 COLLATE utf8_bin NULL DEFAULT NULL,
  `START_ACT_ID_` varchar(255) CHARACTER SET utf8 COLLATE utf8_bin NULL DEFAULT NULL,
  `START_TIME_` datetime(3) NULL DEFAULT NULL,
  `START_USER_ID_` varchar(255) CHARACTER SET utf8 COLLATE utf8_bin NULL DEFAULT NULL,
  `LOCK_TIME_` timestamp(3) NULL DEFAULT NULL,
  `IS_COUNT_ENABLED_` tinyint(4) NULL DEFAULT NULL,
  `EVT_SUBSCR_COUNT_` int(11) NULL DEFAULT NULL,
  `TASK_COUNT_` int(11) NULL DEFAULT NULL,
  `JOB_COUNT_` int(11) NULL DEFAULT NULL,
  `TIMER_JOB_COUNT_` int(11) NULL DEFAULT NULL,
  `SUSP_JOB_COUNT_` int(11) NULL DEFAULT NULL,
  `DEADLETTER_JOB_COUNT_` int(11) NULL DEFAULT NULL,
  `VAR_COUNT_` int(11) NULL DEFAULT NULL,
  `ID_LINK_COUNT_` int(11) NULL DEFAULT NULL,
  `CALLBACK_ID_` varchar(255) CHARACTER SET utf8 COLLATE utf8_bin NULL DEFAULT NULL,
  `CALLBACK_TYPE_` varchar(255) CHARACTER SET utf8 COLLATE utf8_bin NULL DEFAULT NULL,
  PRIMARY KEY (`ID_`) USING BTREE,
  INDEX `ACT_IDX_EXEC_BUSKEY`(`BUSINESS_KEY_`) USING BTREE,
  INDEX `ACT_IDC_EXEC_ROOT`(`ROOT_PROC_INST_ID_`) USING BTREE,
  INDEX `ACT_FK_EXE_PROCINST`(`PROC_INST_ID_`) USING BTREE,
  INDEX `ACT_FK_EXE_PARENT`(`PARENT_ID_`) USING BTREE,
  INDEX `ACT_FK_EXE_SUPER`(`SUPER_EXEC_`) USING BTREE,
  INDEX `ACT_FK_EXE_PROCDEF`(`PROC_DEF_ID_`) USING BTREE,
  CONSTRAINT `ACT_FK_EXE_PARENT` FOREIGN KEY (`PARENT_ID_`) REFERENCES `ACT_RU_EXECUTION` (`ID_`) ON DELETE CASCADE ON UPDATE RESTRICT,
  CONSTRAINT `ACT_FK_EXE_PROCDEF` FOREIGN KEY (`PROC_DEF_ID_`) REFERENCES `ACT_RE_PROCDEF` (`ID_`) ON DELETE RESTRICT ON UPDATE RESTRICT,
  CONSTRAINT `ACT_FK_EXE_PROCINST` FOREIGN KEY (`PROC_INST_ID_`) REFERENCES `ACT_RU_EXECUTION` (`ID_`) ON DELETE CASCADE ON UPDATE CASCADE,
  CONSTRAINT `ACT_FK_EXE_SUPER` FOREIGN KEY (`SUPER_EXEC_`) REFERENCES `ACT_RU_EXECUTION` (`ID_`) ON DELETE CASCADE ON UPDATE RESTRICT
) ENGINE = InnoDB CHARACTER SET = utf8 COLLATE = utf8_bin ROW_FORMAT = Dynamic;

-- ----------------------------
-- Records of ACT_RU_EXECUTION
-- ----------------------------
INSERT INTO `ACT_RU_EXECUTION` VALUES ('24ca98db-9d25-11eb-af8d-00163e2e65eb', 3, '24ca98db-9d25-11eb-af8d-00163e2e65eb', '6ae7afa2de1243c288b4257af7fcb925', NULL, 'jsite_leave:1:e0d76cbb-9d24-11eb-af8d-00163e2e65eb', NULL, '24ca98db-9d25-11eb-af8d-00163e2e65eb', NULL, 1, 0, 1, 0, 0, 1, NULL, '', NULL, 'startevent1', '2021-04-14 21:27:22.154', 'jsite', NULL, 1, 0, 0, 0, 0, 0, 0, 0, 0, NULL, NULL);
INSERT INTO `ACT_RU_EXECUTION` VALUES ('24ca98df-9d25-11eb-af8d-00163e2e65eb', 5, '24ca98db-9d25-11eb-af8d-00163e2e65eb', NULL, '24ca98db-9d25-11eb-af8d-00163e2e65eb', 'jsite_leave:1:e0d76cbb-9d24-11eb-af8d-00163e2e65eb', NULL, '24ca98db-9d25-11eb-af8d-00163e2e65eb', 'leave_leader_audit', 1, 0, 0, 0, 0, 1, NULL, '', NULL, NULL, '2021-04-14 21:27:22.154', NULL, NULL, 1, 0, 1, 0, 0, 0, 0, 0, 0, NULL, NULL);

-- ----------------------------
-- Table structure for ACT_RU_HISTORY_JOB
-- ----------------------------
DROP TABLE IF EXISTS `ACT_RU_HISTORY_JOB`;
CREATE TABLE `ACT_RU_HISTORY_JOB`  (
  `ID_` varchar(64) CHARACTER SET utf8 COLLATE utf8_bin NOT NULL,
  `REV_` int(11) NULL DEFAULT NULL,
  `LOCK_EXP_TIME_` timestamp(3) NULL DEFAULT NULL,
  `LOCK_OWNER_` varchar(255) CHARACTER SET utf8 COLLATE utf8_bin NULL DEFAULT NULL,
  `RETRIES_` int(11) NULL DEFAULT NULL,
  `EXCEPTION_STACK_ID_` varchar(64) CHARACTER SET utf8 COLLATE utf8_bin NULL DEFAULT NULL,
  `EXCEPTION_MSG_` varchar(4000) CHARACTER SET utf8 COLLATE utf8_bin NULL DEFAULT NULL,
  `HANDLER_TYPE_` varchar(255) CHARACTER SET utf8 COLLATE utf8_bin NULL DEFAULT NULL,
  `HANDLER_CFG_` varchar(4000) CHARACTER SET utf8 COLLATE utf8_bin NULL DEFAULT NULL,
  `CUSTOM_VALUES_ID_` varchar(64) CHARACTER SET utf8 COLLATE utf8_bin NULL DEFAULT NULL,
  `ADV_HANDLER_CFG_ID_` varchar(64) CHARACTER SET utf8 COLLATE utf8_bin NULL DEFAULT NULL,
  `CREATE_TIME_` timestamp(3) NULL DEFAULT NULL,
  `SCOPE_TYPE_` varchar(255) CHARACTER SET utf8 COLLATE utf8_bin NULL DEFAULT NULL,
  `TENANT_ID_` varchar(255) CHARACTER SET utf8 COLLATE utf8_bin NULL DEFAULT '',
  PRIMARY KEY (`ID_`) USING BTREE
) ENGINE = InnoDB CHARACTER SET = utf8 COLLATE = utf8_bin ROW_FORMAT = Dynamic;

-- ----------------------------
-- Records of ACT_RU_HISTORY_JOB
-- ----------------------------

-- ----------------------------
-- Table structure for ACT_RU_IDENTITYLINK
-- ----------------------------
DROP TABLE IF EXISTS `ACT_RU_IDENTITYLINK`;
CREATE TABLE `ACT_RU_IDENTITYLINK`  (
  `ID_` varchar(64) CHARACTER SET utf8 COLLATE utf8_bin NOT NULL,
  `REV_` int(11) NULL DEFAULT NULL,
  `GROUP_ID_` varchar(255) CHARACTER SET utf8 COLLATE utf8_bin NULL DEFAULT NULL,
  `TYPE_` varchar(255) CHARACTER SET utf8 COLLATE utf8_bin NULL DEFAULT NULL,
  `USER_ID_` varchar(255) CHARACTER SET utf8 COLLATE utf8_bin NULL DEFAULT NULL,
  `TASK_ID_` varchar(64) CHARACTER SET utf8 COLLATE utf8_bin NULL DEFAULT NULL,
  `PROC_INST_ID_` varchar(64) CHARACTER SET utf8 COLLATE utf8_bin NULL DEFAULT NULL,
  `PROC_DEF_ID_` varchar(64) CHARACTER SET utf8 COLLATE utf8_bin NULL DEFAULT NULL,
  `SCOPE_ID_` varchar(255) CHARACTER SET utf8 COLLATE utf8_bin NULL DEFAULT NULL,
  `SCOPE_TYPE_` varchar(255) CHARACTER SET utf8 COLLATE utf8_bin NULL DEFAULT NULL,
  `SCOPE_DEFINITION_ID_` varchar(255) CHARACTER SET utf8 COLLATE utf8_bin NULL DEFAULT NULL,
  PRIMARY KEY (`ID_`) USING BTREE,
  INDEX `ACT_IDX_IDENT_LNK_USER`(`USER_ID_`) USING BTREE,
  INDEX `ACT_IDX_IDENT_LNK_GROUP`(`GROUP_ID_`) USING BTREE,
  INDEX `ACT_IDX_IDENT_LNK_SCOPE`(`SCOPE_ID_`, `SCOPE_TYPE_`) USING BTREE,
  INDEX `ACT_IDX_IDENT_LNK_SCOPE_DEF`(`SCOPE_DEFINITION_ID_`, `SCOPE_TYPE_`) USING BTREE,
  INDEX `ACT_IDX_ATHRZ_PROCEDEF`(`PROC_DEF_ID_`) USING BTREE,
  INDEX `ACT_FK_TSKASS_TASK`(`TASK_ID_`) USING BTREE,
  INDEX `ACT_FK_IDL_PROCINST`(`PROC_INST_ID_`) USING BTREE,
  CONSTRAINT `ACT_FK_ATHRZ_PROCEDEF` FOREIGN KEY (`PROC_DEF_ID_`) REFERENCES `ACT_RE_PROCDEF` (`ID_`) ON DELETE RESTRICT ON UPDATE RESTRICT,
  CONSTRAINT `ACT_FK_IDL_PROCINST` FOREIGN KEY (`PROC_INST_ID_`) REFERENCES `ACT_RU_EXECUTION` (`ID_`) ON DELETE RESTRICT ON UPDATE RESTRICT,
  CONSTRAINT `ACT_FK_TSKASS_TASK` FOREIGN KEY (`TASK_ID_`) REFERENCES `ACT_RU_TASK` (`ID_`) ON DELETE RESTRICT ON UPDATE RESTRICT
) ENGINE = InnoDB CHARACTER SET = utf8 COLLATE = utf8_bin ROW_FORMAT = Dynamic;

-- ----------------------------
-- Records of ACT_RU_IDENTITYLINK
-- ----------------------------
INSERT INTO `ACT_RU_IDENTITYLINK` VALUES ('24ca98dd-9d25-11eb-af8d-00163e2e65eb', 1, NULL, 'starter', 'jsite', NULL, '24ca98db-9d25-11eb-af8d-00163e2e65eb', NULL, NULL, NULL, NULL);
INSERT INTO `ACT_RU_IDENTITYLINK` VALUES ('24cabff4-9d25-11eb-af8d-00163e2e65eb', 1, NULL, 'participant', 'jsite', NULL, '24ca98db-9d25-11eb-af8d-00163e2e65eb', NULL, NULL, NULL, NULL);
INSERT INTO `ACT_RU_IDENTITYLINK` VALUES ('b7f2b76d-9d25-11eb-af8d-00163e2e65eb', 1, NULL, 'participant', 'jsite', NULL, '24ca98db-9d25-11eb-af8d-00163e2e65eb', NULL, NULL, NULL, NULL);
INSERT INTO `ACT_RU_IDENTITYLINK` VALUES ('b7f43e12-9d25-11eb-af8d-00163e2e65eb', 1, NULL, 'participant', 'end', NULL, '24ca98db-9d25-11eb-af8d-00163e2e65eb', NULL, NULL, NULL, NULL);

-- ----------------------------
-- Table structure for ACT_RU_JOB
-- ----------------------------
DROP TABLE IF EXISTS `ACT_RU_JOB`;
CREATE TABLE `ACT_RU_JOB`  (
  `ID_` varchar(64) CHARACTER SET utf8 COLLATE utf8_bin NOT NULL,
  `REV_` int(11) NULL DEFAULT NULL,
  `TYPE_` varchar(255) CHARACTER SET utf8 COLLATE utf8_bin NOT NULL,
  `LOCK_EXP_TIME_` timestamp(3) NULL DEFAULT NULL,
  `LOCK_OWNER_` varchar(255) CHARACTER SET utf8 COLLATE utf8_bin NULL DEFAULT NULL,
  `EXCLUSIVE_` tinyint(1) NULL DEFAULT NULL,
  `EXECUTION_ID_` varchar(64) CHARACTER SET utf8 COLLATE utf8_bin NULL DEFAULT NULL,
  `PROCESS_INSTANCE_ID_` varchar(64) CHARACTER SET utf8 COLLATE utf8_bin NULL DEFAULT NULL,
  `PROC_DEF_ID_` varchar(64) CHARACTER SET utf8 COLLATE utf8_bin NULL DEFAULT NULL,
  `SCOPE_ID_` varchar(255) CHARACTER SET utf8 COLLATE utf8_bin NULL DEFAULT NULL,
  `SUB_SCOPE_ID_` varchar(255) CHARACTER SET utf8 COLLATE utf8_bin NULL DEFAULT NULL,
  `SCOPE_TYPE_` varchar(255) CHARACTER SET utf8 COLLATE utf8_bin NULL DEFAULT NULL,
  `SCOPE_DEFINITION_ID_` varchar(255) CHARACTER SET utf8 COLLATE utf8_bin NULL DEFAULT NULL,
  `RETRIES_` int(11) NULL DEFAULT NULL,
  `EXCEPTION_STACK_ID_` varchar(64) CHARACTER SET utf8 COLLATE utf8_bin NULL DEFAULT NULL,
  `EXCEPTION_MSG_` varchar(4000) CHARACTER SET utf8 COLLATE utf8_bin NULL DEFAULT NULL,
  `DUEDATE_` timestamp(3) NULL DEFAULT NULL,
  `REPEAT_` varchar(255) CHARACTER SET utf8 COLLATE utf8_bin NULL DEFAULT NULL,
  `HANDLER_TYPE_` varchar(255) CHARACTER SET utf8 COLLATE utf8_bin NULL DEFAULT NULL,
  `HANDLER_CFG_` varchar(4000) CHARACTER SET utf8 COLLATE utf8_bin NULL DEFAULT NULL,
  `CUSTOM_VALUES_ID_` varchar(64) CHARACTER SET utf8 COLLATE utf8_bin NULL DEFAULT NULL,
  `CREATE_TIME_` timestamp(3) NULL DEFAULT NULL,
  `TENANT_ID_` varchar(255) CHARACTER SET utf8 COLLATE utf8_bin NULL DEFAULT '',
  PRIMARY KEY (`ID_`) USING BTREE,
  INDEX `ACT_IDX_JOB_EXCEPTION_STACK_ID`(`EXCEPTION_STACK_ID_`) USING BTREE,
  INDEX `ACT_IDX_JOB_CUSTOM_VALUES_ID`(`CUSTOM_VALUES_ID_`) USING BTREE,
  INDEX `ACT_IDX_JOB_SCOPE`(`SCOPE_ID_`, `SCOPE_TYPE_`) USING BTREE,
  INDEX `ACT_IDX_JOB_SUB_SCOPE`(`SUB_SCOPE_ID_`, `SCOPE_TYPE_`) USING BTREE,
  INDEX `ACT_IDX_JOB_SCOPE_DEF`(`SCOPE_DEFINITION_ID_`, `SCOPE_TYPE_`) USING BTREE,
  INDEX `ACT_FK_JOB_EXECUTION`(`EXECUTION_ID_`) USING BTREE,
  INDEX `ACT_FK_JOB_PROCESS_INSTANCE`(`PROCESS_INSTANCE_ID_`) USING BTREE,
  INDEX `ACT_FK_JOB_PROC_DEF`(`PROC_DEF_ID_`) USING BTREE,
  CONSTRAINT `ACT_FK_JOB_CUSTOM_VALUES` FOREIGN KEY (`CUSTOM_VALUES_ID_`) REFERENCES `ACT_GE_BYTEARRAY` (`ID_`) ON DELETE RESTRICT ON UPDATE RESTRICT,
  CONSTRAINT `ACT_FK_JOB_EXCEPTION` FOREIGN KEY (`EXCEPTION_STACK_ID_`) REFERENCES `ACT_GE_BYTEARRAY` (`ID_`) ON DELETE RESTRICT ON UPDATE RESTRICT,
  CONSTRAINT `ACT_FK_JOB_EXECUTION` FOREIGN KEY (`EXECUTION_ID_`) REFERENCES `ACT_RU_EXECUTION` (`ID_`) ON DELETE RESTRICT ON UPDATE RESTRICT,
  CONSTRAINT `ACT_FK_JOB_PROCESS_INSTANCE` FOREIGN KEY (`PROCESS_INSTANCE_ID_`) REFERENCES `ACT_RU_EXECUTION` (`ID_`) ON DELETE RESTRICT ON UPDATE RESTRICT,
  CONSTRAINT `ACT_FK_JOB_PROC_DEF` FOREIGN KEY (`PROC_DEF_ID_`) REFERENCES `ACT_RE_PROCDEF` (`ID_`) ON DELETE RESTRICT ON UPDATE RESTRICT
) ENGINE = InnoDB CHARACTER SET = utf8 COLLATE = utf8_bin ROW_FORMAT = Dynamic;

-- ----------------------------
-- Records of ACT_RU_JOB
-- ----------------------------

-- ----------------------------
-- Table structure for ACT_RU_SUSPENDED_JOB
-- ----------------------------
DROP TABLE IF EXISTS `ACT_RU_SUSPENDED_JOB`;
CREATE TABLE `ACT_RU_SUSPENDED_JOB`  (
  `ID_` varchar(64) CHARACTER SET utf8 COLLATE utf8_bin NOT NULL,
  `REV_` int(11) NULL DEFAULT NULL,
  `TYPE_` varchar(255) CHARACTER SET utf8 COLLATE utf8_bin NOT NULL,
  `EXCLUSIVE_` tinyint(1) NULL DEFAULT NULL,
  `EXECUTION_ID_` varchar(64) CHARACTER SET utf8 COLLATE utf8_bin NULL DEFAULT NULL,
  `PROCESS_INSTANCE_ID_` varchar(64) CHARACTER SET utf8 COLLATE utf8_bin NULL DEFAULT NULL,
  `PROC_DEF_ID_` varchar(64) CHARACTER SET utf8 COLLATE utf8_bin NULL DEFAULT NULL,
  `SCOPE_ID_` varchar(255) CHARACTER SET utf8 COLLATE utf8_bin NULL DEFAULT NULL,
  `SUB_SCOPE_ID_` varchar(255) CHARACTER SET utf8 COLLATE utf8_bin NULL DEFAULT NULL,
  `SCOPE_TYPE_` varchar(255) CHARACTER SET utf8 COLLATE utf8_bin NULL DEFAULT NULL,
  `SCOPE_DEFINITION_ID_` varchar(255) CHARACTER SET utf8 COLLATE utf8_bin NULL DEFAULT NULL,
  `RETRIES_` int(11) NULL DEFAULT NULL,
  `EXCEPTION_STACK_ID_` varchar(64) CHARACTER SET utf8 COLLATE utf8_bin NULL DEFAULT NULL,
  `EXCEPTION_MSG_` varchar(4000) CHARACTER SET utf8 COLLATE utf8_bin NULL DEFAULT NULL,
  `DUEDATE_` timestamp(3) NULL DEFAULT NULL,
  `REPEAT_` varchar(255) CHARACTER SET utf8 COLLATE utf8_bin NULL DEFAULT NULL,
  `HANDLER_TYPE_` varchar(255) CHARACTER SET utf8 COLLATE utf8_bin NULL DEFAULT NULL,
  `HANDLER_CFG_` varchar(4000) CHARACTER SET utf8 COLLATE utf8_bin NULL DEFAULT NULL,
  `CUSTOM_VALUES_ID_` varchar(64) CHARACTER SET utf8 COLLATE utf8_bin NULL DEFAULT NULL,
  `CREATE_TIME_` timestamp(3) NULL DEFAULT NULL,
  `TENANT_ID_` varchar(255) CHARACTER SET utf8 COLLATE utf8_bin NULL DEFAULT '',
  PRIMARY KEY (`ID_`) USING BTREE,
  INDEX `ACT_IDX_SUSPENDED_JOB_EXCEPTION_STACK_ID`(`EXCEPTION_STACK_ID_`) USING BTREE,
  INDEX `ACT_IDX_SUSPENDED_JOB_CUSTOM_VALUES_ID`(`CUSTOM_VALUES_ID_`) USING BTREE,
  INDEX `ACT_IDX_SJOB_SCOPE`(`SCOPE_ID_`, `SCOPE_TYPE_`) USING BTREE,
  INDEX `ACT_IDX_SJOB_SUB_SCOPE`(`SUB_SCOPE_ID_`, `SCOPE_TYPE_`) USING BTREE,
  INDEX `ACT_IDX_SJOB_SCOPE_DEF`(`SCOPE_DEFINITION_ID_`, `SCOPE_TYPE_`) USING BTREE,
  INDEX `ACT_FK_SUSPENDED_JOB_EXECUTION`(`EXECUTION_ID_`) USING BTREE,
  INDEX `ACT_FK_SUSPENDED_JOB_PROCESS_INSTANCE`(`PROCESS_INSTANCE_ID_`) USING BTREE,
  INDEX `ACT_FK_SUSPENDED_JOB_PROC_DEF`(`PROC_DEF_ID_`) USING BTREE,
  CONSTRAINT `ACT_FK_SUSPENDED_JOB_CUSTOM_VALUES` FOREIGN KEY (`CUSTOM_VALUES_ID_`) REFERENCES `ACT_GE_BYTEARRAY` (`ID_`) ON DELETE RESTRICT ON UPDATE RESTRICT,
  CONSTRAINT `ACT_FK_SUSPENDED_JOB_EXCEPTION` FOREIGN KEY (`EXCEPTION_STACK_ID_`) REFERENCES `ACT_GE_BYTEARRAY` (`ID_`) ON DELETE RESTRICT ON UPDATE RESTRICT,
  CONSTRAINT `ACT_FK_SUSPENDED_JOB_EXECUTION` FOREIGN KEY (`EXECUTION_ID_`) REFERENCES `ACT_RU_EXECUTION` (`ID_`) ON DELETE RESTRICT ON UPDATE RESTRICT,
  CONSTRAINT `ACT_FK_SUSPENDED_JOB_PROCESS_INSTANCE` FOREIGN KEY (`PROCESS_INSTANCE_ID_`) REFERENCES `ACT_RU_EXECUTION` (`ID_`) ON DELETE RESTRICT ON UPDATE RESTRICT,
  CONSTRAINT `ACT_FK_SUSPENDED_JOB_PROC_DEF` FOREIGN KEY (`PROC_DEF_ID_`) REFERENCES `ACT_RE_PROCDEF` (`ID_`) ON DELETE RESTRICT ON UPDATE RESTRICT
) ENGINE = InnoDB CHARACTER SET = utf8 COLLATE = utf8_bin ROW_FORMAT = Dynamic;

-- ----------------------------
-- Records of ACT_RU_SUSPENDED_JOB
-- ----------------------------

-- ----------------------------
-- Table structure for ACT_RU_TASK
-- ----------------------------
DROP TABLE IF EXISTS `ACT_RU_TASK`;
CREATE TABLE `ACT_RU_TASK`  (
  `ID_` varchar(64) CHARACTER SET utf8 COLLATE utf8_bin NOT NULL,
  `REV_` int(11) NULL DEFAULT NULL,
  `EXECUTION_ID_` varchar(64) CHARACTER SET utf8 COLLATE utf8_bin NULL DEFAULT NULL,
  `PROC_INST_ID_` varchar(64) CHARACTER SET utf8 COLLATE utf8_bin NULL DEFAULT NULL,
  `PROC_DEF_ID_` varchar(64) CHARACTER SET utf8 COLLATE utf8_bin NULL DEFAULT NULL,
  `TASK_DEF_ID_` varchar(64) CHARACTER SET utf8 COLLATE utf8_bin NULL DEFAULT NULL,
  `SCOPE_ID_` varchar(255) CHARACTER SET utf8 COLLATE utf8_bin NULL DEFAULT NULL,
  `SUB_SCOPE_ID_` varchar(255) CHARACTER SET utf8 COLLATE utf8_bin NULL DEFAULT NULL,
  `SCOPE_TYPE_` varchar(255) CHARACTER SET utf8 COLLATE utf8_bin NULL DEFAULT NULL,
  `SCOPE_DEFINITION_ID_` varchar(255) CHARACTER SET utf8 COLLATE utf8_bin NULL DEFAULT NULL,
  `NAME_` varchar(255) CHARACTER SET utf8 COLLATE utf8_bin NULL DEFAULT NULL,
  `PARENT_TASK_ID_` varchar(64) CHARACTER SET utf8 COLLATE utf8_bin NULL DEFAULT NULL,
  `DESCRIPTION_` varchar(4000) CHARACTER SET utf8 COLLATE utf8_bin NULL DEFAULT NULL,
  `TASK_DEF_KEY_` varchar(255) CHARACTER SET utf8 COLLATE utf8_bin NULL DEFAULT NULL,
  `OWNER_` varchar(255) CHARACTER SET utf8 COLLATE utf8_bin NULL DEFAULT NULL,
  `ASSIGNEE_` varchar(255) CHARACTER SET utf8 COLLATE utf8_bin NULL DEFAULT NULL,
  `DELEGATION_` varchar(64) CHARACTER SET utf8 COLLATE utf8_bin NULL DEFAULT NULL,
  `PRIORITY_` int(11) NULL DEFAULT NULL,
  `CREATE_TIME_` timestamp(3) NULL DEFAULT NULL,
  `DUE_DATE_` datetime(3) NULL DEFAULT NULL,
  `CATEGORY_` varchar(255) CHARACTER SET utf8 COLLATE utf8_bin NULL DEFAULT NULL,
  `SUSPENSION_STATE_` int(11) NULL DEFAULT NULL,
  `TENANT_ID_` varchar(255) CHARACTER SET utf8 COLLATE utf8_bin NULL DEFAULT '',
  `FORM_KEY_` varchar(255) CHARACTER SET utf8 COLLATE utf8_bin NULL DEFAULT NULL,
  `CLAIM_TIME_` datetime(3) NULL DEFAULT NULL,
  `IS_COUNT_ENABLED_` tinyint(4) NULL DEFAULT NULL,
  `VAR_COUNT_` int(11) NULL DEFAULT NULL,
  `ID_LINK_COUNT_` int(11) NULL DEFAULT NULL,
  `SUB_TASK_COUNT_` int(11) NULL DEFAULT NULL,
  PRIMARY KEY (`ID_`) USING BTREE,
  INDEX `ACT_IDX_TASK_CREATE`(`CREATE_TIME_`) USING BTREE,
  INDEX `ACT_IDX_TASK_SCOPE`(`SCOPE_ID_`, `SCOPE_TYPE_`) USING BTREE,
  INDEX `ACT_IDX_TASK_SUB_SCOPE`(`SUB_SCOPE_ID_`, `SCOPE_TYPE_`) USING BTREE,
  INDEX `ACT_IDX_TASK_SCOPE_DEF`(`SCOPE_DEFINITION_ID_`, `SCOPE_TYPE_`) USING BTREE,
  INDEX `ACT_FK_TASK_EXE`(`EXECUTION_ID_`) USING BTREE,
  INDEX `ACT_FK_TASK_PROCINST`(`PROC_INST_ID_`) USING BTREE,
  INDEX `ACT_FK_TASK_PROCDEF`(`PROC_DEF_ID_`) USING BTREE,
  CONSTRAINT `ACT_FK_TASK_EXE` FOREIGN KEY (`EXECUTION_ID_`) REFERENCES `ACT_RU_EXECUTION` (`ID_`) ON DELETE RESTRICT ON UPDATE RESTRICT,
  CONSTRAINT `ACT_FK_TASK_PROCDEF` FOREIGN KEY (`PROC_DEF_ID_`) REFERENCES `ACT_RE_PROCDEF` (`ID_`) ON DELETE RESTRICT ON UPDATE RESTRICT,
  CONSTRAINT `ACT_FK_TASK_PROCINST` FOREIGN KEY (`PROC_INST_ID_`) REFERENCES `ACT_RU_EXECUTION` (`ID_`) ON DELETE RESTRICT ON UPDATE RESTRICT
) ENGINE = InnoDB CHARACTER SET = utf8 COLLATE = utf8_bin ROW_FORMAT = Dynamic;

-- ----------------------------
-- Records of ACT_RU_TASK
-- ----------------------------
INSERT INTO `ACT_RU_TASK` VALUES ('e42afdf4-9d27-11eb-a6ec-00163e2e65eb', 1, '24ca98df-9d25-11eb-af8d-00163e2e65eb', '24ca98db-9d25-11eb-af8d-00163e2e65eb', 'jsite_leave:1:e0d76cbb-9d24-11eb-af8d-00163e2e65eb', NULL, NULL, NULL, NULL, NULL, '领导审批', NULL, NULL, 'leave_leader_audit', NULL, 'jsite', NULL, 50, '2021-04-14 21:47:02.224', NULL, NULL, 1, '', 'leave_leader_audit', NULL, 1, 0, 0, 0);

-- ----------------------------
-- Table structure for ACT_RU_TIMER_JOB
-- ----------------------------
DROP TABLE IF EXISTS `ACT_RU_TIMER_JOB`;
CREATE TABLE `ACT_RU_TIMER_JOB`  (
  `ID_` varchar(64) CHARACTER SET utf8 COLLATE utf8_bin NOT NULL,
  `REV_` int(11) NULL DEFAULT NULL,
  `TYPE_` varchar(255) CHARACTER SET utf8 COLLATE utf8_bin NOT NULL,
  `LOCK_EXP_TIME_` timestamp(3) NULL DEFAULT NULL,
  `LOCK_OWNER_` varchar(255) CHARACTER SET utf8 COLLATE utf8_bin NULL DEFAULT NULL,
  `EXCLUSIVE_` tinyint(1) NULL DEFAULT NULL,
  `EXECUTION_ID_` varchar(64) CHARACTER SET utf8 COLLATE utf8_bin NULL DEFAULT NULL,
  `PROCESS_INSTANCE_ID_` varchar(64) CHARACTER SET utf8 COLLATE utf8_bin NULL DEFAULT NULL,
  `PROC_DEF_ID_` varchar(64) CHARACTER SET utf8 COLLATE utf8_bin NULL DEFAULT NULL,
  `SCOPE_ID_` varchar(255) CHARACTER SET utf8 COLLATE utf8_bin NULL DEFAULT NULL,
  `SUB_SCOPE_ID_` varchar(255) CHARACTER SET utf8 COLLATE utf8_bin NULL DEFAULT NULL,
  `SCOPE_TYPE_` varchar(255) CHARACTER SET utf8 COLLATE utf8_bin NULL DEFAULT NULL,
  `SCOPE_DEFINITION_ID_` varchar(255) CHARACTER SET utf8 COLLATE utf8_bin NULL DEFAULT NULL,
  `RETRIES_` int(11) NULL DEFAULT NULL,
  `EXCEPTION_STACK_ID_` varchar(64) CHARACTER SET utf8 COLLATE utf8_bin NULL DEFAULT NULL,
  `EXCEPTION_MSG_` varchar(4000) CHARACTER SET utf8 COLLATE utf8_bin NULL DEFAULT NULL,
  `DUEDATE_` timestamp(3) NULL DEFAULT NULL,
  `REPEAT_` varchar(255) CHARACTER SET utf8 COLLATE utf8_bin NULL DEFAULT NULL,
  `HANDLER_TYPE_` varchar(255) CHARACTER SET utf8 COLLATE utf8_bin NULL DEFAULT NULL,
  `HANDLER_CFG_` varchar(4000) CHARACTER SET utf8 COLLATE utf8_bin NULL DEFAULT NULL,
  `CUSTOM_VALUES_ID_` varchar(64) CHARACTER SET utf8 COLLATE utf8_bin NULL DEFAULT NULL,
  `CREATE_TIME_` timestamp(3) NULL DEFAULT NULL,
  `TENANT_ID_` varchar(255) CHARACTER SET utf8 COLLATE utf8_bin NULL DEFAULT '',
  PRIMARY KEY (`ID_`) USING BTREE,
  INDEX `ACT_IDX_TIMER_JOB_EXCEPTION_STACK_ID`(`EXCEPTION_STACK_ID_`) USING BTREE,
  INDEX `ACT_IDX_TIMER_JOB_CUSTOM_VALUES_ID`(`CUSTOM_VALUES_ID_`) USING BTREE,
  INDEX `ACT_IDX_TJOB_SCOPE`(`SCOPE_ID_`, `SCOPE_TYPE_`) USING BTREE,
  INDEX `ACT_IDX_TJOB_SUB_SCOPE`(`SUB_SCOPE_ID_`, `SCOPE_TYPE_`) USING BTREE,
  INDEX `ACT_IDX_TJOB_SCOPE_DEF`(`SCOPE_DEFINITION_ID_`, `SCOPE_TYPE_`) USING BTREE,
  INDEX `ACT_FK_TIMER_JOB_EXECUTION`(`EXECUTION_ID_`) USING BTREE,
  INDEX `ACT_FK_TIMER_JOB_PROCESS_INSTANCE`(`PROCESS_INSTANCE_ID_`) USING BTREE,
  INDEX `ACT_FK_TIMER_JOB_PROC_DEF`(`PROC_DEF_ID_`) USING BTREE,
  CONSTRAINT `ACT_FK_TIMER_JOB_CUSTOM_VALUES` FOREIGN KEY (`CUSTOM_VALUES_ID_`) REFERENCES `ACT_GE_BYTEARRAY` (`ID_`) ON DELETE RESTRICT ON UPDATE RESTRICT,
  CONSTRAINT `ACT_FK_TIMER_JOB_EXCEPTION` FOREIGN KEY (`EXCEPTION_STACK_ID_`) REFERENCES `ACT_GE_BYTEARRAY` (`ID_`) ON DELETE RESTRICT ON UPDATE RESTRICT,
  CONSTRAINT `ACT_FK_TIMER_JOB_EXECUTION` FOREIGN KEY (`EXECUTION_ID_`) REFERENCES `ACT_RU_EXECUTION` (`ID_`) ON DELETE RESTRICT ON UPDATE RESTRICT,
  CONSTRAINT `ACT_FK_TIMER_JOB_PROCESS_INSTANCE` FOREIGN KEY (`PROCESS_INSTANCE_ID_`) REFERENCES `ACT_RU_EXECUTION` (`ID_`) ON DELETE RESTRICT ON UPDATE RESTRICT,
  CONSTRAINT `ACT_FK_TIMER_JOB_PROC_DEF` FOREIGN KEY (`PROC_DEF_ID_`) REFERENCES `ACT_RE_PROCDEF` (`ID_`) ON DELETE RESTRICT ON UPDATE RESTRICT
) ENGINE = InnoDB CHARACTER SET = utf8 COLLATE = utf8_bin ROW_FORMAT = Dynamic;

-- ----------------------------
-- Records of ACT_RU_TIMER_JOB
-- ----------------------------

-- ----------------------------
-- Table structure for ACT_RU_VARIABLE
-- ----------------------------
DROP TABLE IF EXISTS `ACT_RU_VARIABLE`;
CREATE TABLE `ACT_RU_VARIABLE`  (
  `ID_` varchar(64) CHARACTER SET utf8 COLLATE utf8_bin NOT NULL,
  `REV_` int(11) NULL DEFAULT NULL,
  `TYPE_` varchar(255) CHARACTER SET utf8 COLLATE utf8_bin NOT NULL,
  `NAME_` varchar(255) CHARACTER SET utf8 COLLATE utf8_bin NOT NULL,
  `EXECUTION_ID_` varchar(64) CHARACTER SET utf8 COLLATE utf8_bin NULL DEFAULT NULL,
  `PROC_INST_ID_` varchar(64) CHARACTER SET utf8 COLLATE utf8_bin NULL DEFAULT NULL,
  `TASK_ID_` varchar(64) CHARACTER SET utf8 COLLATE utf8_bin NULL DEFAULT NULL,
  `SCOPE_ID_` varchar(255) CHARACTER SET utf8 COLLATE utf8_bin NULL DEFAULT NULL,
  `SUB_SCOPE_ID_` varchar(255) CHARACTER SET utf8 COLLATE utf8_bin NULL DEFAULT NULL,
  `SCOPE_TYPE_` varchar(255) CHARACTER SET utf8 COLLATE utf8_bin NULL DEFAULT NULL,
  `BYTEARRAY_ID_` varchar(64) CHARACTER SET utf8 COLLATE utf8_bin NULL DEFAULT NULL,
  `DOUBLE_` double NULL DEFAULT NULL,
  `LONG_` bigint(20) NULL DEFAULT NULL,
  `TEXT_` varchar(4000) CHARACTER SET utf8 COLLATE utf8_bin NULL DEFAULT NULL,
  `TEXT2_` varchar(4000) CHARACTER SET utf8 COLLATE utf8_bin NULL DEFAULT NULL,
  PRIMARY KEY (`ID_`) USING BTREE,
  INDEX `ACT_IDX_RU_VAR_SCOPE_ID_TYPE`(`SCOPE_ID_`, `SCOPE_TYPE_`) USING BTREE,
  INDEX `ACT_IDX_RU_VAR_SUB_ID_TYPE`(`SUB_SCOPE_ID_`, `SCOPE_TYPE_`) USING BTREE,
  INDEX `ACT_FK_VAR_BYTEARRAY`(`BYTEARRAY_ID_`) USING BTREE,
  INDEX `ACT_IDX_VARIABLE_TASK_ID`(`TASK_ID_`) USING BTREE,
  INDEX `ACT_FK_VAR_EXE`(`EXECUTION_ID_`) USING BTREE,
  INDEX `ACT_FK_VAR_PROCINST`(`PROC_INST_ID_`) USING BTREE,
  CONSTRAINT `ACT_FK_VAR_BYTEARRAY` FOREIGN KEY (`BYTEARRAY_ID_`) REFERENCES `ACT_GE_BYTEARRAY` (`ID_`) ON DELETE RESTRICT ON UPDATE RESTRICT,
  CONSTRAINT `ACT_FK_VAR_EXE` FOREIGN KEY (`EXECUTION_ID_`) REFERENCES `ACT_RU_EXECUTION` (`ID_`) ON DELETE RESTRICT ON UPDATE RESTRICT,
  CONSTRAINT `ACT_FK_VAR_PROCINST` FOREIGN KEY (`PROC_INST_ID_`) REFERENCES `ACT_RU_EXECUTION` (`ID_`) ON DELETE RESTRICT ON UPDATE RESTRICT
) ENGINE = InnoDB CHARACTER SET = utf8 COLLATE = utf8_bin ROW_FORMAT = Dynamic;

-- ----------------------------
-- Records of ACT_RU_VARIABLE
-- ----------------------------
INSERT INTO `ACT_RU_VARIABLE` VALUES ('24ca98dc-9d25-11eb-af8d-00163e2e65eb', 1, 'string', 'applyUserId', '24ca98db-9d25-11eb-af8d-00163e2e65eb', '24ca98db-9d25-11eb-af8d-00163e2e65eb', NULL, NULL, NULL, NULL, NULL, NULL, NULL, 'jsite', NULL);
INSERT INTO `ACT_RU_VARIABLE` VALUES ('24ca98de-9d25-11eb-af8d-00163e2e65eb', 5, 'string', 'leaderName', '24ca98db-9d25-11eb-af8d-00163e2e65eb', '24ca98db-9d25-11eb-af8d-00163e2e65eb', NULL, NULL, NULL, NULL, NULL, NULL, NULL, 'jsite', NULL);
INSERT INTO `ACT_RU_VARIABLE` VALUES ('2f709476-9d25-11eb-af8d-00163e2e65eb', 4, 'boolean', 'auditPass', '24ca98db-9d25-11eb-af8d-00163e2e65eb', '24ca98db-9d25-11eb-af8d-00163e2e65eb', NULL, NULL, NULL, NULL, NULL, NULL, 1, NULL, NULL);
INSERT INTO `ACT_RU_VARIABLE` VALUES ('2f7109a7-9d25-11eb-af8d-00163e2e65eb', 1, 'string', 'leave_leader_audit', '24ca98db-9d25-11eb-af8d-00163e2e65eb', '24ca98db-9d25-11eb-af8d-00163e2e65eb', NULL, NULL, NULL, NULL, NULL, NULL, NULL, 'jsite', NULL);

-- ----------------------------
-- Table structure for QRTZ_BLOB_TRIGGERS
-- ----------------------------
DROP TABLE IF EXISTS `QRTZ_BLOB_TRIGGERS`;
CREATE TABLE `QRTZ_BLOB_TRIGGERS`  (
  `SCHED_NAME` varchar(120) CHARACTER SET utf8 COLLATE utf8_general_ci NOT NULL,
  `TRIGGER_NAME` varchar(200) CHARACTER SET utf8 COLLATE utf8_general_ci NOT NULL,
  `TRIGGER_GROUP` varchar(200) CHARACTER SET utf8 COLLATE utf8_general_ci NOT NULL,
  `BLOB_DATA` blob NULL,
  PRIMARY KEY (`SCHED_NAME`, `TRIGGER_NAME`, `TRIGGER_GROUP`) USING BTREE,
  CONSTRAINT `QRTZ_BLOB_TRIGGERS_ibfk_1` FOREIGN KEY (`SCHED_NAME`, `TRIGGER_NAME`, `TRIGGER_GROUP`) REFERENCES `QRTZ_TRIGGERS` (`sched_name`, `trigger_name`, `trigger_group`) ON DELETE RESTRICT ON UPDATE RESTRICT
) ENGINE = InnoDB CHARACTER SET = utf8 COLLATE = utf8_general_ci ROW_FORMAT = DYNAMIC;

-- ----------------------------
-- Records of QRTZ_BLOB_TRIGGERS
-- ----------------------------

-- ----------------------------
-- Table structure for QRTZ_CALENDARS
-- ----------------------------
DROP TABLE IF EXISTS `QRTZ_CALENDARS`;
CREATE TABLE `QRTZ_CALENDARS`  (
  `SCHED_NAME` varchar(120) CHARACTER SET utf8 COLLATE utf8_general_ci NOT NULL,
  `CALENDAR_NAME` varchar(200) CHARACTER SET utf8 COLLATE utf8_general_ci NOT NULL,
  `CALENDAR` blob NOT NULL,
  PRIMARY KEY (`SCHED_NAME`, `CALENDAR_NAME`) USING BTREE
) ENGINE = InnoDB CHARACTER SET = utf8 COLLATE = utf8_general_ci ROW_FORMAT = DYNAMIC;

-- ----------------------------
-- Records of QRTZ_CALENDARS
-- ----------------------------

-- ----------------------------
-- Table structure for QRTZ_CRON_TRIGGERS
-- ----------------------------
DROP TABLE IF EXISTS `QRTZ_CRON_TRIGGERS`;
CREATE TABLE `QRTZ_CRON_TRIGGERS`  (
  `SCHED_NAME` varchar(120) CHARACTER SET utf8 COLLATE utf8_general_ci NOT NULL,
  `TRIGGER_NAME` varchar(200) CHARACTER SET utf8 COLLATE utf8_general_ci NOT NULL,
  `TRIGGER_GROUP` varchar(200) CHARACTER SET utf8 COLLATE utf8_general_ci NOT NULL,
  `CRON_EXPRESSION` varchar(200) CHARACTER SET utf8 COLLATE utf8_general_ci NOT NULL,
  `TIME_ZONE_ID` varchar(80) CHARACTER SET utf8 COLLATE utf8_general_ci NULL DEFAULT NULL,
  PRIMARY KEY (`SCHED_NAME`, `TRIGGER_NAME`, `TRIGGER_GROUP`) USING BTREE,
  CONSTRAINT `QRTZ_CRON_TRIGGERS_ibfk_1` FOREIGN KEY (`SCHED_NAME`, `TRIGGER_NAME`, `TRIGGER_GROUP`) REFERENCES `QRTZ_TRIGGERS` (`sched_name`, `trigger_name`, `trigger_group`) ON DELETE RESTRICT ON UPDATE RESTRICT
) ENGINE = InnoDB CHARACTER SET = utf8 COLLATE = utf8_general_ci ROW_FORMAT = DYNAMIC;

-- ----------------------------
-- Records of QRTZ_CRON_TRIGGERS
-- ----------------------------
INSERT INTO `QRTZ_CRON_TRIGGERS` VALUES ('quartzScheduler', 'com.jsite.common.quartz.job.HelloJob', '1', '0/30 * * * * ?', 'Asia/Shanghai');
INSERT INTO `QRTZ_CRON_TRIGGERS` VALUES ('quartzScheduler', 'com.jsite.common.quartz.job.NewJob', '2', '0/55 * * * * ?', 'Asia/Shanghai');
INSERT INTO `QRTZ_CRON_TRIGGERS` VALUES ('quartzScheduler', 'com.jsite.common.quartz.job.TestJob', '3', '0/40 * * * * ?', 'Asia/Shanghai');

-- ----------------------------
-- Table structure for QRTZ_FIRED_TRIGGERS
-- ----------------------------
DROP TABLE IF EXISTS `QRTZ_FIRED_TRIGGERS`;
CREATE TABLE `QRTZ_FIRED_TRIGGERS`  (
  `SCHED_NAME` varchar(120) CHARACTER SET utf8 COLLATE utf8_general_ci NOT NULL,
  `ENTRY_ID` varchar(95) CHARACTER SET utf8 COLLATE utf8_general_ci NOT NULL,
  `TRIGGER_NAME` varchar(200) CHARACTER SET utf8 COLLATE utf8_general_ci NOT NULL,
  `TRIGGER_GROUP` varchar(200) CHARACTER SET utf8 COLLATE utf8_general_ci NOT NULL,
  `INSTANCE_NAME` varchar(200) CHARACTER SET utf8 COLLATE utf8_general_ci NOT NULL,
  `FIRED_TIME` bigint(13) NOT NULL,
  `SCHED_TIME` bigint(13) NOT NULL,
  `PRIORITY` int(11) NOT NULL,
  `STATE` varchar(16) CHARACTER SET utf8 COLLATE utf8_general_ci NOT NULL,
  `JOB_NAME` varchar(200) CHARACTER SET utf8 COLLATE utf8_general_ci NULL DEFAULT NULL,
  `JOB_GROUP` varchar(200) CHARACTER SET utf8 COLLATE utf8_general_ci NULL DEFAULT NULL,
  `IS_NONCONCURRENT` varchar(1) CHARACTER SET utf8 COLLATE utf8_general_ci NULL DEFAULT NULL,
  `REQUESTS_RECOVERY` varchar(1) CHARACTER SET utf8 COLLATE utf8_general_ci NULL DEFAULT NULL,
  PRIMARY KEY (`SCHED_NAME`, `ENTRY_ID`) USING BTREE
) ENGINE = InnoDB CHARACTER SET = utf8 COLLATE = utf8_general_ci ROW_FORMAT = DYNAMIC;

-- ----------------------------
-- Records of QRTZ_FIRED_TRIGGERS
-- ----------------------------

-- ----------------------------
-- Table structure for QRTZ_JOB_DETAILS
-- ----------------------------
DROP TABLE IF EXISTS `QRTZ_JOB_DETAILS`;
CREATE TABLE `QRTZ_JOB_DETAILS`  (
  `SCHED_NAME` varchar(120) CHARACTER SET utf8 COLLATE utf8_general_ci NOT NULL,
  `JOB_NAME` varchar(200) CHARACTER SET utf8 COLLATE utf8_general_ci NOT NULL,
  `JOB_GROUP` varchar(200) CHARACTER SET utf8 COLLATE utf8_general_ci NOT NULL,
  `DESCRIPTION` varchar(250) CHARACTER SET utf8 COLLATE utf8_general_ci NULL DEFAULT NULL,
  `JOB_CLASS_NAME` varchar(250) CHARACTER SET utf8 COLLATE utf8_general_ci NOT NULL,
  `IS_DURABLE` varchar(1) CHARACTER SET utf8 COLLATE utf8_general_ci NOT NULL,
  `IS_NONCONCURRENT` varchar(1) CHARACTER SET utf8 COLLATE utf8_general_ci NOT NULL,
  `IS_UPDATE_DATA` varchar(1) CHARACTER SET utf8 COLLATE utf8_general_ci NOT NULL,
  `REQUESTS_RECOVERY` varchar(1) CHARACTER SET utf8 COLLATE utf8_general_ci NOT NULL,
  `JOB_DATA` blob NULL,
  PRIMARY KEY (`SCHED_NAME`, `JOB_NAME`, `JOB_GROUP`) USING BTREE
) ENGINE = InnoDB CHARACTER SET = utf8 COLLATE = utf8_general_ci ROW_FORMAT = DYNAMIC;

-- ----------------------------
-- Records of QRTZ_JOB_DETAILS
-- ----------------------------
INSERT INTO `QRTZ_JOB_DETAILS` VALUES ('quartzScheduler', 'com.jsite.common.quartz.job.HelloJob', '1', NULL, 'com.jsite.common.quartz.job.HelloJob', '0', '0', '0', '0', 0xACED0005737200156F72672E71756172747A2E4A6F62446174614D61709FB083E8BFA9B0CB020000787200266F72672E71756172747A2E7574696C732E537472696E674B65794469727479466C61674D61708208E8C3FBC55D280200015A0013616C6C6F77735472616E7369656E74446174617872001D6F72672E71756172747A2E7574696C732E4469727479466C61674D617013E62EAD28760ACE0200025A000564697274794C00036D617074000F4C6A6176612F7574696C2F4D61703B787000737200116A6176612E7574696C2E486173684D61700507DAC1C31660D103000246000A6C6F6164466163746F724900097468726573686F6C6478703F40000000000010770800000010000000007800);
INSERT INTO `QRTZ_JOB_DETAILS` VALUES ('quartzScheduler', 'com.jsite.common.quartz.job.NewJob', '2', NULL, 'com.jsite.common.quartz.job.NewJob', '0', '0', '0', '0', 0xACED0005737200156F72672E71756172747A2E4A6F62446174614D61709FB083E8BFA9B0CB020000787200266F72672E71756172747A2E7574696C732E537472696E674B65794469727479466C61674D61708208E8C3FBC55D280200015A0013616C6C6F77735472616E7369656E74446174617872001D6F72672E71756172747A2E7574696C732E4469727479466C61674D617013E62EAD28760ACE0200025A000564697274794C00036D617074000F4C6A6176612F7574696C2F4D61703B787000737200116A6176612E7574696C2E486173684D61700507DAC1C31660D103000246000A6C6F6164466163746F724900097468726573686F6C6478703F40000000000010770800000010000000007800);
INSERT INTO `QRTZ_JOB_DETAILS` VALUES ('quartzScheduler', 'com.jsite.common.quartz.job.TestJob', '3', NULL, 'com.jsite.common.quartz.job.TestJob', '0', '0', '0', '0', 0xACED0005737200156F72672E71756172747A2E4A6F62446174614D61709FB083E8BFA9B0CB020000787200266F72672E71756172747A2E7574696C732E537472696E674B65794469727479466C61674D61708208E8C3FBC55D280200015A0013616C6C6F77735472616E7369656E74446174617872001D6F72672E71756172747A2E7574696C732E4469727479466C61674D617013E62EAD28760ACE0200025A000564697274794C00036D617074000F4C6A6176612F7574696C2F4D61703B787000737200116A6176612E7574696C2E486173684D61700507DAC1C31660D103000246000A6C6F6164466163746F724900097468726573686F6C6478703F40000000000010770800000010000000007800);

-- ----------------------------
-- Table structure for QRTZ_LOCKS
-- ----------------------------
DROP TABLE IF EXISTS `QRTZ_LOCKS`;
CREATE TABLE `QRTZ_LOCKS`  (
  `SCHED_NAME` varchar(120) CHARACTER SET utf8 COLLATE utf8_general_ci NOT NULL,
  `LOCK_NAME` varchar(40) CHARACTER SET utf8 COLLATE utf8_general_ci NOT NULL,
  PRIMARY KEY (`SCHED_NAME`, `LOCK_NAME`) USING BTREE
) ENGINE = InnoDB CHARACTER SET = utf8 COLLATE = utf8_general_ci ROW_FORMAT = DYNAMIC;

-- ----------------------------
-- Records of QRTZ_LOCKS
-- ----------------------------
INSERT INTO `QRTZ_LOCKS` VALUES ('quartzScheduler', 'TRIGGER_ACCESS');

-- ----------------------------
-- Table structure for QRTZ_PAUSED_TRIGGER_GRPS
-- ----------------------------
DROP TABLE IF EXISTS `QRTZ_PAUSED_TRIGGER_GRPS`;
CREATE TABLE `QRTZ_PAUSED_TRIGGER_GRPS`  (
  `SCHED_NAME` varchar(120) CHARACTER SET utf8 COLLATE utf8_general_ci NOT NULL,
  `TRIGGER_GROUP` varchar(200) CHARACTER SET utf8 COLLATE utf8_general_ci NOT NULL,
  PRIMARY KEY (`SCHED_NAME`, `TRIGGER_GROUP`) USING BTREE
) ENGINE = InnoDB CHARACTER SET = utf8 COLLATE = utf8_general_ci ROW_FORMAT = DYNAMIC;

-- ----------------------------
-- Records of QRTZ_PAUSED_TRIGGER_GRPS
-- ----------------------------

-- ----------------------------
-- Table structure for QRTZ_SCHEDULER_STATE
-- ----------------------------
DROP TABLE IF EXISTS `QRTZ_SCHEDULER_STATE`;
CREATE TABLE `QRTZ_SCHEDULER_STATE`  (
  `SCHED_NAME` varchar(120) CHARACTER SET utf8 COLLATE utf8_general_ci NOT NULL,
  `INSTANCE_NAME` varchar(200) CHARACTER SET utf8 COLLATE utf8_general_ci NOT NULL,
  `LAST_CHECKIN_TIME` bigint(13) NOT NULL,
  `CHECKIN_INTERVAL` bigint(13) NOT NULL,
  PRIMARY KEY (`SCHED_NAME`, `INSTANCE_NAME`) USING BTREE
) ENGINE = InnoDB CHARACTER SET = utf8 COLLATE = utf8_general_ci ROW_FORMAT = DYNAMIC;

-- ----------------------------
-- Records of QRTZ_SCHEDULER_STATE
-- ----------------------------

-- ----------------------------
-- Table structure for QRTZ_SIMPLE_TRIGGERS
-- ----------------------------
DROP TABLE IF EXISTS `QRTZ_SIMPLE_TRIGGERS`;
CREATE TABLE `QRTZ_SIMPLE_TRIGGERS`  (
  `SCHED_NAME` varchar(120) CHARACTER SET utf8 COLLATE utf8_general_ci NOT NULL,
  `TRIGGER_NAME` varchar(200) CHARACTER SET utf8 COLLATE utf8_general_ci NOT NULL,
  `TRIGGER_GROUP` varchar(200) CHARACTER SET utf8 COLLATE utf8_general_ci NOT NULL,
  `REPEAT_COUNT` bigint(7) NOT NULL,
  `REPEAT_INTERVAL` bigint(12) NOT NULL,
  `TIMES_TRIGGERED` bigint(10) NOT NULL,
  PRIMARY KEY (`SCHED_NAME`, `TRIGGER_NAME`, `TRIGGER_GROUP`) USING BTREE,
  CONSTRAINT `QRTZ_SIMPLE_TRIGGERS_ibfk_1` FOREIGN KEY (`SCHED_NAME`, `TRIGGER_NAME`, `TRIGGER_GROUP`) REFERENCES `QRTZ_TRIGGERS` (`sched_name`, `trigger_name`, `trigger_group`) ON DELETE RESTRICT ON UPDATE RESTRICT
) ENGINE = InnoDB CHARACTER SET = utf8 COLLATE = utf8_general_ci ROW_FORMAT = DYNAMIC;

-- ----------------------------
-- Records of QRTZ_SIMPLE_TRIGGERS
-- ----------------------------

-- ----------------------------
-- Table structure for QRTZ_SIMPROP_TRIGGERS
-- ----------------------------
DROP TABLE IF EXISTS `QRTZ_SIMPROP_TRIGGERS`;
CREATE TABLE `QRTZ_SIMPROP_TRIGGERS`  (
  `SCHED_NAME` varchar(120) CHARACTER SET utf8 COLLATE utf8_general_ci NOT NULL,
  `TRIGGER_NAME` varchar(200) CHARACTER SET utf8 COLLATE utf8_general_ci NOT NULL,
  `TRIGGER_GROUP` varchar(200) CHARACTER SET utf8 COLLATE utf8_general_ci NOT NULL,
  `STR_PROP_1` varchar(512) CHARACTER SET utf8 COLLATE utf8_general_ci NULL DEFAULT NULL,
  `STR_PROP_2` varchar(512) CHARACTER SET utf8 COLLATE utf8_general_ci NULL DEFAULT NULL,
  `STR_PROP_3` varchar(512) CHARACTER SET utf8 COLLATE utf8_general_ci NULL DEFAULT NULL,
  `INT_PROP_1` int(11) NULL DEFAULT NULL,
  `INT_PROP_2` int(11) NULL DEFAULT NULL,
  `LONG_PROP_1` bigint(20) NULL DEFAULT NULL,
  `LONG_PROP_2` bigint(20) NULL DEFAULT NULL,
  `DEC_PROP_1` decimal(13, 4) NULL DEFAULT NULL,
  `DEC_PROP_2` decimal(13, 4) NULL DEFAULT NULL,
  `BOOL_PROP_1` varchar(1) CHARACTER SET utf8 COLLATE utf8_general_ci NULL DEFAULT NULL,
  `BOOL_PROP_2` varchar(1) CHARACTER SET utf8 COLLATE utf8_general_ci NULL DEFAULT NULL,
  PRIMARY KEY (`SCHED_NAME`, `TRIGGER_NAME`, `TRIGGER_GROUP`) USING BTREE,
  CONSTRAINT `QRTZ_SIMPROP_TRIGGERS_ibfk_1` FOREIGN KEY (`SCHED_NAME`, `TRIGGER_NAME`, `TRIGGER_GROUP`) REFERENCES `QRTZ_TRIGGERS` (`sched_name`, `trigger_name`, `trigger_group`) ON DELETE RESTRICT ON UPDATE RESTRICT
) ENGINE = InnoDB CHARACTER SET = utf8 COLLATE = utf8_general_ci ROW_FORMAT = DYNAMIC;

-- ----------------------------
-- Records of QRTZ_SIMPROP_TRIGGERS
-- ----------------------------

-- ----------------------------
-- Table structure for QRTZ_TRIGGERS
-- ----------------------------
DROP TABLE IF EXISTS `QRTZ_TRIGGERS`;
CREATE TABLE `QRTZ_TRIGGERS`  (
  `SCHED_NAME` varchar(120) CHARACTER SET utf8 COLLATE utf8_general_ci NOT NULL,
  `TRIGGER_NAME` varchar(200) CHARACTER SET utf8 COLLATE utf8_general_ci NOT NULL,
  `TRIGGER_GROUP` varchar(200) CHARACTER SET utf8 COLLATE utf8_general_ci NOT NULL,
  `JOB_NAME` varchar(200) CHARACTER SET utf8 COLLATE utf8_general_ci NOT NULL,
  `JOB_GROUP` varchar(200) CHARACTER SET utf8 COLLATE utf8_general_ci NOT NULL,
  `DESCRIPTION` varchar(250) CHARACTER SET utf8 COLLATE utf8_general_ci NULL DEFAULT NULL,
  `NEXT_FIRE_TIME` bigint(13) NULL DEFAULT NULL,
  `PREV_FIRE_TIME` bigint(13) NULL DEFAULT NULL,
  `PRIORITY` int(11) NULL DEFAULT NULL,
  `TRIGGER_STATE` varchar(16) CHARACTER SET utf8 COLLATE utf8_general_ci NOT NULL,
  `TRIGGER_TYPE` varchar(8) CHARACTER SET utf8 COLLATE utf8_general_ci NOT NULL,
  `START_TIME` bigint(13) NOT NULL,
  `END_TIME` bigint(13) NULL DEFAULT NULL,
  `CALENDAR_NAME` varchar(200) CHARACTER SET utf8 COLLATE utf8_general_ci NULL DEFAULT NULL,
  `MISFIRE_INSTR` smallint(2) NULL DEFAULT NULL,
  `JOB_DATA` blob NULL,
  PRIMARY KEY (`SCHED_NAME`, `TRIGGER_NAME`, `TRIGGER_GROUP`) USING BTREE,
  INDEX `SCHED_NAME`(`SCHED_NAME`, `JOB_NAME`, `JOB_GROUP`) USING BTREE,
  CONSTRAINT `QRTZ_TRIGGERS_ibfk_1` FOREIGN KEY (`SCHED_NAME`, `JOB_NAME`, `JOB_GROUP`) REFERENCES `QRTZ_JOB_DETAILS` (`SCHED_NAME`, `JOB_NAME`, `JOB_GROUP`) ON DELETE RESTRICT ON UPDATE RESTRICT
) ENGINE = InnoDB CHARACTER SET = utf8 COLLATE = utf8_general_ci ROW_FORMAT = DYNAMIC;

-- ----------------------------
-- Records of QRTZ_TRIGGERS
-- ----------------------------
INSERT INTO `QRTZ_TRIGGERS` VALUES ('quartzScheduler', 'com.jsite.common.quartz.job.HelloJob', '1', 'com.jsite.common.quartz.job.HelloJob', '1', NULL, 1547209260000, 1547209230000, 5, 'PAUSED', 'CRON', 1547207629000, 0, NULL, 0, '');
INSERT INTO `QRTZ_TRIGGERS` VALUES ('quartzScheduler', 'com.jsite.common.quartz.job.NewJob', '2', 'com.jsite.common.quartz.job.NewJob', '2', NULL, 1547207815000, 1547207793711, 5, 'PAUSED', 'CRON', 1547092828000, 0, NULL, 0, '');
INSERT INTO `QRTZ_TRIGGERS` VALUES ('quartzScheduler', 'com.jsite.common.quartz.job.TestJob', '3', 'com.jsite.common.quartz.job.TestJob', '3', NULL, 1547197680000, 1547197660000, 5, 'PAUSED', 'CRON', 1547092566000, 0, NULL, 0, '');

-- ----------------------------
-- Table structure for flow_form
-- ----------------------------
DROP TABLE IF EXISTS `flow_form`;
CREATE TABLE `flow_form`  (
  `id` varchar(64) CHARACTER SET utf8 COLLATE utf8_bin NOT NULL COMMENT '���',
  `model_id` varchar(255) CHARACTER SET utf8 COLLATE utf8_bin NULL DEFAULT NULL COMMENT '����ģ��Id',
  `model_key` varchar(400) CHARACTER SET utf8 COLLATE utf8_bin NULL DEFAULT NULL COMMENT '����ģ��key',
  `model_version` int(11) NULL DEFAULT NULL COMMENT '����ģ�Ͱ汾',
  `form_content` text CHARACTER SET utf8 COLLATE utf8_bin NULL COMMENT '�������',
  `create_by` varchar(64) CHARACTER SET utf8 COLLATE utf8_bin NOT NULL COMMENT '������',
  `create_date` datetime(0) NOT NULL COMMENT '����ʱ��',
  `update_by` varchar(64) CHARACTER SET utf8 COLLATE utf8_bin NOT NULL COMMENT '������',
  `update_date` datetime(0) NOT NULL COMMENT '����ʱ��',
  `remarks` varchar(255) CHARACTER SET utf8 COLLATE utf8_bin NULL DEFAULT NULL COMMENT '��ע��Ϣ',
  `del_flag` char(1) CHARACTER SET utf8 COLLATE utf8_bin NOT NULL DEFAULT '0' COMMENT 'ɾ�����',
  PRIMARY KEY (`id`) USING BTREE
) ENGINE = InnoDB CHARACTER SET = utf8 COLLATE = utf8_bin COMMENT = '���̱����' ROW_FORMAT = Dynamic;

-- ----------------------------
-- Records of flow_form
-- ----------------------------
INSERT INTO `flow_form` VALUES ('17902cb796e9404083b8a68632580a42', '23388aa6-986c-11eb-b75a-00163e2e65eb', 'jsite_leave', 1, '&lt;table style=&quot;width:1000px&quot;&gt;&lt;tbody&gt;&lt;tr class=&quot;firstRow&quot;&gt;&lt;td valign=&quot;middle&quot; align=&quot;right&quot; colspan=&quot;1&quot; rowspan=&quot;1&quot; style=&quot;word-break: break-all;&quot; width=&quot;145&quot;&gt;&lt;br/&gt;&lt;/td&gt;&lt;td valign=&quot;middle&quot; align=&quot;left&quot; colspan=&quot;1&quot; rowspan=&quot;1&quot; style=&quot;word-break: break-all;&quot; width=&quot;127&quot;&gt;&lt;input name=&quot;task_asignee&quot; id=&quot;task_asignee&quot; type=&quot;text&quot; title=&quot;下一步处理人&quot; value=&quot;&quot; readonly=&quot;readonly&quot; leipiplugins=&quot;task_assignee&quot; onclick=&quot;openSelectPersonDialog(&amp;#39;task_asignee&amp;#39;)&quot; orgalign=&quot;left&quot; orgwidth=&quot;150&quot; orgtype=&quot;text&quot; orgclick=&quot;openSelectPersonDialog&quot; style=&quot;text-align: left; width: 150px;&quot; placeholder=&quot;下一步处理人&quot; orgfontsize=&quot;&quot; orgheight=&quot;&quot;/&gt;&lt;/td&gt;&lt;/tr&gt;&lt;tr&gt;&lt;td width=&quot;145&quot; valign=&quot;middle&quot; align=&quot;right&quot; style=&quot;word-break: break-all;&quot;&gt;请假类型：&lt;/td&gt;&lt;td width=&quot;651&quot; valign=&quot;top&quot; style=&quot;word-break: break-all;&quot;&gt;&lt;span leipiplugins=&quot;select&quot;&gt;&lt;select title=&quot;leave_type&quot; name=&quot;leave_type&quot; leipiplugins=&quot;select&quot; orgwidth=&quot;150&quot; orgtype=&quot;oa_leave_type&quot; style=&quot;width: 150px;&quot;&gt;&lt;option value=&quot;1&quot;&gt;公休&lt;/option&gt;&lt;option value=&quot;2&quot;&gt;病假&lt;/option&gt;&lt;option value=&quot;3&quot;&gt;事假&lt;/option&gt;&lt;option value=&quot;4&quot;&gt;调休&lt;/option&gt;&lt;option value=&quot;5&quot;&gt;婚假&lt;/option&gt;&lt;/select&gt;&amp;nbsp;&amp;nbsp;&lt;/span&gt;&lt;/td&gt;&lt;/tr&gt;&lt;tr&gt;&lt;td valign=&quot;middle&quot; align=&quot;right&quot; colspan=&quot;1&quot; rowspan=&quot;1&quot; style=&quot;word-break: break-all;&quot;&gt;请假时间：&lt;/td&gt;&lt;td valign=&quot;middle&quot; align=&quot;left&quot; colspan=&quot;1&quot; rowspan=&quot;1&quot; style=&quot;word-break: break-all;&quot;&gt;&lt;input name=&quot;leave_tm_begin&quot; type=&quot;text&quot; readonly=&quot;readonly&quot; leipiplugins=&quot;textdate&quot; onclick=&quot;WdatePicker({dateFmt:&amp;amp;#39;yyyy-MM-dd&amp;amp;#39;,isShowClear:false});&quot; orgrequired=&quot;0&quot; orgformat=&quot;yyyy-MM-dd&quot; orgalign=&quot;left&quot; orgwidth=&quot;150&quot; orgtype=&quot;text&quot; style=&quot;text-align: left; width: 150px;&quot; title=&quot;&quot; orgfontsize=&quot;&quot; orgheight=&quot;&quot;/&gt;&amp;nbsp;-&amp;nbsp;&lt;input name=&quot;leave_tm_end&quot; type=&quot;text&quot; readonly=&quot;readonly&quot; leipiplugins=&quot;textdate&quot; onclick=&quot;WdatePicker({dateFmt:&amp;amp;#39;yyyy-MM-dd&amp;amp;#39;,isShowClear:false});&quot; orgrequired=&quot;0&quot; orgformat=&quot;yyyy-MM-dd&quot; orgalign=&quot;left&quot; orgwidth=&quot;150&quot; orgtype=&quot;text&quot; style=&quot;text-align: left; width: 150px;&quot; title=&quot;&quot; orgfontsize=&quot;&quot; orgheight=&quot;&quot;/&gt;&lt;/td&gt;&lt;/tr&gt;&lt;tr&gt;&lt;td valign=&quot;middle&quot; align=&quot;right&quot; colspan=&quot;1&quot; rowspan=&quot;1&quot; style=&quot;word-break: break-all;&quot;&gt;请假天数：&lt;/td&gt;&lt;td valign=&quot;middle&quot; align=&quot;left&quot; colspan=&quot;1&quot; rowspan=&quot;1&quot;&gt;&lt;input name=&quot;leave_days&quot; type=&quot;text&quot; title=&quot;leave_days&quot; value=&quot;&quot; leipiplugins=&quot;text&quot; orghide=&quot;0&quot; orgalign=&quot;left&quot; orgwidth=&quot;150&quot; orgtype=&quot;float&quot; style=&quot;text-align: left; width: 150px;&quot;/&gt;&lt;/td&gt;&lt;/tr&gt;&lt;tr&gt;&lt;td width=&quot;145&quot; valign=&quot;middle&quot; align=&quot;right&quot; style=&quot;word-break: break-all;&quot;&gt;请假原因：&lt;br/&gt;&lt;/td&gt;&lt;td width=&quot;651&quot; valign=&quot;top&quot; style=&quot;word-break: break-all;&quot;&gt;&lt;textarea title=&quot;leave_reason&quot; name=&quot;leave_reason&quot; leipiplugins=&quot;textarea&quot; value=&quot;&quot; orgrich=&quot;0&quot; orgfontsize=&quot;&quot; orgwidth=&quot;700&quot; orgheight=&quot;100&quot; style=&quot;width: 700px; height: 100px;&quot;&gt;&lt;/textarea&gt;&lt;/td&gt;&lt;/tr&gt;&lt;tr&gt;&lt;td valign=&quot;middle&quot; align=&quot;right&quot; colspan=&quot;1&quot; rowspan=&quot;1&quot; width=&quot;145&quot; style=&quot;word-break: break-all;&quot;&gt;审批意见：&lt;/td&gt;&lt;td valign=&quot;middle&quot; align=&quot;left&quot; colspan=&quot;1&quot; rowspan=&quot;1&quot; width=&quot;127&quot;&gt;&lt;textarea title=&quot;comment&quot; name=&quot;comment&quot; leipiplugins=&quot;textarea&quot; value=&quot;&quot; orgrich=&quot;0&quot; orgfontsize=&quot;&quot; orgwidth=&quot;700&quot; orgheight=&quot;100&quot; style=&quot;width: 700px; height: 100px;&quot;&gt;&lt;/textarea&gt;&lt;/td&gt;&lt;/tr&gt;&lt;/tbody&gt;&lt;/table&gt;&lt;p&gt;&lt;br/&gt;&lt;/p&gt;', '1', '2020-02-19 11:17:14', '1', '2021-04-09 10:34:31', NULL, '0');

-- ----------------------------
-- Table structure for flow_form_authorize
-- ----------------------------
DROP TABLE IF EXISTS `flow_form_authorize`;
CREATE TABLE `flow_form_authorize`  (
  `id` varchar(64) CHARACTER SET utf8 COLLATE utf8_bin NOT NULL COMMENT '���',
  `model_id` varchar(255) CHARACTER SET utf8 COLLATE utf8_bin NULL DEFAULT NULL COMMENT '����ģ��Id',
  `model_key` varchar(400) CHARACTER SET utf8 COLLATE utf8_bin NULL DEFAULT NULL COMMENT '����ģ��key',
  `model_version` int(11) NULL DEFAULT NULL COMMENT '����ģ�Ͱ汾',
  `field_name` varchar(64) CHARACTER SET utf8 COLLATE utf8_bin NULL DEFAULT NULL COMMENT '�ֶ�����',
  `resource_id` varchar(64) CHARACTER SET utf8 COLLATE utf8_bin NULL DEFAULT NULL COMMENT '���̽ڵ�ID',
  `resource_name` varchar(64) CHARACTER SET utf8 COLLATE utf8_bin NULL DEFAULT NULL COMMENT '���̽ڵ�����',
  `is_read` char(1) CHARACTER SET utf8 COLLATE utf8_bin NULL DEFAULT NULL COMMENT '�Ƿ�ֻ��',
  `is_require` char(1) CHARACTER SET utf8 COLLATE utf8_bin NULL DEFAULT NULL,
  `is_hide` char(1) CHARACTER SET utf8 COLLATE utf8_bin NULL DEFAULT NULL COMMENT '�Ƿ�����',
  `create_by` varchar(64) CHARACTER SET utf8 COLLATE utf8_bin NOT NULL COMMENT '������',
  `create_date` datetime(0) NOT NULL COMMENT '����ʱ��',
  `update_by` varchar(64) CHARACTER SET utf8 COLLATE utf8_bin NOT NULL COMMENT '������',
  `update_date` datetime(0) NOT NULL COMMENT '����ʱ��',
  `remarks` varchar(255) CHARACTER SET utf8 COLLATE utf8_bin NULL DEFAULT NULL COMMENT '��ע��Ϣ',
  `del_flag` char(1) CHARACTER SET utf8 COLLATE utf8_bin NOT NULL DEFAULT '0' COMMENT 'ɾ�����',
  PRIMARY KEY (`id`) USING BTREE
) ENGINE = InnoDB CHARACTER SET = utf8 COLLATE = utf8_bin COMMENT = '���̱���ֶ�Ȩ�ޱ�' ROW_FORMAT = Dynamic;

-- ----------------------------
-- Records of flow_form_authorize
-- ----------------------------
INSERT INTO `flow_form_authorize` VALUES ('151081c1adbf4369bddb2a6da3f3a079', '23388aa6-986c-11eb-b75a-00163e2e65eb', 'jsite_leave', 1, 'leave_tm_end', 'adjustApply', '调整申请', '0', '1', '0', '1', '2021-04-09 10:33:56', '1', '2021-04-09 10:33:56', NULL, '0');
INSERT INTO `flow_form_authorize` VALUES ('1e27eb1adb0c472cba5acc4b04f75dc7', '23388aa6-986c-11eb-b75a-00163e2e65eb', 'jsite_leave', 1, 'leave_tm_end', 'startevent1', '开始节点', '0', '1', '0', '1', '2021-04-09 10:33:56', '1', '2021-04-09 10:33:56', NULL, '0');
INSERT INTO `flow_form_authorize` VALUES ('214dfe6ad9034a979336f050f2c7231e', '23388aa6-986c-11eb-b75a-00163e2e65eb', 'jsite_leave', 1, 'leave_days', 'startevent1', '开始节点', '0', '1', '0', '1', '2021-04-09 10:34:02', '1', '2021-04-09 10:34:02', NULL, '0');
INSERT INTO `flow_form_authorize` VALUES ('231012c611f74f24b5f0c8ec5f7dfd4e', '23388aa6-986c-11eb-b75a-00163e2e65eb', 'jsite_leave', 1, 'leave_type', 'adjustApply', '调整申请', '0', '1', '0', '1', '2021-04-09 10:33:11', '1', '2021-04-09 10:33:11', NULL, '0');
INSERT INTO `flow_form_authorize` VALUES ('23725ca74d274cab9e498e89f3c6ecb6', '23388aa6-986c-11eb-b75a-00163e2e65eb', 'jsite_leave', 1, 'leave_type', 'startevent1', '开始节点', '0', '1', '0', '1', '2021-04-09 10:33:11', '1', '2021-04-09 10:33:11', NULL, '0');
INSERT INTO `flow_form_authorize` VALUES ('4695b6d567b64656bee6e37ee58548c5', '23388aa6-986c-11eb-b75a-00163e2e65eb', 'jsite_leave', 1, 'comment', 'leave_leader_audit', '领导审批', '0', '1', '0', '1', '2021-04-09 10:34:27', '1', '2021-04-09 10:34:27', NULL, '0');
INSERT INTO `flow_form_authorize` VALUES ('4e9ea201154e42619ccf3097f9f5ce70', '23388aa6-986c-11eb-b75a-00163e2e65eb', 'jsite_leave', 1, 'leave_days', 'adjustApply', '调整申请', '0', '1', '0', '1', '2021-04-09 10:34:02', '1', '2021-04-09 10:34:02', NULL, '0');
INSERT INTO `flow_form_authorize` VALUES ('5cdf670b01ba4605a25be133f0a90225', '23388aa6-986c-11eb-b75a-00163e2e65eb', 'jsite_leave', 1, 'leave_tm_end', 'leave_leader_audit', '领导审批', '1', '0', '0', '1', '2021-04-09 10:33:56', '1', '2021-04-09 10:33:56', NULL, '0');
INSERT INTO `flow_form_authorize` VALUES ('65136a30f0644c8b86337dba4e848363', '23388aa6-986c-11eb-b75a-00163e2e65eb', 'jsite_leave', 1, 'task_asignee', 'leave_leader_audit', '领导审批', '0', '0', '1', '1', '2021-04-09 10:32:52', '1', '2021-04-14 21:30:04', NULL, '0');
INSERT INTO `flow_form_authorize` VALUES ('709c4c86b3ca4b4a8e4671e4a44035fb', '23388aa6-986c-11eb-b75a-00163e2e65eb', 'jsite_leave', 1, 'task_asignee', 'startevent1', '开始节点', '0', '1', '0', '1', '2021-04-09 10:32:52', '1', '2021-04-14 21:30:04', NULL, '0');
INSERT INTO `flow_form_authorize` VALUES ('769d4b2eec6647bfadfe82e9c640c4e5', '23388aa6-986c-11eb-b75a-00163e2e65eb', 'jsite_leave', 1, 'comment', 'adjustApply', '调整申请', '1', '0', '0', '1', '2021-04-09 10:34:27', '1', '2021-04-09 10:34:27', NULL, '0');
INSERT INTO `flow_form_authorize` VALUES ('7bb64b09bb43449e89f08e152012b8e4', '23388aa6-986c-11eb-b75a-00163e2e65eb', 'jsite_leave', 1, 'leave_reason', 'adjustApply', '调整申请', '0', '1', '0', '1', '2021-04-09 10:34:17', '1', '2021-04-09 10:34:17', NULL, '0');
INSERT INTO `flow_form_authorize` VALUES ('7d3e4ff65a05464e874a8a642d59fec9', '23388aa6-986c-11eb-b75a-00163e2e65eb', 'jsite_leave', 1, 'leave_tm_begin', 'startevent1', '开始节点', '0', '1', '0', '1', '2021-04-09 10:33:46', '1', '2021-04-09 10:33:46', NULL, '0');
INSERT INTO `flow_form_authorize` VALUES ('7ed57d3d5f1942c08bdb16082000ffcc', '23388aa6-986c-11eb-b75a-00163e2e65eb', 'jsite_leave', 1, 'leave_reason', 'leave_leader_audit', '领导审批', '1', '0', '0', '1', '2021-04-09 10:34:17', '1', '2021-04-09 10:34:17', NULL, '0');
INSERT INTO `flow_form_authorize` VALUES ('bac937c2562e4d09a8e65d472eaff43c', '23388aa6-986c-11eb-b75a-00163e2e65eb', 'jsite_leave', 1, 'leave_reason', 'startevent1', '开始节点', '0', '1', '0', '1', '2021-04-09 10:34:17', '1', '2021-04-09 10:34:17', NULL, '0');
INSERT INTO `flow_form_authorize` VALUES ('bd0b14d23dc648728f72b52523daf1a8', '23388aa6-986c-11eb-b75a-00163e2e65eb', 'jsite_leave', 1, 'task_asignee', 'adjustApply', '调整申请', '0', '1', '0', '1', '2021-04-09 10:32:52', '1', '2021-04-14 21:30:04', NULL, '0');
INSERT INTO `flow_form_authorize` VALUES ('d258ad8ea8be45178adc64e9842aa625', '23388aa6-986c-11eb-b75a-00163e2e65eb', 'jsite_leave', 1, 'leave_tm_begin', 'leave_leader_audit', '领导审批', '1', '0', '0', '1', '2021-04-09 10:33:46', '1', '2021-04-09 10:33:46', NULL, '0');
INSERT INTO `flow_form_authorize` VALUES ('d3a54163a0124c49a9992290a7b28e41', '23388aa6-986c-11eb-b75a-00163e2e65eb', 'jsite_leave', 1, 'comment', 'startevent1', '开始节点', '1', '0', '0', '1', '2021-04-09 10:34:27', '1', '2021-04-09 10:34:27', NULL, '0');
INSERT INTO `flow_form_authorize` VALUES ('e1939d648ef84511946e0965fe1370c9', '23388aa6-986c-11eb-b75a-00163e2e65eb', 'jsite_leave', 1, 'leave_days', 'leave_leader_audit', '领导审批', '1', '0', '0', '1', '2021-04-09 10:34:02', '1', '2021-04-09 10:34:02', NULL, '0');
INSERT INTO `flow_form_authorize` VALUES ('e8188a86889944249f5dd124d2d09bd0', '23388aa6-986c-11eb-b75a-00163e2e65eb', 'jsite_leave', 1, 'leave_type', 'leave_leader_audit', '领导审批', '1', '0', '0', '1', '2021-04-09 10:33:11', '1', '2021-04-09 10:33:11', NULL, '0');
INSERT INTO `flow_form_authorize` VALUES ('f9189d800f8a4d04b13655b67b2b4c2e', '23388aa6-986c-11eb-b75a-00163e2e65eb', 'jsite_leave', 1, 'leave_tm_begin', 'adjustApply', '调整申请', '0', '1', '0', '1', '2021-04-09 10:33:46', '1', '2021-04-09 10:33:46', NULL, '0');

-- ----------------------------
-- Table structure for flow_form_business
-- ----------------------------
DROP TABLE IF EXISTS `flow_form_business`;
CREATE TABLE `flow_form_business`  (
  `id` varchar(64) CHARACTER SET utf8 COLLATE utf8_bin NOT NULL COMMENT '���',
  `form_id` varchar(64) CHARACTER SET utf8 COLLATE utf8_bin NULL DEFAULT NULL COMMENT '������',
  `proc_ins_id` varchar(255) CHARACTER SET utf8 COLLATE utf8_bin NULL DEFAULT NULL COMMENT '����ʵ��ID',
  `create_by` varchar(64) CHARACTER SET utf8 COLLATE utf8_bin NOT NULL COMMENT '������',
  `create_date` datetime(0) NOT NULL COMMENT '����ʱ��',
  `update_by` varchar(64) CHARACTER SET utf8 COLLATE utf8_bin NOT NULL COMMENT '������',
  `update_date` datetime(0) NOT NULL COMMENT '����ʱ��',
  `remarks` varchar(255) CHARACTER SET utf8 COLLATE utf8_bin NULL DEFAULT NULL COMMENT '��ע��Ϣ',
  `del_flag` char(1) CHARACTER SET utf8 COLLATE utf8_bin NOT NULL DEFAULT '0' COMMENT 'ɾ�����',
  PRIMARY KEY (`id`) USING BTREE
) ENGINE = InnoDB CHARACTER SET = utf8 COLLATE = utf8_bin COMMENT = '���̱��ҵ���ܱ�' ROW_FORMAT = Dynamic;

-- ----------------------------
-- Records of flow_form_business
-- ----------------------------
INSERT INTO `flow_form_business` VALUES ('384d13a3e09b4678acb21b764ebf508d', '17902cb796e9404083b8a68632580a42', '5aeaa8b8-9930-11eb-a4b2-00163e2e65eb', '1', '2021-04-09 20:37:33', '1', '2021-04-09 20:37:33', NULL, '0');
INSERT INTO `flow_form_business` VALUES ('6ae7afa2de1243c288b4257af7fcb925', '17902cb796e9404083b8a68632580a42', '24ca98db-9d25-11eb-af8d-00163e2e65eb', '1', '2021-04-14 21:27:22', '1', '2021-04-14 21:27:22', NULL, '0');
INSERT INTO `flow_form_business` VALUES ('6c29b330a54b4b2382b0f24169daf1cb', '17902cb796e9404083b8a68632580a42', '9c7e6be5-98dc-11eb-82ce-00163e2e65eb', '1', '2021-04-09 10:38:05', '1', '2021-04-09 10:38:05', NULL, '0');
INSERT INTO `flow_form_business` VALUES ('dcbe1e30fe5b478db78601083680f11f', '17902cb796e9404083b8a68632580a42', 'd6b0caae-9917-11eb-a4b2-00163e2e65eb', '1', '2021-04-09 17:42:03', '1', '2021-04-09 17:42:03', NULL, '0');
INSERT INTO `flow_form_business` VALUES ('ea452ad879454aa28d2144ab01615782', '17902cb796e9404083b8a68632580a42', 'f371151c-9d24-11eb-af8d-00163e2e65eb', '1', '2021-04-14 21:25:59', '1', '2021-04-14 21:25:59', NULL, '0');
INSERT INTO `flow_form_business` VALUES ('f8e0039d3db340e1888235924f73043f', '17902cb796e9404083b8a68632580a42', '325c29eb-98dc-11eb-82ce-00163e2e65eb', '1', '2021-04-09 10:35:07', '1', '2021-04-09 10:35:07', NULL, '0');

-- ----------------------------
-- Table structure for flow_form_data
-- ----------------------------
DROP TABLE IF EXISTS `flow_form_data`;
CREATE TABLE `flow_form_data`  (
  `id` varchar(64) CHARACTER SET utf8 COLLATE utf8_bin NOT NULL COMMENT '���',
  `form_id` varchar(64) CHARACTER SET utf8 COLLATE utf8_bin NOT NULL COMMENT '������',
  `proc_ins_id` varchar(255) CHARACTER SET utf8 COLLATE utf8_bin NULL DEFAULT NULL COMMENT '����ʵ��ID',
  `field_name` varchar(64) CHARACTER SET utf8 COLLATE utf8_bin NULL DEFAULT NULL COMMENT '�ֶ�����',
  `field_value` varchar(255) CHARACTER SET utf8 COLLATE utf8_bin NULL DEFAULT NULL COMMENT '�ֶ�ֵ',
  `field_large_value` varchar(3000) CHARACTER SET utf8 COLLATE utf8_bin NULL DEFAULT NULL COMMENT '���ı��ֶ�ֵ',
  `create_by` varchar(64) CHARACTER SET utf8 COLLATE utf8_bin NOT NULL COMMENT '������',
  `create_date` datetime(0) NOT NULL COMMENT '����ʱ��',
  `update_by` varchar(64) CHARACTER SET utf8 COLLATE utf8_bin NOT NULL COMMENT '������',
  `update_date` datetime(0) NOT NULL COMMENT '����ʱ��',
  `remarks` varchar(255) CHARACTER SET utf8 COLLATE utf8_bin NULL DEFAULT NULL COMMENT '��ע��Ϣ',
  `del_flag` char(1) CHARACTER SET utf8 COLLATE utf8_bin NOT NULL DEFAULT '0' COMMENT 'ɾ�����',
  PRIMARY KEY (`id`) USING BTREE,
  INDEX `form_id`(`form_id`) USING BTREE,
  CONSTRAINT `flow_form_data_ibfk_1` FOREIGN KEY (`form_id`) REFERENCES `flow_form` (`id`) ON DELETE RESTRICT ON UPDATE RESTRICT
) ENGINE = InnoDB CHARACTER SET = utf8 COLLATE = utf8_bin COMMENT = '���̱���ֶ����ݱ�' ROW_FORMAT = Dynamic;

-- ----------------------------
-- Records of flow_form_data
-- ----------------------------
INSERT INTO `flow_form_data` VALUES ('01a4819a693d49308ac415f7289e134d', '17902cb796e9404083b8a68632580a42', '24ca98db-9d25-11eb-af8d-00163e2e65eb', 'leave_tm_begin', '2021-04-15', NULL, '1', '2021-04-14 21:27:22', '1', '2021-04-14 21:47:02', NULL, '0');
INSERT INTO `flow_form_data` VALUES ('01afa2c0bde14c139c01a92f98c024a5', '17902cb796e9404083b8a68632580a42', 'd6b0caae-9917-11eb-a4b2-00163e2e65eb', 'comment', '', NULL, '1', '2021-04-09 17:42:03', '1', '2021-04-09 17:42:03', NULL, '0');
INSERT INTO `flow_form_data` VALUES ('0882b036f1554d54816300f8494233f5', '17902cb796e9404083b8a68632580a42', '24ca98db-9d25-11eb-af8d-00163e2e65eb', 'leave_tm_end', '2021-04-16', NULL, '1', '2021-04-14 21:27:22', '1', '2021-04-14 21:47:02', NULL, '0');
INSERT INTO `flow_form_data` VALUES ('0b45fef3c3a1422d8d47d9627da3df30', '17902cb796e9404083b8a68632580a42', 'd6b0caae-9917-11eb-a4b2-00163e2e65eb', 'leave_reason', '111', NULL, '1', '2021-04-09 17:42:03', '1', '2021-04-09 17:42:03', NULL, '0');
INSERT INTO `flow_form_data` VALUES ('0fa485fcf2bf4a2695d9b7d8d5317050', '17902cb796e9404083b8a68632580a42', '9c7e6be5-98dc-11eb-82ce-00163e2e65eb', 'leave_type', '5', NULL, '1', '2021-04-09 10:38:05', '1', '2021-04-14 14:41:41', NULL, '0');
INSERT INTO `flow_form_data` VALUES ('1fde028afc6d44229dbf3fb9613ae9ff', '17902cb796e9404083b8a68632580a42', '325c29eb-98dc-11eb-82ce-00163e2e65eb', 'leave_tm_end', '2021-04-10', NULL, '1', '2021-04-09 10:35:07', '1', '2021-04-09 10:35:07', NULL, '0');
INSERT INTO `flow_form_data` VALUES ('205ea00f19fe4892acbbe2a557d237dd', '17902cb796e9404083b8a68632580a42', 'f371151c-9d24-11eb-af8d-00163e2e65eb', 'leave_tm_begin', '2021-04-14', NULL, '1', '2021-04-14 21:26:00', '1', '2021-04-14 21:26:25', NULL, '0');
INSERT INTO `flow_form_data` VALUES ('2261d182fdc4430f92e5351931505e98', '17902cb796e9404083b8a68632580a42', 'd6b0caae-9917-11eb-a4b2-00163e2e65eb', 'leave_tm_end', '2021-04-10', NULL, '1', '2021-04-09 17:42:03', '1', '2021-04-09 17:42:03', NULL, '0');
INSERT INTO `flow_form_data` VALUES ('23c2098afb0649a7ac88ac973cd7d7a1', '17902cb796e9404083b8a68632580a42', '24ca98db-9d25-11eb-af8d-00163e2e65eb', 'comment', '测试驳回！！！', NULL, '1', '2021-04-14 21:27:22', '1', '2021-04-14 21:47:02', NULL, '0');
INSERT INTO `flow_form_data` VALUES ('24ab08f0e509432286044ae1645201fe', '17902cb796e9404083b8a68632580a42', '325c29eb-98dc-11eb-82ce-00163e2e65eb', 'leave_type', '3', NULL, '1', '2021-04-09 10:35:07', '1', '2021-04-09 10:35:07', NULL, '0');
INSERT INTO `flow_form_data` VALUES ('27087e38099d4a2cbf37deeec8165dfb', '17902cb796e9404083b8a68632580a42', '5aeaa8b8-9930-11eb-a4b2-00163e2e65eb', 'leave_tm_begin', '2021-04-10', NULL, '1', '2021-04-09 20:37:33', '1', '2021-04-13 09:28:26', NULL, '0');
INSERT INTO `flow_form_data` VALUES ('2c476bafb0484ceda49f391e19bd28ce', '17902cb796e9404083b8a68632580a42', 'f371151c-9d24-11eb-af8d-00163e2e65eb', 'leave_tm_end', '2021-04-16', NULL, '1', '2021-04-14 21:26:00', '1', '2021-04-14 21:26:25', NULL, '0');
INSERT INTO `flow_form_data` VALUES ('3e15408ffbbf4da4938b6eed028d6ded', '17902cb796e9404083b8a68632580a42', '5aeaa8b8-9930-11eb-a4b2-00163e2e65eb', 'leave_tm_end', '2021-04-11', NULL, '1', '2021-04-09 20:37:33', '1', '2021-04-13 09:28:26', NULL, '0');
INSERT INTO `flow_form_data` VALUES ('442ace70f8864eb2b51927e844232dd0', '17902cb796e9404083b8a68632580a42', '5aeaa8b8-9930-11eb-a4b2-00163e2e65eb', 'leave_type', '1', NULL, '1', '2021-04-09 20:37:33', '1', '2021-04-13 09:28:26', NULL, '0');
INSERT INTO `flow_form_data` VALUES ('45aec26113a74c0ab1ed9f6d20f5f62c', '17902cb796e9404083b8a68632580a42', '325c29eb-98dc-11eb-82ce-00163e2e65eb', 'leave_days', '2', NULL, '1', '2021-04-09 10:35:07', '1', '2021-04-09 10:35:07', NULL, '0');
INSERT INTO `flow_form_data` VALUES ('4a0f162739034907a15c4e70e66fbf4c', '17902cb796e9404083b8a68632580a42', '9c7e6be5-98dc-11eb-82ce-00163e2e65eb', 'leave_reason', '请假测试', NULL, '1', '2021-04-09 10:38:05', '1', '2021-04-14 14:41:41', NULL, '0');
INSERT INTO `flow_form_data` VALUES ('57b7dd19621045748ed00a5766738cf4', '17902cb796e9404083b8a68632580a42', '5aeaa8b8-9930-11eb-a4b2-00163e2e65eb', 'comment', '', NULL, '1', '2021-04-09 20:37:33', '1', '2021-04-13 09:28:26', NULL, '0');
INSERT INTO `flow_form_data` VALUES ('59a880c0fc624dfdac55eef6d53cfb44', '17902cb796e9404083b8a68632580a42', 'd6b0caae-9917-11eb-a4b2-00163e2e65eb', 'leave_type', '2', NULL, '1', '2021-04-09 17:42:03', '1', '2021-04-09 17:42:03', NULL, '0');
INSERT INTO `flow_form_data` VALUES ('6488418d53204ca28adce9493ab6d10e', '17902cb796e9404083b8a68632580a42', 'f371151c-9d24-11eb-af8d-00163e2e65eb', 'leave_type', '5', NULL, '1', '2021-04-14 21:26:00', '1', '2021-04-14 21:26:25', NULL, '0');
INSERT INTO `flow_form_data` VALUES ('6564e544cd8545de9f197c1a78282e92', '17902cb796e9404083b8a68632580a42', '9c7e6be5-98dc-11eb-82ce-00163e2e65eb', 'task_asignee', '', NULL, '1', '2021-04-09 10:38:05', '1', '2021-04-14 14:41:41', NULL, '0');
INSERT INTO `flow_form_data` VALUES ('6ff2a4d5a89b4804857cd3ca86560deb', '17902cb796e9404083b8a68632580a42', '9c7e6be5-98dc-11eb-82ce-00163e2e65eb', 'leave_tm_end', '2021-04-10', NULL, '1', '2021-04-09 10:38:05', '1', '2021-04-14 14:41:41', NULL, '0');
INSERT INTO `flow_form_data` VALUES ('712e03cc546a45c7b1040d33eba2cb85', '17902cb796e9404083b8a68632580a42', 'd6b0caae-9917-11eb-a4b2-00163e2e65eb', 'leave_days', '2', NULL, '1', '2021-04-09 17:42:03', '1', '2021-04-09 17:42:03', NULL, '0');
INSERT INTO `flow_form_data` VALUES ('798e2941ac104b46a326f923ff630ad3', '17902cb796e9404083b8a68632580a42', '9c7e6be5-98dc-11eb-82ce-00163e2e65eb', 'comment', 'aaa', NULL, '1', '2021-04-09 10:38:05', '1', '2021-04-14 14:41:41', NULL, '0');
INSERT INTO `flow_form_data` VALUES ('81a44dc82a364e23b63a89def778c157', '17902cb796e9404083b8a68632580a42', '325c29eb-98dc-11eb-82ce-00163e2e65eb', 'task_asignee', '人力资源,jsitehr', NULL, '1', '2021-04-09 10:35:07', '1', '2021-04-09 10:35:07', NULL, '0');
INSERT INTO `flow_form_data` VALUES ('829af29cfd094dec8069711259e09be4', '17902cb796e9404083b8a68632580a42', '325c29eb-98dc-11eb-82ce-00163e2e65eb', 'leave_reason', '请假测试', NULL, '1', '2021-04-09 10:35:07', '1', '2021-04-09 10:35:07', NULL, '0');
INSERT INTO `flow_form_data` VALUES ('8612df23a05e43d2b103e1133d6d7a4b', '17902cb796e9404083b8a68632580a42', '9c7e6be5-98dc-11eb-82ce-00163e2e65eb', 'leave_tm_begin', '2021-04-09', NULL, '1', '2021-04-09 10:38:05', '1', '2021-04-14 14:41:41', NULL, '0');
INSERT INTO `flow_form_data` VALUES ('a41050954809488fb2c2714f69102eb6', '17902cb796e9404083b8a68632580a42', '9c7e6be5-98dc-11eb-82ce-00163e2e65eb', 'leave_days', '2', NULL, '1', '2021-04-09 10:38:05', '1', '2021-04-14 14:41:41', NULL, '0');
INSERT INTO `flow_form_data` VALUES ('a9e31587df064391bf121501804bead2', '17902cb796e9404083b8a68632580a42', 'd6b0caae-9917-11eb-a4b2-00163e2e65eb', 'task_asignee', '人力资源,jsitehr', NULL, '1', '2021-04-09 17:42:03', '1', '2021-04-09 17:42:03', NULL, '0');
INSERT INTO `flow_form_data` VALUES ('bcd83bca98d74f599999a4ebab7ef2ec', '17902cb796e9404083b8a68632580a42', '24ca98db-9d25-11eb-af8d-00163e2e65eb', 'task_asignee', '系统管理员,jsite', NULL, '1', '2021-04-14 21:27:22', '1', '2021-04-14 21:47:02', NULL, '0');
INSERT INTO `flow_form_data` VALUES ('bf7ff1ba2c474bc197ade6054bf8b10d', '17902cb796e9404083b8a68632580a42', '5aeaa8b8-9930-11eb-a4b2-00163e2e65eb', 'task_asignee', '普通用户,jsiteuser', NULL, '1', '2021-04-09 20:37:33', '1', '2021-04-13 09:28:26', NULL, '0');
INSERT INTO `flow_form_data` VALUES ('c02f84952538460e94aa7203c66d5ab9', '17902cb796e9404083b8a68632580a42', '325c29eb-98dc-11eb-82ce-00163e2e65eb', 'comment', '', NULL, '1', '2021-04-09 10:35:07', '1', '2021-04-09 10:35:07', NULL, '0');
INSERT INTO `flow_form_data` VALUES ('c603e84a4c6c444c80046fd129173a41', '17902cb796e9404083b8a68632580a42', '325c29eb-98dc-11eb-82ce-00163e2e65eb', 'leave_tm_begin', '2021-04-09', NULL, '1', '2021-04-09 10:35:07', '1', '2021-04-09 10:35:07', NULL, '0');
INSERT INTO `flow_form_data` VALUES ('c7cbfc87dc71470ab7291fe65f8f8de2', '17902cb796e9404083b8a68632580a42', '5aeaa8b8-9930-11eb-a4b2-00163e2e65eb', 'leave_reason', 'vv好吧', NULL, '1', '2021-04-09 20:37:33', '1', '2021-04-13 09:28:26', NULL, '0');
INSERT INTO `flow_form_data` VALUES ('ce82d5b5f5304c6a8fc7b60747843e79', '17902cb796e9404083b8a68632580a42', '5aeaa8b8-9930-11eb-a4b2-00163e2e65eb', 'leave_days', '2', NULL, '1', '2021-04-09 20:37:33', '1', '2021-04-13 09:28:26', NULL, '0');
INSERT INTO `flow_form_data` VALUES ('db25c85aab644b9f9c56f28caba84610', '17902cb796e9404083b8a68632580a42', '24ca98db-9d25-11eb-af8d-00163e2e65eb', 'leave_reason', '请假测试，调休\n重新发起！！！！！', NULL, '1', '2021-04-14 21:27:22', '1', '2021-04-14 21:47:02', NULL, '0');
INSERT INTO `flow_form_data` VALUES ('dca4592574e24d599f562b3fa5cba669', '17902cb796e9404083b8a68632580a42', '24ca98db-9d25-11eb-af8d-00163e2e65eb', 'leave_type', '4', NULL, '1', '2021-04-14 21:27:22', '1', '2021-04-14 21:47:02', NULL, '0');
INSERT INTO `flow_form_data` VALUES ('dfe8b36b248d491fab85b86076da8436', '17902cb796e9404083b8a68632580a42', 'f371151c-9d24-11eb-af8d-00163e2e65eb', 'leave_days', '3', NULL, '1', '2021-04-14 21:26:00', '1', '2021-04-14 21:26:25', NULL, '0');
INSERT INTO `flow_form_data` VALUES ('e2fb4b8024c64a27961960725662db86', '17902cb796e9404083b8a68632580a42', 'f371151c-9d24-11eb-af8d-00163e2e65eb', 'comment', '同意！！！', NULL, '1', '2021-04-14 21:26:00', '1', '2021-04-14 21:26:25', NULL, '0');
INSERT INTO `flow_form_data` VALUES ('e67fda35e9694ff3846b619cbb8830f9', '17902cb796e9404083b8a68632580a42', 'f371151c-9d24-11eb-af8d-00163e2e65eb', 'task_asignee', '', NULL, '1', '2021-04-14 21:26:00', '1', '2021-04-14 21:26:25', NULL, '0');
INSERT INTO `flow_form_data` VALUES ('e8a4898574ca4fe48523d44be5fc84a3', '17902cb796e9404083b8a68632580a42', 'f371151c-9d24-11eb-af8d-00163e2e65eb', 'leave_reason', '测试请假', NULL, '1', '2021-04-14 21:26:00', '1', '2021-04-14 21:26:25', NULL, '0');
INSERT INTO `flow_form_data` VALUES ('f3ac1c9d87fd4da5b56b728ba1f419cd', '17902cb796e9404083b8a68632580a42', '24ca98db-9d25-11eb-af8d-00163e2e65eb', 'leave_days', '2', NULL, '1', '2021-04-14 21:27:22', '1', '2021-04-14 21:47:02', NULL, '0');
INSERT INTO `flow_form_data` VALUES ('f58d2510a2b142b9a71839d70895e357', '17902cb796e9404083b8a68632580a42', 'd6b0caae-9917-11eb-a4b2-00163e2e65eb', 'leave_tm_begin', '2021-04-08', NULL, '1', '2021-04-09 17:42:03', '1', '2021-04-09 17:42:03', NULL, '0');

-- ----------------------------
-- Table structure for flow_form_data_temp
-- ----------------------------
DROP TABLE IF EXISTS `flow_form_data_temp`;
CREATE TABLE `flow_form_data_temp`  (
  `id` varchar(64) CHARACTER SET utf8 COLLATE utf8_bin NOT NULL COMMENT '���',
  `form_id` varchar(64) CHARACTER SET utf8 COLLATE utf8_bin NOT NULL COMMENT '������',
  `proc_def_key` varchar(255) CHARACTER SET utf8 COLLATE utf8_bin NULL DEFAULT NULL COMMENT '���̶���key',
  `field_name` varchar(64) CHARACTER SET utf8 COLLATE utf8_bin NULL DEFAULT NULL COMMENT '�ֶ�����',
  `field_value` varchar(255) CHARACTER SET utf8 COLLATE utf8_bin NULL DEFAULT NULL COMMENT '�ֶ�ֵ',
  `field_large_value` varchar(3000) CHARACTER SET utf8 COLLATE utf8_bin NULL DEFAULT NULL COMMENT '���ı��ֶ�ֵ',
  `create_by` varchar(64) CHARACTER SET utf8 COLLATE utf8_bin NOT NULL COMMENT '������',
  `create_date` datetime(0) NOT NULL COMMENT '����ʱ��',
  `update_by` varchar(64) CHARACTER SET utf8 COLLATE utf8_bin NOT NULL COMMENT '������',
  `update_date` datetime(0) NOT NULL COMMENT '����ʱ��',
  `remarks` varchar(255) CHARACTER SET utf8 COLLATE utf8_bin NULL DEFAULT NULL COMMENT '��ע��Ϣ',
  `del_flag` char(1) CHARACTER SET utf8 COLLATE utf8_bin NOT NULL DEFAULT '0' COMMENT 'ɾ�����',
  PRIMARY KEY (`id`) USING BTREE
) ENGINE = InnoDB CHARACTER SET = utf8 COLLATE = utf8_bin COMMENT = '���̱���ֶ������ݴ��' ROW_FORMAT = Dynamic;

-- ----------------------------
-- Records of flow_form_data_temp
-- ----------------------------
INSERT INTO `flow_form_data_temp` VALUES ('360662f0ffaf4e97b64f546d305a4768', '17902cb796e9404083b8a68632580a42', 'jsite_leave', 'leave_tm_begin', '', NULL, '3', '2021-04-09 16:51:45', '3', '2021-04-09 16:52:45', NULL, '0');
INSERT INTO `flow_form_data_temp` VALUES ('610a49dc096a487ab5941963f70f3050', '17902cb796e9404083b8a68632580a42', 'jsite_leave', 'task_asignee', '', NULL, '3', '2021-04-09 16:51:45', '3', '2021-04-09 16:52:45', NULL, '0');
INSERT INTO `flow_form_data_temp` VALUES ('867414f1ccff46b99bed79973a0c87c8', '17902cb796e9404083b8a68632580a42', 'jsite_leave', 'comment', '', NULL, '3', '2021-04-09 16:51:45', '3', '2021-04-09 16:52:45', NULL, '0');
INSERT INTO `flow_form_data_temp` VALUES ('87931efc39e2475580e3460d9e7f3a0f', '17902cb796e9404083b8a68632580a42', 'jsite_leave', 'leave_reason', '', NULL, '3', '2021-04-09 16:51:45', '3', '2021-04-09 16:52:45', NULL, '0');
INSERT INTO `flow_form_data_temp` VALUES ('9f80543ae26f424db2223fa38e50cfb0', '17902cb796e9404083b8a68632580a42', 'jsite_leave', 'leave_days', '', NULL, '3', '2021-04-09 16:51:45', '3', '2021-04-09 16:52:45', NULL, '0');
INSERT INTO `flow_form_data_temp` VALUES ('ce9874957f7a4bb5966ba1206452c8a5', '17902cb796e9404083b8a68632580a42', 'jsite_leave', 'leave_type', '1', NULL, '3', '2021-04-09 16:51:45', '3', '2021-04-09 16:52:45', NULL, '0');
INSERT INTO `flow_form_data_temp` VALUES ('f7f478d6fbaf4d668a3fc63f35900e13', '17902cb796e9404083b8a68632580a42', 'jsite_leave', 'leave_tm_end', '', NULL, '3', '2021-04-09 16:51:45', '3', '2021-04-09 16:52:45', NULL, '0');

-- ----------------------------
-- Table structure for flow_form_user
-- ----------------------------
DROP TABLE IF EXISTS `flow_form_user`;
CREATE TABLE `flow_form_user`  (
  `model_key` varchar(64) CHARACTER SET utf8 COLLATE utf8_bin NULL DEFAULT NULL COMMENT 'ģ��key',
  `user_id` varchar(64) CHARACTER SET utf8 COLLATE utf8_bin NULL DEFAULT NULL COMMENT '��ԱID'
) ENGINE = InnoDB CHARACTER SET = utf8 COLLATE = utf8_bin COMMENT = '�����ԱȨ�ޱ�' ROW_FORMAT = Dynamic;

-- ----------------------------
-- Records of flow_form_user
-- ----------------------------
INSERT INTO `flow_form_user` VALUES ('jsite_leave', '1');
INSERT INTO `flow_form_user` VALUES ('jsite_leave', '2');
INSERT INTO `flow_form_user` VALUES ('jsite_leave', '3');
INSERT INTO `flow_form_user` VALUES ('jsite_leave', '4');

-- ----------------------------
-- Table structure for flow_form_vars
-- ----------------------------
DROP TABLE IF EXISTS `flow_form_vars`;
CREATE TABLE `flow_form_vars`  (
  `id` varchar(64) CHARACTER SET utf8 COLLATE utf8_bin NOT NULL COMMENT '���',
  `model_id` varchar(255) CHARACTER SET utf8 COLLATE utf8_bin NULL DEFAULT NULL COMMENT '����ģ��Id',
  `model_key` varchar(400) CHARACTER SET utf8 COLLATE utf8_bin NULL DEFAULT NULL COMMENT '����ģ��key',
  `model_version` int(11) NULL DEFAULT NULL COMMENT '����ģ�Ͱ汾',
  `field_name` varchar(64) CHARACTER SET utf8 COLLATE utf8_bin NULL DEFAULT NULL COMMENT '�ֶ�����',
  `var_name` varchar(255) CHARACTER SET utf8 COLLATE utf8_bin NULL DEFAULT NULL COMMENT '��������',
  `create_by` varchar(64) CHARACTER SET utf8 COLLATE utf8_bin NOT NULL COMMENT '������',
  `create_date` datetime(0) NOT NULL COMMENT '����ʱ��',
  `update_by` varchar(64) CHARACTER SET utf8 COLLATE utf8_bin NOT NULL COMMENT '������',
  `update_date` datetime(0) NOT NULL COMMENT '����ʱ��',
  `remarks` varchar(255) CHARACTER SET utf8 COLLATE utf8_bin NULL DEFAULT NULL COMMENT '��ע��Ϣ',
  `del_flag` char(1) CHARACTER SET utf8 COLLATE utf8_bin NOT NULL DEFAULT '0' COMMENT 'ɾ�����',
  PRIMARY KEY (`id`) USING BTREE
) ENGINE = InnoDB CHARACTER SET = utf8 COLLATE = utf8_bin COMMENT = '���̱��������' ROW_FORMAT = Dynamic;

-- ----------------------------
-- Records of flow_form_vars
-- ----------------------------

-- ----------------------------
-- Table structure for flow_form_version
-- ----------------------------
DROP TABLE IF EXISTS `flow_form_version`;
CREATE TABLE `flow_form_version`  (
  `proc_ins_id` varchar(255) CHARACTER SET utf8 COLLATE utf8_bin NULL DEFAULT NULL COMMENT '����ʵ��ID',
  `model_version` int(11) NULL DEFAULT NULL COMMENT '����ģ�Ͱ汾'
) ENGINE = InnoDB CHARACTER SET = utf8 COLLATE = utf8_bin COMMENT = '���̱���汾��' ROW_FORMAT = Dynamic;

-- ----------------------------
-- Records of flow_form_version
-- ----------------------------
INSERT INTO `flow_form_version` VALUES ('325c29eb-98dc-11eb-82ce-00163e2e65eb', 1);
INSERT INTO `flow_form_version` VALUES ('9c7e6be5-98dc-11eb-82ce-00163e2e65eb', 1);
INSERT INTO `flow_form_version` VALUES ('d6b0caae-9917-11eb-a4b2-00163e2e65eb', 1);
INSERT INTO `flow_form_version` VALUES ('5aeaa8b8-9930-11eb-a4b2-00163e2e65eb', 1);
INSERT INTO `flow_form_version` VALUES ('f371151c-9d24-11eb-af8d-00163e2e65eb', 1);
INSERT INTO `flow_form_version` VALUES ('24ca98db-9d25-11eb-af8d-00163e2e65eb', 1);

-- ----------------------------
-- Table structure for gen_scheme
-- ----------------------------
DROP TABLE IF EXISTS `gen_scheme`;
CREATE TABLE `gen_scheme`  (
  `id` varchar(64) CHARACTER SET utf8 COLLATE utf8_bin NOT NULL COMMENT '编号',
  `name` varchar(200) CHARACTER SET utf8 COLLATE utf8_bin NULL DEFAULT NULL COMMENT '名称',
  `category` varchar(2000) CHARACTER SET utf8 COLLATE utf8_bin NULL DEFAULT NULL COMMENT '分类',
  `package_name` varchar(500) CHARACTER SET utf8 COLLATE utf8_bin NULL DEFAULT NULL COMMENT '生成包路径',
  `module_name` varchar(30) CHARACTER SET utf8 COLLATE utf8_bin NULL DEFAULT NULL COMMENT '生成模块名',
  `sub_module_name` varchar(30) CHARACTER SET utf8 COLLATE utf8_bin NULL DEFAULT NULL COMMENT '生成子模块名',
  `function_name` varchar(500) CHARACTER SET utf8 COLLATE utf8_bin NULL DEFAULT NULL COMMENT '生成功能名',
  `function_name_simple` varchar(100) CHARACTER SET utf8 COLLATE utf8_bin NULL DEFAULT NULL COMMENT '生成功能名（简写）',
  `function_author` varchar(100) CHARACTER SET utf8 COLLATE utf8_bin NULL DEFAULT NULL COMMENT '生成功能作者',
  `gen_table_id` varchar(200) CHARACTER SET utf8 COLLATE utf8_bin NULL DEFAULT NULL COMMENT '生成表编号',
  `create_by` varchar(64) CHARACTER SET utf8 COLLATE utf8_bin NULL DEFAULT NULL COMMENT '创建者',
  `create_date` datetime(0) NULL DEFAULT NULL COMMENT '创建时间',
  `update_by` varchar(64) CHARACTER SET utf8 COLLATE utf8_bin NULL DEFAULT NULL COMMENT '更新者',
  `update_date` datetime(0) NULL DEFAULT NULL COMMENT '更新时间',
  `remarks` varchar(255) CHARACTER SET utf8 COLLATE utf8_bin NULL DEFAULT NULL COMMENT '备注信息',
  `del_flag` char(1) CHARACTER SET utf8 COLLATE utf8_bin NOT NULL DEFAULT '0' COMMENT '删除标记（0：正常；1：删除）',
  PRIMARY KEY (`id`) USING BTREE,
  INDEX `gen_scheme_del_flag`(`del_flag`) USING BTREE
) ENGINE = InnoDB CHARACTER SET = utf8 COLLATE = utf8_bin COMMENT = '生成方案' ROW_FORMAT = COMPACT;

-- ----------------------------
-- Records of gen_scheme
-- ----------------------------
INSERT INTO `gen_scheme` VALUES ('325d42709242476aab909b8d54a5ad73', '树结构表生成', 'treeTable', 'com.jsite.modules', 'test', '', '树结构表生成', '树结构表生成', 'liuruijun', '3195020a929e41c7bc3dfbd539ed5351', '1', '2019-01-05 22:12:10', '1', '2019-01-08 15:22:56', '', '0');
INSERT INTO `gen_scheme` VALUES ('c544bf7da3744ab1aa285fa3bfef6000', '主子表生成', 'curd_many', 'com.jsite.modules', 'test', '', '主子表生成测试', '主子表生成', 'liuruijun', 'd7c3fff144a046698aa3766844582a4c', '1', '2018-12-29 11:50:24', '1', '2019-01-02 10:06:04', '', '0');
INSERT INTO `gen_scheme` VALUES ('f09437aa6b9c440481e40aa63daf81d7', '单表生成', 'curd', 'com.jsite.modules', 'test', '', '单表生成测试', '单表生成', 'liuruijun', '59cbed6a1419421c843858d75c42b939', '1', '2018-12-29 11:46:43', '1', '2020-05-14 17:29:06', '', '0');

-- ----------------------------
-- Table structure for gen_table
-- ----------------------------
DROP TABLE IF EXISTS `gen_table`;
CREATE TABLE `gen_table`  (
  `id` varchar(64) CHARACTER SET utf8 COLLATE utf8_bin NOT NULL COMMENT '编号',
  `name` varchar(200) CHARACTER SET utf8 COLLATE utf8_bin NULL DEFAULT NULL COMMENT '名称',
  `comments` varchar(500) CHARACTER SET utf8 COLLATE utf8_bin NULL DEFAULT NULL COMMENT '描述',
  `class_name` varchar(100) CHARACTER SET utf8 COLLATE utf8_bin NULL DEFAULT NULL COMMENT '实体类名称',
  `parent_table` varchar(200) CHARACTER SET utf8 COLLATE utf8_bin NULL DEFAULT NULL COMMENT '关联父表',
  `parent_table_fk` varchar(100) CHARACTER SET utf8 COLLATE utf8_bin NULL DEFAULT NULL COMMENT '关联父表外键',
  `create_by` varchar(64) CHARACTER SET utf8 COLLATE utf8_bin NULL DEFAULT NULL COMMENT '创建者',
  `create_date` datetime(0) NULL DEFAULT NULL COMMENT '创建时间',
  `update_by` varchar(64) CHARACTER SET utf8 COLLATE utf8_bin NULL DEFAULT NULL COMMENT '更新者',
  `update_date` datetime(0) NULL DEFAULT NULL COMMENT '更新时间',
  `remarks` varchar(255) CHARACTER SET utf8 COLLATE utf8_bin NULL DEFAULT NULL COMMENT '备注信息',
  `del_flag` char(1) CHARACTER SET utf8 COLLATE utf8_bin NOT NULL DEFAULT '0' COMMENT '删除标记（0：正常；1：删除）',
  PRIMARY KEY (`id`) USING BTREE,
  INDEX `gen_table_name`(`name`) USING BTREE,
  INDEX `gen_table_del_flag`(`del_flag`) USING BTREE
) ENGINE = InnoDB CHARACTER SET = utf8 COLLATE = utf8_bin COMMENT = '业务表' ROW_FORMAT = COMPACT;

-- ----------------------------
-- Records of gen_table
-- ----------------------------
INSERT INTO `gen_table` VALUES ('3195020a929e41c7bc3dfbd539ed5351', 'test_tree', '树结构表', 'TestTree', '', '', '1', '2019-01-05 21:22:37', '1', '2019-01-07 16:51:37', NULL, '0');
INSERT INTO `gen_table` VALUES ('59cbed6a1419421c843858d75c42b939', 'test_data', '业务数据表', 'TestData', '', '', '1', '2019-12-27 17:15:30', '1', '2020-05-14 17:18:57', NULL, '0');
INSERT INTO `gen_table` VALUES ('794ea2d0349e4590ba4366529d499833', 'test_data_child', '业务数据子表', 'TestDataChild', 'test_data_main', 'test_data_main_id', '1', '2018-12-29 11:21:18', '1', '2018-12-29 11:21:18', NULL, '0');
INSERT INTO `gen_table` VALUES ('d7c3fff144a046698aa3766844582a4c', 'test_data_main', '业务数据表', 'TestDataMain', '', '', '1', '2018-12-29 11:20:51', '1', '2018-12-29 11:20:51', NULL, '0');

-- ----------------------------
-- Table structure for gen_table_column
-- ----------------------------
DROP TABLE IF EXISTS `gen_table_column`;
CREATE TABLE `gen_table_column`  (
  `id` varchar(64) CHARACTER SET utf8 COLLATE utf8_bin NOT NULL COMMENT '编号',
  `gen_table_id` varchar(64) CHARACTER SET utf8 COLLATE utf8_bin NULL DEFAULT NULL COMMENT '归属表编号',
  `name` varchar(200) CHARACTER SET utf8 COLLATE utf8_bin NULL DEFAULT NULL COMMENT '名称',
  `comments` varchar(500) CHARACTER SET utf8 COLLATE utf8_bin NULL DEFAULT NULL COMMENT '描述',
  `jdbc_type` varchar(100) CHARACTER SET utf8 COLLATE utf8_bin NULL DEFAULT NULL COMMENT '列的数据类型的字节长度',
  `java_type` varchar(500) CHARACTER SET utf8 COLLATE utf8_bin NULL DEFAULT NULL COMMENT 'JAVA类型',
  `java_field` varchar(200) CHARACTER SET utf8 COLLATE utf8_bin NULL DEFAULT NULL COMMENT 'JAVA字段名',
  `is_pk` char(1) CHARACTER SET utf8 COLLATE utf8_bin NULL DEFAULT NULL COMMENT '是否主键',
  `is_null` char(1) CHARACTER SET utf8 COLLATE utf8_bin NULL DEFAULT NULL COMMENT '是否可为空',
  `is_insert` char(1) CHARACTER SET utf8 COLLATE utf8_bin NULL DEFAULT NULL COMMENT '是否为插入字段',
  `is_edit` char(1) CHARACTER SET utf8 COLLATE utf8_bin NULL DEFAULT NULL COMMENT '是否编辑字段',
  `is_list` char(1) CHARACTER SET utf8 COLLATE utf8_bin NULL DEFAULT NULL COMMENT '是否列表字段',
  `is_query` char(1) CHARACTER SET utf8 COLLATE utf8_bin NULL DEFAULT NULL COMMENT '是否查询字段',
  `query_type` varchar(200) CHARACTER SET utf8 COLLATE utf8_bin NULL DEFAULT NULL COMMENT '查询方式（等于、不等于、大于、小于、范围、左LIKE、右LIKE、左右LIKE）',
  `show_type` varchar(200) CHARACTER SET utf8 COLLATE utf8_bin NULL DEFAULT NULL COMMENT '字段生成方案（文本框、文本域、下拉框、复选框、单选框、字典选择、人员选择、部门选择、区域选择）',
  `dict_type` varchar(200) CHARACTER SET utf8 COLLATE utf8_bin NULL DEFAULT NULL COMMENT '字典类型',
  `settings` varchar(2000) CHARACTER SET utf8 COLLATE utf8_bin NULL DEFAULT NULL COMMENT '其它设置（扩展字段JSON）',
  `sort` decimal(10, 0) NULL DEFAULT NULL COMMENT '排序（升序）',
  `create_by` varchar(64) CHARACTER SET utf8 COLLATE utf8_bin NULL DEFAULT NULL COMMENT '创建者',
  `create_date` datetime(0) NULL DEFAULT NULL COMMENT '创建时间',
  `update_by` varchar(64) CHARACTER SET utf8 COLLATE utf8_bin NULL DEFAULT NULL COMMENT '更新者',
  `update_date` datetime(0) NULL DEFAULT NULL COMMENT '更新时间',
  `remarks` varchar(255) CHARACTER SET utf8 COLLATE utf8_bin NULL DEFAULT NULL COMMENT '备注信息',
  `del_flag` char(1) CHARACTER SET utf8 COLLATE utf8_bin NOT NULL DEFAULT '0' COMMENT '删除标记（0：正常；1：删除）',
  PRIMARY KEY (`id`) USING BTREE,
  INDEX `gen_table_column_table_id`(`gen_table_id`) USING BTREE,
  INDEX `gen_table_column_name`(`name`) USING BTREE,
  INDEX `gen_table_column_sort`(`sort`) USING BTREE,
  INDEX `gen_table_column_del_flag`(`del_flag`) USING BTREE
) ENGINE = InnoDB CHARACTER SET = utf8 COLLATE = utf8_bin COMMENT = '业务表字段' ROW_FORMAT = COMPACT;

-- ----------------------------
-- Records of gen_table_column
-- ----------------------------
INSERT INTO `gen_table_column` VALUES ('01dcb8221c2044f8ac9797e9c4ac7388', '41c59d7124514e4dbd6a8aef17ac5c45', 'del_flag', '删除标记', 'char(1)', 'String', 'delFlag', '0', '0', '1', '0', '0', '0', '=', 'radiobox', 'del_flag', NULL, 130, '1', '2020-05-14 16:13:27', '1', '2020-05-14 16:13:27', NULL, '0');
INSERT INTO `gen_table_column` VALUES ('02a6d84972c546b099da3e1080b92bd1', '41c59d7124514e4dbd6a8aef17ac5c45', 'create_date', '创建时间', 'datetime', 'java.util.Date', 'createDate', '0', '0', '1', '0', '0', '0', '=', 'dateselect', '', NULL, 90, '1', '2020-05-14 16:13:27', '1', '2020-05-14 16:13:27', NULL, '0');
INSERT INTO `gen_table_column` VALUES ('036c21c4346a4b9a9bd4729f5b1996ed', 'd7c3fff144a046698aa3766844582a4c', 'id', '编号', 'varchar(64)', 'String', 'id', '1', '0', '1', '0', '0', '0', '=', 'input', '', NULL, 10, '1', '2018-12-29 11:20:51', '1', '2018-12-29 11:20:51', NULL, '0');
INSERT INTO `gen_table_column` VALUES ('0739b3a11c40466b8b3d9c488e3a6bf8', '39c9a49ccd87400b9b19606a46b12dd6', 'area_id', '归属区域', 'varchar(64)', 'com.jsite.modules.sys.entity.Area', 'area.id|name', '0', '1', '1', '1', '0', '0', '=', 'areaselect', '', NULL, 40, '1', '2018-12-29 11:19:37', '1', '2020-05-14 16:00:30', NULL, '0');
INSERT INTO `gen_table_column` VALUES ('08b216da6fe042fa817db5a95e4399a7', '3195020a929e41c7bc3dfbd539ed5351', 'parent_id', '父级编号', 'varchar(64)', 'This', 'parent.id|name', '0', '0', '1', '1', '0', '0', '=', 'treeselect', '', NULL, 20, '1', '2019-01-05 21:22:37', '1', '2019-01-07 16:51:37', NULL, '0');
INSERT INTO `gen_table_column` VALUES ('0a31f193d26b47f6b818cf24ddb41c00', '59cbed6a1419421c843858d75c42b939', 'update_date', '更新时间', 'datetime', 'java.util.Date', 'updateDate', '0', '0', '1', '1', '1', '0', '=', 'dateselect', '', NULL, 110, '1', '2020-05-14 16:30:49', '1', '2020-05-14 17:18:58', NULL, '0');
INSERT INTO `gen_table_column` VALUES ('0c3407f3abf54f69a22d1cacd69f765e', '59cbed6a1419421c843858d75c42b939', 'del_flag', '删除标记', 'char(1)', 'String', 'delFlag', '0', '0', '1', '0', '0', '0', '=', 'radiobox', 'del_flag', NULL, 130, '1', '2020-05-14 16:30:49', '1', '2020-05-14 17:18:58', NULL, '0');
INSERT INTO `gen_table_column` VALUES ('0d48145e1a154e31b276963e1503682c', '3195020a929e41c7bc3dfbd539ed5351', 'create_date', '创建时间', 'datetime', 'java.util.Date', 'createDate', '0', '0', '1', '0', '0', '0', '=', 'dateselect', '', NULL, 90, '1', '2019-01-05 21:22:37', '1', '2019-01-07 16:51:37', NULL, '0');
INSERT INTO `gen_table_column` VALUES ('0f432510110e4322a5035085734faf4d', '59cbed6a1419421c843858d75c42b939', 'office_id', '归属部门', 'varchar(64)', 'com.jsite.modules.sys.entity.Office', 'office.id|name', '0', '1', '1', '1', '0', '1', '=', 'officeselect', '', NULL, 30, '1', '2020-05-14 16:30:49', '1', '2020-05-14 17:18:57', NULL, '0');
INSERT INTO `gen_table_column` VALUES ('10d89e7be87248c88eea5128a2b8c313', '41c59d7124514e4dbd6a8aef17ac5c45', 'id', '编号', 'varchar(64)', 'String', 'id', '1', '0', '1', '0', '0', '0', '=', 'input', '', NULL, 10, '1', '2020-05-14 16:13:26', '1', '2020-05-14 16:13:26', NULL, '0');
INSERT INTO `gen_table_column` VALUES ('180d3194cf5542f4b73e4881f404d516', '41c59d7124514e4dbd6a8aef17ac5c45', 'create_by', '创建者', 'varchar(64)', 'com.jsite.modules.sys.entity.User', 'createBy.id', '0', '0', '1', '0', '0', '0', '=', 'input', '', NULL, 80, '1', '2020-05-14 16:13:27', '1', '2020-05-14 16:13:27', NULL, '0');
INSERT INTO `gen_table_column` VALUES ('18bbfa2e86a14ca4a6be2d8a643c98d7', '794ea2d0349e4590ba4366529d499833', 'create_date', '创建时间', 'datetime', 'java.util.Date', 'createDate', '0', '0', '1', '0', '0', '0', '=', 'dateselect', '', NULL, 50, '1', '2018-12-29 11:21:19', '1', '2018-12-29 11:21:19', NULL, '0');
INSERT INTO `gen_table_column` VALUES ('1f36d1a2217f4b09a6b7dc2683b5a6a9', 'd7c3fff144a046698aa3766844582a4c', 'update_date', '更新时间', 'datetime', 'java.util.Date', 'updateDate', '0', '0', '1', '1', '1', '0', '=', 'dateselect', '', NULL, 110, '1', '2018-12-29 11:20:52', '1', '2018-12-29 11:20:52', NULL, '0');
INSERT INTO `gen_table_column` VALUES ('2ace149ad6504886b0cbb6d2653a1acc', '59cbed6a1419421c843858d75c42b939', 'create_date', '创建时间', 'datetime', 'java.util.Date', 'createDate', '0', '0', '1', '0', '0', '0', '=', 'dateselect', '', NULL, 90, '1', '2020-05-14 16:30:49', '1', '2020-05-14 17:18:57', NULL, '0');
INSERT INTO `gen_table_column` VALUES ('30c1c2e96ce043b2a1ed01b046f66c38', '41c59d7124514e4dbd6a8aef17ac5c45', 'in_date', '加入日期', 'date', 'java.util.Date', 'inDate', '0', '1', '1', '1', '0', '0', '=', 'dateselect', '', NULL, 70, '1', '2020-05-14 16:13:27', '1', '2020-05-14 16:13:27', NULL, '0');
INSERT INTO `gen_table_column` VALUES ('3421eb7ef5a3427f92c48a6033441a0e', '39c9a49ccd87400b9b19606a46b12dd6', 'update_by', '更新者', 'varchar(64)', 'com.jsite.modules.sys.entity.User', 'updateBy.id', '0', '0', '1', '1', '0', '0', '=', 'input', '', NULL, 100, '1', '2018-12-29 11:19:37', '1', '2020-05-14 16:00:30', NULL, '0');
INSERT INTO `gen_table_column` VALUES ('37114a80c5c1423cb0cb737d3c6b9ffe', '59cbed6a1419421c843858d75c42b939', 'user_id', '归属用户', 'varchar(64)', 'com.jsite.modules.sys.entity.User', 'user.id|name', '0', '1', '1', '1', '0', '1', '=', 'userselect', '', NULL, 20, '1', '2020-05-14 16:30:48', '1', '2020-05-14 17:18:57', NULL, '0');
INSERT INTO `gen_table_column` VALUES ('3a745b100cde4fc99eb0f4e35f27a1b7', '39c9a49ccd87400b9b19606a46b12dd6', 'create_by', '创建者', 'varchar(64)', 'com.jsite.modules.sys.entity.User', 'createBy.id', '0', '0', '1', '0', '0', '0', '=', 'input', '', NULL, 80, '1', '2018-12-29 11:19:37', '1', '2020-05-14 16:00:30', NULL, '0');
INSERT INTO `gen_table_column` VALUES ('3b9990bbe9144b52b316402cac1678e8', '3195020a929e41c7bc3dfbd539ed5351', 'update_date', '更新时间', 'datetime', 'java.util.Date', 'updateDate', '0', '0', '1', '1', '1', '0', '=', 'dateselect', '', NULL, 110, '1', '2019-01-05 21:22:37', '1', '2019-01-07 16:51:37', NULL, '0');
INSERT INTO `gen_table_column` VALUES ('404a90b909bb416baa030a1838af45d0', '39c9a49ccd87400b9b19606a46b12dd6', 'name', '名称', 'varchar(100)', 'String', 'name', '0', '1', '1', '1', '1', '1', 'like', 'input', '', NULL, 50, '1', '2018-12-29 11:19:37', '1', '2020-05-14 16:00:30', NULL, '0');
INSERT INTO `gen_table_column` VALUES ('40dc876733f4428a84349621d3ae7e79', '3195020a929e41c7bc3dfbd539ed5351', 'del_flag', '删除标记', 'char(1)', 'String', 'delFlag', '0', '0', '1', '0', '0', '0', '=', 'radiobox', 'del_flag', NULL, 130, '1', '2019-01-05 21:22:37', '1', '2019-01-07 16:51:37', NULL, '0');
INSERT INTO `gen_table_column` VALUES ('4316cdf1fbff40e591419cbb75de6742', '3195020a929e41c7bc3dfbd539ed5351', 'remarks', '备注信息', 'varchar(255)', 'String', 'remarks', '0', '1', '1', '1', '1', '0', '=', 'textarea', '', NULL, 120, '1', '2019-01-05 21:22:37', '1', '2019-01-07 16:51:37', NULL, '0');
INSERT INTO `gen_table_column` VALUES ('471db37a88de4c02a9c2db052faf5dec', '794ea2d0349e4590ba4366529d499833', 'id', '编号', 'varchar(64)', 'String', 'id', '1', '0', '1', '0', '0', '0', '=', 'input', '', NULL, 10, '1', '2018-12-29 11:21:18', '1', '2018-12-29 11:21:18', NULL, '0');
INSERT INTO `gen_table_column` VALUES ('4c2ad5483f224e8bae54ab8618691e57', '41c59d7124514e4dbd6a8aef17ac5c45', 'update_date', '更新时间', 'datetime', 'java.util.Date', 'updateDate', '0', '0', '1', '1', '1', '0', '=', 'dateselect', '', NULL, 110, '1', '2020-05-14 16:13:27', '1', '2020-05-14 16:13:27', NULL, '0');
INSERT INTO `gen_table_column` VALUES ('4fa8affc845740448035c44686a6b4f1', 'd7c3fff144a046698aa3766844582a4c', 'create_by', '创建者', 'varchar(64)', 'com.jsite.modules.sys.entity.User', 'createBy.id', '0', '0', '1', '0', '0', '0', '=', 'input', '', NULL, 80, '1', '2018-12-29 11:20:52', '1', '2018-12-29 11:20:52', NULL, '0');
INSERT INTO `gen_table_column` VALUES ('50fc184ac0114590b42f944f131e094b', '59cbed6a1419421c843858d75c42b939', 'id', '编号', 'varchar(64)', 'String', 'id', '1', '0', '1', '0', '0', '0', '=', 'input', '', NULL, 10, '1', '2020-05-14 16:30:48', '1', '2020-05-14 17:18:57', NULL, '0');
INSERT INTO `gen_table_column` VALUES ('518b26e7bd6c4a6aaac289678ef64ace', '39c9a49ccd87400b9b19606a46b12dd6', 'id', '编号', 'varchar(64)', 'String', 'id', '1', '0', '1', '0', '0', '0', '=', 'input', '', NULL, 10, '1', '2018-12-29 11:19:36', '1', '2020-05-14 16:00:30', NULL, '0');
INSERT INTO `gen_table_column` VALUES ('5442ba5226c149f5a12187e55f68ca4a', '39c9a49ccd87400b9b19606a46b12dd6', 'sex', '性别', 'char(1)', 'String', 'sex', '0', '1', '1', '1', '0', '0', '=', 'input', '', NULL, 60, '1', '2018-12-29 11:19:37', '1', '2020-05-14 16:00:30', NULL, '0');
INSERT INTO `gen_table_column` VALUES ('547037387f074c43a5912e32073e4ba7', '794ea2d0349e4590ba4366529d499833', 'test_data_main_id', '业务主表ID', 'varchar(64)', 'String', 'testDataMainId', '0', '1', '1', '1', '0', '0', '=', 'input', '', NULL, 20, '1', '2018-12-29 11:21:18', '1', '2018-12-29 11:21:18', NULL, '0');
INSERT INTO `gen_table_column` VALUES ('5542c325e3364eb98450c6b7c386885b', '3195020a929e41c7bc3dfbd539ed5351', 'parent_ids', '所有父级编号', 'varchar(2000)', 'String', 'parentIds', '0', '0', '1', '1', '0', '0', 'like', 'input', '', NULL, 30, '1', '2019-01-05 21:22:37', '1', '2019-01-07 16:51:37', NULL, '0');
INSERT INTO `gen_table_column` VALUES ('5806f2b63737423fabe0efde8cd638fc', 'd7c3fff144a046698aa3766844582a4c', 'create_date', '创建时间', 'datetime', 'java.util.Date', 'createDate', '0', '0', '1', '0', '0', '0', '=', 'dateselect', '', NULL, 90, '1', '2018-12-29 11:20:52', '1', '2018-12-29 11:20:52', NULL, '0');
INSERT INTO `gen_table_column` VALUES ('58749bef8ac24ad0a651ec63c6f0cf79', '794ea2d0349e4590ba4366529d499833', 'remarks', '备注信息', 'varchar(255)', 'String', 'remarks', '0', '1', '1', '1', '1', '0', '=', 'textarea', '', NULL, 80, '1', '2018-12-29 11:21:19', '1', '2018-12-29 11:21:19', NULL, '0');
INSERT INTO `gen_table_column` VALUES ('5aa8653aa7e5483089beb3a2384aad04', '59cbed6a1419421c843858d75c42b939', 'in_date', '加入日期', 'date', 'java.util.Date', 'inDate', '0', '1', '1', '1', '0', '0', '=', 'dateselect', '', NULL, 70, '1', '2020-05-14 16:30:49', '1', '2020-05-14 17:18:57', NULL, '0');
INSERT INTO `gen_table_column` VALUES ('610df23e09f8417a8b2f8bb073beec10', '41c59d7124514e4dbd6a8aef17ac5c45', 'office_id', '归属部门', 'varchar(64)', 'com.jsite.modules.sys.entity.Office', 'office.id|name', '0', '1', '1', '1', '0', '0', '=', 'officeselect', '', NULL, 30, '1', '2020-05-14 16:13:26', '1', '2020-05-14 16:13:26', NULL, '0');
INSERT INTO `gen_table_column` VALUES ('63a7634cd1c449d1966355825f9ae0a1', '3195020a929e41c7bc3dfbd539ed5351', 'create_by', '创建者', 'varchar(64)', 'com.jsite.modules.sys.entity.User', 'createBy.id', '0', '0', '1', '0', '0', '0', '=', 'input', '', NULL, 80, '1', '2019-01-05 21:22:37', '1', '2019-01-07 16:51:37', NULL, '0');
INSERT INTO `gen_table_column` VALUES ('660bcce031194ba195c23225e15f4ebc', 'd7c3fff144a046698aa3766844582a4c', 'sex', '性别', 'char(1)', 'String', 'sex', '0', '1', '1', '1', '1', '0', '=', 'input', '', NULL, 60, '1', '2018-12-29 11:20:51', '1', '2018-12-29 11:20:51', NULL, '0');
INSERT INTO `gen_table_column` VALUES ('6ad5c0a0e4f848d981944e5181fa5406', '59cbed6a1419421c843858d75c42b939', 'sex', '性别', 'char(1)', 'String', 'sex', '0', '1', '1', '1', '0', '0', '=', 'input', '', NULL, 60, '1', '2020-05-14 16:30:49', '1', '2020-05-14 17:18:57', NULL, '0');
INSERT INTO `gen_table_column` VALUES ('7065b4b2a4c9424d9b0716037f452630', '59cbed6a1419421c843858d75c42b939', 'remarks', '备注信息', 'varchar(255)', 'String', 'remarks', '0', '1', '1', '1', '1', '0', '=', 'textarea', '', NULL, 120, '1', '2020-05-14 16:30:49', '1', '2020-05-14 17:18:58', NULL, '0');
INSERT INTO `gen_table_column` VALUES ('7301b4d629db45209e07cdc8849c40f6', '39c9a49ccd87400b9b19606a46b12dd6', 'in_date', '加入日期', 'date', 'java.util.Date', 'inDate', '0', '1', '1', '1', '0', '0', '=', 'dateselect', '', NULL, 70, '1', '2018-12-29 11:19:37', '1', '2020-05-14 16:00:30', NULL, '0');
INSERT INTO `gen_table_column` VALUES ('8ee7f0a8f2804042bb200e24f23de333', '39c9a49ccd87400b9b19606a46b12dd6', 'user_id', '归属用户', 'varchar(64)', 'com.jsite.modules.sys.entity.User', 'user.id|name', '0', '1', '1', '1', '0', '0', '=', 'userselect', '', NULL, 20, '1', '2018-12-29 11:19:36', '1', '2020-05-14 16:00:30', NULL, '0');
INSERT INTO `gen_table_column` VALUES ('9a6afed319b744f79071887baecac3a1', '3195020a929e41c7bc3dfbd539ed5351', 'id', '编号', 'varchar(64)', 'String', 'id', '1', '0', '1', '0', '0', '0', '=', 'input', '', NULL, 10, '1', '2019-01-05 21:22:37', '1', '2019-01-07 16:51:37', NULL, '0');
INSERT INTO `gen_table_column` VALUES ('9a6d8fcf3fdc4eefad2a63b09cda5c7f', '39c9a49ccd87400b9b19606a46b12dd6', 'remarks', '备注信息', 'varchar(255)', 'String', 'remarks', '0', '1', '1', '1', '1', '0', '=', 'textarea', '', NULL, 120, '1', '2018-12-29 11:19:37', '1', '2020-05-14 16:00:30', NULL, '0');
INSERT INTO `gen_table_column` VALUES ('a04f28b86fd545a6b3ea4a85861b55f9', 'd7c3fff144a046698aa3766844582a4c', 'area_id', '归属区域', 'varchar(64)', 'com.jsite.modules.sys.entity.Area', 'area.id|name', '0', '1', '1', '1', '0', '0', '=', 'areaselect', '', NULL, 40, '1', '2018-12-29 11:20:51', '1', '2018-12-29 11:20:51', NULL, '0');
INSERT INTO `gen_table_column` VALUES ('a1780d72307641238a1028f25491fc30', '59cbed6a1419421c843858d75c42b939', 'create_by', '创建者', 'varchar(64)', 'com.jsite.modules.sys.entity.User', 'createBy.id', '0', '0', '1', '0', '0', '0', '=', 'input', '', NULL, 80, '1', '2020-05-14 16:30:49', '1', '2020-05-14 17:18:57', NULL, '0');
INSERT INTO `gen_table_column` VALUES ('a460e3cbfc4f4b87b07b5a8f88e37c63', '3195020a929e41c7bc3dfbd539ed5351', 'sort', '排序', 'decimal(10,0)', 'Integer', 'sort', '0', '1', '1', '1', '0', '0', '=', 'input', '', NULL, 50, '1', '2019-01-05 21:22:37', '1', '2019-01-07 16:51:37', NULL, '0');
INSERT INTO `gen_table_column` VALUES ('a9990eb71d5e444b8407cfa2ea3862f1', '59cbed6a1419421c843858d75c42b939', 'name', '名称', 'varchar(100)', 'String', 'name', '0', '1', '1', '1', '1', '1', 'like', 'input', '', NULL, 50, '1', '2020-05-14 16:30:49', '1', '2020-05-14 17:18:57', NULL, '0');
INSERT INTO `gen_table_column` VALUES ('ab214999e9784263a90f89064fc16f2d', '41c59d7124514e4dbd6a8aef17ac5c45', 'sex', '性别', 'char(1)', 'String', 'sex', '0', '1', '1', '1', '0', '0', '=', 'input', '', NULL, 60, '1', '2020-05-14 16:13:27', '1', '2020-05-14 16:13:27', NULL, '0');
INSERT INTO `gen_table_column` VALUES ('ac74bc0c9b7746249dbf92499b89f310', '794ea2d0349e4590ba4366529d499833', 'del_flag', '删除标记', 'char(1)', 'String', 'delFlag', '0', '0', '1', '0', '0', '0', '=', 'radiobox', 'del_flag', NULL, 90, '1', '2018-12-29 11:21:19', '1', '2018-12-29 11:21:19', NULL, '0');
INSERT INTO `gen_table_column` VALUES ('acc2ffe13abb49fdb3e76fc871caa46e', '794ea2d0349e4590ba4366529d499833', 'create_by', '创建者', 'varchar(64)', 'com.jsite.modules.sys.entity.User', 'createBy.id', '0', '0', '1', '0', '0', '0', '=', 'input', '', NULL, 40, '1', '2018-12-29 11:21:19', '1', '2018-12-29 11:21:19', NULL, '0');
INSERT INTO `gen_table_column` VALUES ('afad04f3c0334e35ae2781b3966e33bf', '3195020a929e41c7bc3dfbd539ed5351', 'name', '名称', 'varchar(100)', 'String', 'name', '0', '1', '1', '1', '1', '1', 'like', 'input', '', NULL, 40, '1', '2019-01-05 21:22:37', '1', '2019-01-07 16:51:37', NULL, '0');
INSERT INTO `gen_table_column` VALUES ('bb2f13421fa04287ac31263650f56522', 'd7c3fff144a046698aa3766844582a4c', 'remarks', '备注信息', 'varchar(255)', 'String', 'remarks', '0', '1', '1', '1', '1', '0', '=', 'textarea', '', NULL, 120, '1', '2018-12-29 11:20:52', '1', '2018-12-29 11:20:52', NULL, '0');
INSERT INTO `gen_table_column` VALUES ('bb984414563449d5a428b798432ebee4', '39c9a49ccd87400b9b19606a46b12dd6', 'office_id', '归属部门', 'varchar(64)', 'com.jsite.modules.sys.entity.Office', 'office.id|name', '0', '1', '1', '1', '0', '0', '=', 'officeselect', '', NULL, 30, '1', '2018-12-29 11:19:36', '1', '2020-05-14 16:00:30', NULL, '0');
INSERT INTO `gen_table_column` VALUES ('bdeae7b5f5764a219b773493ce7ce717', 'd7c3fff144a046698aa3766844582a4c', 'user_id', '归属用户', 'varchar(64)', 'com.jsite.modules.sys.entity.User', 'user.id|name', '0', '1', '1', '1', '0', '0', '=', 'userselect', '', NULL, 20, '1', '2018-12-29 11:20:51', '1', '2018-12-29 11:20:51', NULL, '0');
INSERT INTO `gen_table_column` VALUES ('cb23c6752a744f7c865fc4461189e9e5', '3195020a929e41c7bc3dfbd539ed5351', 'tree_level', '树形层级(0:根级)', 'decimal(4,0)', 'String', 'treeLevel', '0', '1', '1', '1', '0', '0', '=', 'input', '', NULL, 70, '1', '2019-01-05 21:22:37', '1', '2019-01-07 16:51:37', NULL, '0');
INSERT INTO `gen_table_column` VALUES ('ce459de5970642e6ab8791ac72d0dfc6', 'd7c3fff144a046698aa3766844582a4c', 'name', '名称', 'varchar(100)', 'String', 'name', '0', '1', '1', '1', '1', '1', 'like', 'input', '', NULL, 50, '1', '2018-12-29 11:20:51', '1', '2018-12-29 11:20:51', NULL, '0');
INSERT INTO `gen_table_column` VALUES ('cf7fd8ca3bfa4740956fd95039b81513', '41c59d7124514e4dbd6a8aef17ac5c45', 'user_id', '归属用户', 'varchar(64)', 'com.jsite.modules.sys.entity.User', 'user.id|name', '0', '1', '1', '1', '0', '0', '=', 'userselect', '', NULL, 20, '1', '2020-05-14 16:13:26', '1', '2020-05-14 16:13:26', NULL, '0');
INSERT INTO `gen_table_column` VALUES ('d0b6a6c0532141f685bfcf60ebf50094', '41c59d7124514e4dbd6a8aef17ac5c45', 'name', '名称', 'varchar(100)', 'String', 'name', '0', '1', '1', '1', '1', '1', 'like', 'input', '', NULL, 50, '1', '2020-05-14 16:13:27', '1', '2020-05-14 16:13:27', NULL, '0');
INSERT INTO `gen_table_column` VALUES ('d333b5918d2f4db1996a360d2ac74a99', '39c9a49ccd87400b9b19606a46b12dd6', 'update_date', '更新时间', 'datetime', 'java.util.Date', 'updateDate', '0', '0', '1', '1', '1', '0', '=', 'dateselect', '', NULL, 110, '1', '2018-12-29 11:19:37', '1', '2020-05-14 16:00:30', NULL, '0');
INSERT INTO `gen_table_column` VALUES ('d3952c7032284832b26a532543f4fe78', '794ea2d0349e4590ba4366529d499833', 'update_date', '更新时间', 'datetime', 'java.util.Date', 'updateDate', '0', '0', '1', '1', '1', '0', '=', 'dateselect', '', NULL, 70, '1', '2018-12-29 11:21:19', '1', '2018-12-29 11:21:19', NULL, '0');
INSERT INTO `gen_table_column` VALUES ('d96bc6eaf7114a568cf8986122f07060', '41c59d7124514e4dbd6a8aef17ac5c45', 'area_id', '归属区域', 'varchar(64)', 'com.jsite.modules.sys.entity.Area', 'area.id|name', '0', '1', '1', '1', '0', '0', '=', 'areaselect', '', NULL, 40, '1', '2020-05-14 16:13:27', '1', '2020-05-14 16:13:27', NULL, '0');
INSERT INTO `gen_table_column` VALUES ('deca344f6dc146bfae6377e939a0c097', '39c9a49ccd87400b9b19606a46b12dd6', 'del_flag', '删除标记', 'char(1)', 'String', 'delFlag', '0', '0', '1', '0', '0', '0', '=', 'radiobox', 'del_flag', NULL, 130, '1', '2018-12-29 11:19:37', '1', '2020-05-14 16:00:30', NULL, '0');
INSERT INTO `gen_table_column` VALUES ('e01fb3aec335432ebefb7395f8f5dc95', '41c59d7124514e4dbd6a8aef17ac5c45', 'update_by', '更新者', 'varchar(64)', 'com.jsite.modules.sys.entity.User', 'updateBy.id', '0', '0', '1', '1', '0', '0', '=', 'input', '', NULL, 100, '1', '2020-05-14 16:13:27', '1', '2020-05-14 16:13:27', NULL, '0');
INSERT INTO `gen_table_column` VALUES ('e05d48dae1354898ae9f9b7c469313db', '3195020a929e41c7bc3dfbd539ed5351', 'update_by', '更新者', 'varchar(64)', 'com.jsite.modules.sys.entity.User', 'updateBy.id', '0', '0', '1', '1', '0', '0', '=', 'input', '', NULL, 100, '1', '2019-01-05 21:22:37', '1', '2019-01-07 16:51:37', NULL, '0');
INSERT INTO `gen_table_column` VALUES ('e2d6e2bef4e24f849ad8aea73f0e52c9', '59cbed6a1419421c843858d75c42b939', 'update_by', '更新者', 'varchar(64)', 'com.jsite.modules.sys.entity.User', 'updateBy.id', '0', '0', '1', '1', '0', '0', '=', 'input', '', NULL, 100, '1', '2020-05-14 16:30:49', '1', '2020-05-14 17:18:58', NULL, '0');
INSERT INTO `gen_table_column` VALUES ('e399ea7f86c44ace9a69c03e489797bb', 'd7c3fff144a046698aa3766844582a4c', 'in_date', '加入日期', 'date', 'java.util.Date', 'inDate', '0', '1', '1', '1', '1', '0', '=', 'dateselect', '', NULL, 70, '1', '2018-12-29 11:20:52', '1', '2018-12-29 11:20:52', NULL, '0');
INSERT INTO `gen_table_column` VALUES ('e6433cb67b8d438597ec4bede873edb7', '41c59d7124514e4dbd6a8aef17ac5c45', 'remarks', '备注信息', 'varchar(255)', 'String', 'remarks', '0', '1', '1', '1', '1', '0', '=', 'textarea', '', NULL, 120, '1', '2020-05-14 16:13:27', '1', '2020-05-14 16:13:27', NULL, '0');
INSERT INTO `gen_table_column` VALUES ('e8e3f6f2d66c44a08210a0c35e74caa8', '3195020a929e41c7bc3dfbd539ed5351', 'tree_leaf', '是否树形叶子节点（0:不是,1:是）', 'char(1)', 'String', 'treeLeaf', '0', '1', '1', '1', '0', '0', '=', 'input', '', NULL, 60, '1', '2019-01-05 21:22:37', '1', '2019-01-07 16:51:37', NULL, '0');
INSERT INTO `gen_table_column` VALUES ('e948c667cfe4486eb2119583ff9805b4', 'd7c3fff144a046698aa3766844582a4c', 'del_flag', '删除标记', 'char(1)', 'String', 'delFlag', '0', '0', '1', '0', '0', '0', '=', 'radiobox', 'del_flag', NULL, 130, '1', '2018-12-29 11:20:52', '1', '2018-12-29 11:20:52', NULL, '0');
INSERT INTO `gen_table_column` VALUES ('ea80f499adc049e897889b36c1cfa220', '794ea2d0349e4590ba4366529d499833', 'update_by', '更新者', 'varchar(64)', 'com.jsite.modules.sys.entity.User', 'updateBy.id', '0', '0', '1', '1', '0', '0', '=', 'input', '', NULL, 60, '1', '2018-12-29 11:21:19', '1', '2018-12-29 11:21:19', NULL, '0');
INSERT INTO `gen_table_column` VALUES ('ec408b6f89e14453920740103d2150e4', '59cbed6a1419421c843858d75c42b939', 'area_id', '归属区域', 'varchar(64)', 'com.jsite.modules.sys.entity.Area', 'area.id|name', '0', '1', '1', '1', '0', '1', '=', 'areaselect', '', NULL, 40, '1', '2020-05-14 16:30:49', '1', '2020-05-14 17:18:57', NULL, '0');
INSERT INTO `gen_table_column` VALUES ('f3cfb155ee3d433fa287759b9e471b72', '39c9a49ccd87400b9b19606a46b12dd6', 'create_date', '创建时间', 'datetime', 'java.util.Date', 'createDate', '0', '0', '1', '0', '0', '0', '=', 'dateselect', '', NULL, 90, '1', '2018-12-29 11:19:37', '1', '2020-05-14 16:00:30', NULL, '0');
INSERT INTO `gen_table_column` VALUES ('f4e277e2ae97497fa3ebef882f3ac50d', 'd7c3fff144a046698aa3766844582a4c', 'office_id', '归属部门', 'varchar(64)', 'com.jsite.modules.sys.entity.Office', 'office.id|name', '0', '1', '1', '1', '0', '0', '=', 'officeselect', '', NULL, 30, '1', '2018-12-29 11:20:51', '1', '2018-12-29 11:20:51', NULL, '0');
INSERT INTO `gen_table_column` VALUES ('f610077a6e774855802b92389241fef7', 'd7c3fff144a046698aa3766844582a4c', 'update_by', '更新者', 'varchar(64)', 'com.jsite.modules.sys.entity.User', 'updateBy.id', '0', '0', '1', '1', '0', '0', '=', 'input', '', NULL, 100, '1', '2018-12-29 11:20:52', '1', '2018-12-29 11:20:52', NULL, '0');
INSERT INTO `gen_table_column` VALUES ('fe3e9323ad1841a99ad7788770ea3101', '794ea2d0349e4590ba4366529d499833', 'name', '名称', 'varchar(100)', 'String', 'name', '0', '1', '1', '1', '1', '1', 'like', 'input', '', NULL, 30, '1', '2018-12-29 11:21:19', '1', '2018-12-29 11:21:19', NULL, '0');

-- ----------------------------
-- Table structure for gen_template
-- ----------------------------
DROP TABLE IF EXISTS `gen_template`;
CREATE TABLE `gen_template`  (
  `id` varchar(64) CHARACTER SET utf8 COLLATE utf8_bin NOT NULL COMMENT '编号',
  `name` varchar(200) CHARACTER SET utf8 COLLATE utf8_bin NULL DEFAULT NULL COMMENT '名称',
  `category` varchar(2000) CHARACTER SET utf8 COLLATE utf8_bin NULL DEFAULT NULL COMMENT '分类',
  `file_path` varchar(500) CHARACTER SET utf8 COLLATE utf8_bin NULL DEFAULT NULL COMMENT '生成文件路径',
  `file_name` varchar(200) CHARACTER SET utf8 COLLATE utf8_bin NULL DEFAULT NULL COMMENT '生成文件名',
  `content` text CHARACTER SET utf8 COLLATE utf8_bin NULL COMMENT '内容',
  `create_by` varchar(64) CHARACTER SET utf8 COLLATE utf8_bin NULL DEFAULT NULL COMMENT '创建者',
  `create_date` datetime(0) NULL DEFAULT NULL COMMENT '创建时间',
  `update_by` varchar(64) CHARACTER SET utf8 COLLATE utf8_bin NULL DEFAULT NULL COMMENT '更新者',
  `update_date` datetime(0) NULL DEFAULT NULL COMMENT '更新时间',
  `remarks` varchar(255) CHARACTER SET utf8 COLLATE utf8_bin NULL DEFAULT NULL COMMENT '备注信息',
  `del_flag` char(1) CHARACTER SET utf8 COLLATE utf8_bin NOT NULL DEFAULT '0' COMMENT '删除标记（0：正常；1：删除）',
  PRIMARY KEY (`id`) USING BTREE,
  INDEX `gen_template_del_falg`(`del_flag`) USING BTREE
) ENGINE = InnoDB CHARACTER SET = utf8 COLLATE = utf8_bin COMMENT = '代码模板表' ROW_FORMAT = COMPACT;

-- ----------------------------
-- Records of gen_template
-- ----------------------------

-- ----------------------------
-- Table structure for sys_area
-- ----------------------------
DROP TABLE IF EXISTS `sys_area`;
CREATE TABLE `sys_area`  (
  `id` varchar(64) CHARACTER SET utf8 COLLATE utf8_bin NOT NULL COMMENT '编号',
  `parent_id` varchar(64) CHARACTER SET utf8 COLLATE utf8_bin NOT NULL COMMENT '父级编号',
  `parent_ids` varchar(2000) CHARACTER SET utf8 COLLATE utf8_bin NOT NULL COMMENT '所有父级编号',
  `name` varchar(100) CHARACTER SET utf8 COLLATE utf8_bin NOT NULL COMMENT '名称',
  `sort` decimal(10, 0) NOT NULL COMMENT '排序',
  `tree_leaf` char(1) CHARACTER SET utf8 COLLATE utf8_bin NOT NULL COMMENT '是否叶子节点',
  `tree_level` decimal(11, 0) NOT NULL COMMENT '树形层级',
  `code` varchar(100) CHARACTER SET utf8 COLLATE utf8_bin NULL DEFAULT NULL COMMENT '区域编码',
  `type` char(1) CHARACTER SET utf8 COLLATE utf8_bin NULL DEFAULT NULL COMMENT '区域类型',
  `create_by` varchar(64) CHARACTER SET utf8 COLLATE utf8_bin NOT NULL COMMENT '创建者',
  `create_date` datetime(0) NOT NULL COMMENT '创建时间',
  `update_by` varchar(64) CHARACTER SET utf8 COLLATE utf8_bin NOT NULL COMMENT '更新者',
  `update_date` datetime(0) NOT NULL COMMENT '更新时间',
  `remarks` varchar(255) CHARACTER SET utf8 COLLATE utf8_bin NULL DEFAULT NULL COMMENT '备注信息',
  `del_flag` char(1) CHARACTER SET utf8 COLLATE utf8_bin NOT NULL DEFAULT '0' COMMENT '删除标记',
  PRIMARY KEY (`id`) USING BTREE,
  INDEX `sys_area_parent_id`(`parent_id`) USING BTREE,
  INDEX `sys_area_del_flag`(`del_flag`) USING BTREE
) ENGINE = InnoDB CHARACTER SET = utf8 COLLATE = utf8_bin COMMENT = '区域表' ROW_FORMAT = COMPACT;

-- ----------------------------
-- Records of sys_area
-- ----------------------------
INSERT INTO `sys_area` VALUES ('015345144e9e40d6bbe832a9f1cba1f7', 'd36735ce07044a49ad205854fb2ca078', '0,d36735ce07044a49ad205854fb2ca078,', 'California', 10, '1', 1, '01', '2', '1', '2018-06-20 17:32:51', '1', '2019-01-02 00:11:18', '', '0');
INSERT INTO `sys_area` VALUES ('03f40aaafc5b4bcab788bca24e2581e6', '1', '0,1,', '123', 21, '1', 1, 'WEW', '2', '1', '2020-05-07 15:01:54', '1', '2020-12-03 13:51:11', '', '0');
INSERT INTO `sys_area` VALUES ('058694345ed24339ba77b8ac3ea9abc4', '1', '0,1,', '广西壮族自治区', 30, '0', 1, '450000000000', '2', '1', '2020-12-16 14:51:07', '1', '2020-12-16 14:51:44', '', '0');
INSERT INTO `sys_area` VALUES ('1', '0', '0,', '中国', 10, '0', 0, '1', '1', '1', '2013-05-27 08:00:00', '1', '2020-08-13 14:39:58', '', '0');
INSERT INTO `sys_area` VALUES ('16166c3ecb954be0ad47159c087cd8af', 'd36735ce07044a49ad205854fb2ca078', '0,d36735ce07044a49ad205854fb2ca078,', '明尼苏达', 30, '1', 1, '', '2', '1', '2019-01-25 17:40:25', '1', '2019-01-25 17:40:25', '', '0');
INSERT INTO `sys_area` VALUES ('2ba4b12264174f84ad1abc5d03a5f3b3', '058694345ed24339ba77b8ac3ea9abc4', '0,1,058694345ed24339ba77b8ac3ea9abc4,', '南宁市', 31, '1', 2, '450100000000', '3', '1', '2020-12-16 14:51:44', '1', '2020-12-16 14:52:55', '', '0');
INSERT INTO `sys_area` VALUES ('2d54db064a124994b310c95d301338b0', '1', '0,1,', '苏州', 30, '1', 1, '', '3', '1', '2020-12-02 16:47:26', '1', '2020-12-02 16:47:26', '', '0');
INSERT INTO `sys_area` VALUES ('3fbaf3a3f58a47118f13976cb2e2544d', 'd36735ce07044a49ad205854fb2ca078', '0,d36735ce07044a49ad205854fb2ca078,', '佛罗里达州', 60, '1', 1, '02', '5', '1', '2018-06-20 17:38:08', '1', '2020-03-19 16:23:50', '', '0');
INSERT INTO `sys_area` VALUES ('5af25da1524842a2a12458bac49a814a', '058694345ed24339ba77b8ac3ea9abc4', '0,1,058694345ed24339ba77b8ac3ea9abc4,', '柳州市', 31, '1', 2, '450200000000', '3', '1', '2020-12-16 14:52:20', '1', '2020-12-16 14:52:20', '', '0');
INSERT INTO `sys_area` VALUES ('7159ad0b733d46c3ae25328106de7856', '0', '0,', '江苏省', 1, '1', 0, '32', '2', '1', '2021-02-18 14:03:23', '1', '2021-02-18 14:03:47', '', '0');
INSERT INTO `sys_area` VALUES ('79d84bc81b8f4b9da4eb8cd1179638a8', 'ed89f3a457354d78a8e359db0a1c5168', '0,1,e7962a0174174050be08b630f0c5bc8f,fb89624833444b04981b56dcfef5ed6e,8a10f222b5444b4a88e648e6fa995d4c,d1dae30f7cbe4a8aba470d1c9c8fb8e6,bdbf0b8378aa4d45bbff36b3f6728567,ed89f3a457354d78a8e359db0a1c5168,', '陈某户', 30, '0', 7, '', '6', '1', '2020-09-15 19:42:00', '1', '2020-09-15 19:42:20', '', '0');
INSERT INTO `sys_area` VALUES ('8a10f222b5444b4a88e648e6fa995d4c', 'fb89624833444b04981b56dcfef5ed6e', '0,1,e7962a0174174050be08b630f0c5bc8f,fb89624833444b04981b56dcfef5ed6e,', '花都', 30, '0', 3, '', '4', '1', '2020-09-15 19:40:26', '1', '2020-09-15 19:40:42', '', '0');
INSERT INTO `sys_area` VALUES ('906d001b9d5240d9a00a2a18de4aac48', '79d84bc81b8f4b9da4eb8cd1179638a8', '0,1,e7962a0174174050be08b630f0c5bc8f,fb89624833444b04981b56dcfef5ed6e,8a10f222b5444b4a88e648e6fa995d4c,d1dae30f7cbe4a8aba470d1c9c8fb8e6,bdbf0b8378aa4d45bbff36b3f6728567,ed89f3a457354d78a8e359db0a1c5168,79d84bc81b8f4b9da4eb8cd1179638a8,', '陈某某', 30, '1', 8, '', '6', '1', '2020-09-15 19:42:20', '1', '2020-09-15 19:42:20', '', '0');
INSERT INTO `sys_area` VALUES ('bdbf0b8378aa4d45bbff36b3f6728567', 'd1dae30f7cbe4a8aba470d1c9c8fb8e6', '0,1,e7962a0174174050be08b630f0c5bc8f,fb89624833444b04981b56dcfef5ed6e,8a10f222b5444b4a88e648e6fa995d4c,d1dae30f7cbe4a8aba470d1c9c8fb8e6,', '广信合作社', 30, '0', 5, '', '6', '1', '2020-09-15 19:41:08', '1', '2020-09-15 19:41:30', '', '0');
INSERT INTO `sys_area` VALUES ('d1dae30f7cbe4a8aba470d1c9c8fb8e6', '8a10f222b5444b4a88e648e6fa995d4c', '0,1,e7962a0174174050be08b630f0c5bc8f,fb89624833444b04981b56dcfef5ed6e,8a10f222b5444b4a88e648e6fa995d4c,', '花山镇', 30, '0', 4, '', '5', '1', '2020-09-15 19:40:42', '1', '2020-09-15 19:41:08', '', '0');
INSERT INTO `sys_area` VALUES ('d36735ce07044a49ad205854fb2ca078', '0', '0,', '美国', 30, '0', 0, '2', '1', '1', '2018-06-20 15:36:19', '1', '2018-06-20 15:36:19', '', '0');
INSERT INTO `sys_area` VALUES ('da2da01621b64be5a85b07a8c883228f', '1', '0,1,', '上海', 30, '1', 1, '34243', '2', '1', '2018-12-10 14:01:09', '1', '2019-04-17 09:35:58', '', '0');
INSERT INTO `sys_area` VALUES ('e7962a0174174050be08b630f0c5bc8f', '1', '0,1,', '广东', 30, '0', 1, '', '2', '1', '2020-09-15 19:39:57', '1', '2020-09-15 19:40:10', '', '0');
INSERT INTO `sys_area` VALUES ('ed89f3a457354d78a8e359db0a1c5168', 'bdbf0b8378aa4d45bbff36b3f6728567', '0,1,e7962a0174174050be08b630f0c5bc8f,fb89624833444b04981b56dcfef5ed6e,8a10f222b5444b4a88e648e6fa995d4c,d1dae30f7cbe4a8aba470d1c9c8fb8e6,bdbf0b8378aa4d45bbff36b3f6728567,', '广信一大队', 30, '0', 6, '', '6', '1', '2020-09-15 19:41:30', '1', '2020-09-15 19:42:00', '', '0');
INSERT INTO `sys_area` VALUES ('f762fb569d8445f28a226a9b831cfb90', '1', '0,1,', '北京', 60, '1', 1, '150', '2', '1', '2018-02-02 17:37:51', '1', '2018-11-20 10:22:36', '', '0');
INSERT INTO `sys_area` VALUES ('fb89624833444b04981b56dcfef5ed6e', 'e7962a0174174050be08b630f0c5bc8f', '0,1,e7962a0174174050be08b630f0c5bc8f,', '广州', 30, '0', 2, '', '3', '1', '2020-09-15 19:40:10', '1', '2020-09-15 19:40:26', '', '0');

-- ----------------------------
-- Table structure for sys_dict
-- ----------------------------
DROP TABLE IF EXISTS `sys_dict`;
CREATE TABLE `sys_dict`  (
  `id` varchar(64) CHARACTER SET utf8 COLLATE utf8_bin NOT NULL COMMENT '编号',
  `value` varchar(100) CHARACTER SET utf8 COLLATE utf8_bin NOT NULL COMMENT '数据值',
  `label` varchar(100) CHARACTER SET utf8 COLLATE utf8_bin NOT NULL COMMENT '标签名',
  `type` varchar(100) CHARACTER SET utf8 COLLATE utf8_bin NOT NULL COMMENT '类型',
  `description` varchar(100) CHARACTER SET utf8 COLLATE utf8_bin NOT NULL COMMENT '描述',
  `sort` decimal(10, 0) NOT NULL COMMENT '排序（升序）',
  `parent_id` varchar(64) CHARACTER SET utf8 COLLATE utf8_bin NULL DEFAULT '0' COMMENT '父级编号',
  `create_by` varchar(64) CHARACTER SET utf8 COLLATE utf8_bin NOT NULL COMMENT '创建者',
  `create_date` datetime(0) NOT NULL COMMENT '创建时间',
  `update_by` varchar(64) CHARACTER SET utf8 COLLATE utf8_bin NOT NULL COMMENT '更新者',
  `update_date` datetime(0) NOT NULL COMMENT '更新时间',
  `remarks` varchar(255) CHARACTER SET utf8 COLLATE utf8_bin NULL DEFAULT NULL COMMENT '备注信息',
  `del_flag` char(1) CHARACTER SET utf8 COLLATE utf8_bin NOT NULL DEFAULT '0' COMMENT '删除标记',
  PRIMARY KEY (`id`) USING BTREE,
  INDEX `sys_dict_value`(`value`) USING BTREE,
  INDEX `sys_dict_label`(`label`) USING BTREE,
  INDEX `sys_dict_del_flag`(`del_flag`) USING BTREE
) ENGINE = InnoDB CHARACTER SET = utf8 COLLATE = utf8_bin COMMENT = '字典表' ROW_FORMAT = COMPACT;

-- ----------------------------
-- Records of sys_dict
-- ----------------------------
INSERT INTO `sys_dict` VALUES ('1', '0', '正常', 'del_flag', '删除标记', 10, '0', '1', '2013-05-27 08:00:00', '1', '2013-05-27 08:00:00', NULL, '0');
INSERT INTO `sys_dict` VALUES ('10', 'yellow', '黄色', 'color', '颜色值', 40, '0', '1', '2013-05-27 08:00:00', '1', '2013-05-27 08:00:00', NULL, '0');
INSERT INTO `sys_dict` VALUES ('100', 'java.util.Date', 'Date', 'gen_java_type', 'Java类型', 50, '0', '1', '2013-10-28 08:00:00', '1', '2013-10-28 08:00:00', NULL, '1');
INSERT INTO `sys_dict` VALUES ('101', 'com.jsite.modules.sys.entity.User', 'User', 'gen_java_type', 'Java类型', 60, '0', '1', '2013-10-28 08:00:00', '1', '2013-10-28 08:00:00', NULL, '1');
INSERT INTO `sys_dict` VALUES ('102', 'com.jsite.modules.sys.entity.Office', 'Office', 'gen_java_type', 'Java类型', 70, '0', '1', '2013-10-28 08:00:00', '1', '2013-10-28 08:00:00', NULL, '1');
INSERT INTO `sys_dict` VALUES ('103', 'com.jsite.modules.sys.entity.Area', 'Area', 'gen_java_type', 'Java类型', 80, '0', '1', '2013-10-28 08:00:00', '1', '2013-10-28 08:00:00', NULL, '1');
INSERT INTO `sys_dict` VALUES ('104', 'Custom', 'Custom', 'gen_java_type', 'Java类型', 90, '0', '1', '2013-10-28 08:00:00', '1', '2013-10-28 08:00:00', NULL, '1');
INSERT INTO `sys_dict` VALUES ('105', '1', '会议通告\0\0', 'oa_notify_type', '通知通告类型', 10, '0', '1', '2013-11-08 08:00:00', '1', '2013-11-08 08:00:00', NULL, '0');
INSERT INTO `sys_dict` VALUES ('106', '2', '奖惩通告\0\0', 'oa_notify_type', '通知通告类型', 20, '0', '1', '2013-11-08 08:00:00', '1', '2013-11-08 08:00:00', NULL, '0');
INSERT INTO `sys_dict` VALUES ('107', '3', '活动通告\0\0', 'oa_notify_type', '通知通告类型', 30, '0', '1', '2013-11-08 08:00:00', '1', '2013-11-08 08:00:00', NULL, '0');
INSERT INTO `sys_dict` VALUES ('108', '0', '草稿', 'oa_notify_status', '通知通告状态', 10, '0', '1', '2013-11-08 08:00:00', '1', '2013-11-08 08:00:00', NULL, '0');
INSERT INTO `sys_dict` VALUES ('109', '1', '发布', 'oa_notify_status', '通知通告状态', 20, '0', '1', '2013-11-08 08:00:00', '1', '2013-11-08 08:00:00', NULL, '0');
INSERT INTO `sys_dict` VALUES ('11', 'orange', '橙色', 'color', '颜色值', 50, '0', '1', '2013-05-27 08:00:00', '1', '2013-05-27 08:00:00', NULL, '1');
INSERT INTO `sys_dict` VALUES ('110', '0', '未读', 'oa_notify_read', '通知通告状态', 10, '0', '1', '2013-11-08 08:00:00', '1', '2013-11-08 08:00:00', NULL, '0');
INSERT INTO `sys_dict` VALUES ('111', '1', '已读', 'oa_notify_read', '通知通告状态', 20, '0', '1', '2013-11-08 08:00:00', '1', '2013-11-08 08:00:00', NULL, '0');
INSERT INTO `sys_dict` VALUES ('112', 'zh_CN', '简体中文', 'sys_lang_type', '国际化多语言类型', 30, '0', '1', '2019-03-22 08:00:00', '1', '2019-03-22 08:00:00', NULL, '0');
INSERT INTO `sys_dict` VALUES ('113', 'en_US', 'English', 'sys_lang_type', '国际化多语言类型', 60, '0', '1', '2019-03-22 08:00:00', '1', '2019-03-22 08:00:00', NULL, '0');
INSERT INTO `sys_dict` VALUES ('17', '1', '国家', 'sys_area_type', '区域类型', 10, '0', '1', '2013-05-27 08:00:00', '1', '2013-05-27 08:00:00', NULL, '0');
INSERT INTO `sys_dict` VALUES ('18', '2', '省份/直辖市', 'sys_area_type', '区域类型', 20, '0', '1', '2013-05-27 08:00:00', '1', '2018-06-15 14:46:37', '', '0');
INSERT INTO `sys_dict` VALUES ('19', '3', '地市/州', 'sys_area_type', '区域类型', 30, '0', '1', '2013-05-27 08:00:00', '1', '2018-06-15 14:47:38', '', '0');
INSERT INTO `sys_dict` VALUES ('2', '1', '删除', 'del_flag', '删除标记', 20, '0', '1', '2013-05-27 08:00:00', '1', '2013-05-27 08:00:00', NULL, '0');
INSERT INTO `sys_dict` VALUES ('20', '4', '县/区', 'sys_area_type', '区域类型', 40, '0', '1', '2013-05-27 08:00:00', '1', '2018-06-15 14:48:01', '', '0');
INSERT INTO `sys_dict` VALUES ('21', '1', '公司', 'sys_office_type', '机构类型', 60, '0', '1', '2013-05-27 08:00:00', '1', '2013-05-27 08:00:00', NULL, '0');
INSERT INTO `sys_dict` VALUES ('22', '2', '部门', 'sys_office_type', '机构类型', 70, '0', '1', '2013-05-27 08:00:00', '1', '2013-05-27 08:00:00', NULL, '0');
INSERT INTO `sys_dict` VALUES ('23', '3', '小组', 'sys_office_type', '机构类型', 80, '0', '1', '2013-05-27 08:00:00', '1', '2013-05-27 08:00:00', NULL, '0');
INSERT INTO `sys_dict` VALUES ('24', '4', '其它', 'sys_office_type', '机构类型', 90, '0', '1', '2013-05-27 08:00:00', '1', '2013-05-27 08:00:00', NULL, '0');
INSERT INTO `sys_dict` VALUES ('25', '1', '综合部', 'sys_office_common', '快捷通用部门', 30, '0', '1', '2013-05-27 08:00:00', '1', '2013-05-27 08:00:00', NULL, '0');
INSERT INTO `sys_dict` VALUES ('26', '2', '开发部', 'sys_office_common', '快捷通用部门', 40, '0', '1', '2013-05-27 08:00:00', '1', '2013-05-27 08:00:00', NULL, '0');
INSERT INTO `sys_dict` VALUES ('263374341bb04a88a149456094a5bd4f', 'WAITING', '等待执行', 'sys_job_status', '定时任务状态（PAUSED-暂停，ACQUIRED-正在执行，WAITING-等待执行）', 30, '0', '1', '2019-01-10 11:58:07', '1', '2019-01-11 12:02:01', '', '0');
INSERT INTO `sys_dict` VALUES ('26f56c93297146ca869fb1924569d5fc', '0', '停用', 'sys_user_status', '用户状态（0-停用，1-正常）', 10, '0', '1', '2018-06-29 08:40:36', '1', '2020-01-03 09:12:19', '', '0');
INSERT INTO `sys_dict` VALUES ('27', '3', '人力部', 'sys_office_common', '快捷通用部门', 50, '0', '1', '2013-05-27 08:00:00', '1', '2013-05-27 08:00:00', NULL, '0');
INSERT INTO `sys_dict` VALUES ('28', '1', '一级', 'sys_office_grade', '机构等级', 10, '0', '1', '2013-05-27 08:00:00', '1', '2013-05-27 08:00:00', NULL, '0');
INSERT INTO `sys_dict` VALUES ('29', '2', '二级', 'sys_office_grade', '机构等级', 20, '0', '1', '2013-05-27 08:00:00', '1', '2013-05-27 08:00:00', NULL, '0');
INSERT INTO `sys_dict` VALUES ('2cc36feed60444e188a84e72f949ce73', '4', '生育保险', 'social_security_type', '生育保险', 50, '0', '1', '2020-07-29 11:27:36', '1', '2020-07-29 11:27:36', '', '0');
INSERT INTO `sys_dict` VALUES ('3', '1', '显示', 'show_hide', '显示/隐藏', 10, '0', '1', '2013-05-27 08:00:00', '1', '2013-05-27 08:00:00', NULL, '0');
INSERT INTO `sys_dict` VALUES ('30', '3', '三级', 'sys_office_grade', '机构等级', 30, '0', '1', '2013-05-27 08:00:00', '1', '2013-05-27 08:00:00', NULL, '0');
INSERT INTO `sys_dict` VALUES ('31', '4', '四级', 'sys_office_grade', '机构等级', 40, '0', '1', '2013-05-27 08:00:00', '1', '2013-05-27 08:00:00', NULL, '0');
INSERT INTO `sys_dict` VALUES ('3193bc4d1c90406aa573b9b60324e5cf', '2', '失业保险', 'social_security_type', '失业保险', 30, '0', '1', '2020-07-29 11:26:13', '1', '2020-07-29 11:27:06', '', '0');
INSERT INTO `sys_dict` VALUES ('32', '1', '所有数据', 'sys_data_scope', '数据范围', 10, '0', '1', '2013-05-27 08:00:00', '1', '2013-05-27 08:00:00', NULL, '0');
INSERT INTO `sys_dict` VALUES ('33', '2', '所在公司及以下数据', 'sys_data_scope', '数据范围', 20, '0', '1', '2013-05-27 08:00:00', '1', '2013-05-27 08:00:00', NULL, '0');
INSERT INTO `sys_dict` VALUES ('34', '3', '所在公司数据', 'sys_data_scope', '数据范围', 30, '0', '1', '2013-05-27 08:00:00', '1', '2013-05-27 08:00:00', NULL, '0');
INSERT INTO `sys_dict` VALUES ('35', '4', '所在部门及以下数据', 'sys_data_scope', '数据范围', 40, '0', '1', '2013-05-27 08:00:00', '1', '2013-05-27 08:00:00', NULL, '0');
INSERT INTO `sys_dict` VALUES ('36', '5', '所在部门数据', 'sys_data_scope', '数据范围', 50, '0', '1', '2013-05-27 08:00:00', '1', '2013-05-27 08:00:00', NULL, '0');
INSERT INTO `sys_dict` VALUES ('37', '8', '仅本人数据', 'sys_data_scope', '数据范围', 90, '0', '1', '2013-05-27 08:00:00', '1', '2013-05-27 08:00:00', NULL, '0');
INSERT INTO `sys_dict` VALUES ('38', '9', '按明细设置', 'sys_data_scope', '数据范围', 100, '0', '1', '2013-05-27 08:00:00', '1', '2013-05-27 08:00:00', NULL, '0');
INSERT INTO `sys_dict` VALUES ('39', '1', '系统管理', 'sys_user_type', '用户类型', 10, '0', '1', '2013-05-27 08:00:00', '1', '2013-05-27 08:00:00', NULL, '0');
INSERT INTO `sys_dict` VALUES ('4', '0', '隐藏', 'show_hide', '显示/隐藏', 20, '0', '1', '2013-05-27 08:00:00', '1', '2013-05-27 08:00:00', NULL, '0');
INSERT INTO `sys_dict` VALUES ('40', '2', '部门经理', 'sys_user_type', '用户类型', 20, '0', '1', '2013-05-27 08:00:00', '1', '2013-05-27 08:00:00', NULL, '0');
INSERT INTO `sys_dict` VALUES ('41', '3', '普通用户', 'sys_user_type', '用户类型', 30, '0', '1', '2013-05-27 08:00:00', '1', '2013-05-27 08:00:00', NULL, '0');
INSERT INTO `sys_dict` VALUES ('49fefff665614e80b8c0e91902f2c817', 'images/userinfo.png', '默认头像', 'default_headphoto_big', '默认头像(大图)', 10, '0', '1', '2018-07-30 11:58:29', '1', '2018-07-30 13:41:11', '默认头像(原图)', '0');
INSERT INTO `sys_dict` VALUES ('5', '1', '是', 'yes_no', '是/否', 10, '0', '1', '2013-05-27 08:00:00', '1', '2013-05-27 08:00:00', NULL, '0');
INSERT INTO `sys_dict` VALUES ('53816421a08b48aea4d09ef316910a43', '1', '医疗保险', 'social_security_type', '医疗保险', 20, '0', '1', '2020-07-29 11:26:02', '1', '2020-07-29 11:26:58', '', '0');
INSERT INTO `sys_dict` VALUES ('5ff3843961654e639a419410afc89bbc', '4', '人力资源', 'sys_user_type', '用户类型', 10, '0', '1', '2018-12-28 13:51:04', '1', '2018-12-28 13:51:04', '', '0');
INSERT INTO `sys_dict` VALUES ('6', '0', '否', 'yes_no', '是/否', 20, '0', '1', '2013-05-27 08:00:00', '1', '2013-05-27 08:00:00', NULL, '0');
INSERT INTO `sys_dict` VALUES ('600994b89cc24f949f09d61f4a8f8d64', '5', '住房公积金', 'social_security_type', '住房公积金', 60, '0', '1', '2020-07-29 11:27:53', '1', '2020-07-29 11:27:53', '', '0');
INSERT INTO `sys_dict` VALUES ('62', '1', '公休', 'oa_leave_type', '请假类型', 10, '0', '1', '2013-05-27 08:00:00', '1', '2013-05-27 08:00:00', NULL, '0');
INSERT INTO `sys_dict` VALUES ('63', '2', '病假', 'oa_leave_type', '请假类型', 20, '0', '1', '2013-05-27 08:00:00', '1', '2013-05-27 08:00:00', NULL, '0');
INSERT INTO `sys_dict` VALUES ('631f38d9f5e24dc88fdb472f4855d68d', '1', '正常', 'sys_user_status', '用户状态（0-停用，1-正常）', 20, '0', '1', '2018-06-29 08:41:42', '1', '2018-06-29 08:41:42', '', '0');
INSERT INTO `sys_dict` VALUES ('64', '3', '事假', 'oa_leave_type', '请假类型', 30, '0', '1', '2013-05-27 08:00:00', '1', '2013-05-27 08:00:00', NULL, '0');
INSERT INTO `sys_dict` VALUES ('6437d5741af64dca861fe5bec7994891', '1', '显示', 'sys_show_hide', '显示-隐藏', 10, '0', '1', '2018-06-25 18:21:38', '1', '2018-06-25 18:21:38', '显示-隐藏', '0');
INSERT INTO `sys_dict` VALUES ('65', '4', '调休', 'oa_leave_type', '请假类型', 40, '0', '1', '2013-05-27 08:00:00', '1', '2013-05-27 08:00:00', NULL, '0');
INSERT INTO `sys_dict` VALUES ('66', '5', '婚假', 'oa_leave_type', '请假类型', 60, '0', '1', '2013-05-27 08:00:00', '1', '2020-01-03 09:17:39', '', '0');
INSERT INTO `sys_dict` VALUES ('67', '1', '接入日志', 'sys_log_type', '日志类型', 30, '0', '1', '2013-06-03 08:00:00', '1', '2020-01-03 09:11:48', '', '0');
INSERT INTO `sys_dict` VALUES ('68', '2', '异常日志', 'sys_log_type', '日志类型', 40, '0', '1', '2013-06-03 08:00:00', '1', '2013-06-03 08:00:00', NULL, '0');
INSERT INTO `sys_dict` VALUES ('7', 'red', '红色', 'color', '颜色值', 10, '0', '1', '2013-05-27 08:00:00', '1', '2020-04-15 16:52:55', '', '0');
INSERT INTO `sys_dict` VALUES ('71', 'leave', '请假流程', 'act_category', '流程分类', 10, '0', '1', '2013-06-03 08:00:00', '1', '2020-01-03 17:10:34', '', '0');
INSERT INTO `sys_dict` VALUES ('72', 'metting', '会议室申请流程', 'act_category', '流程分类', 20, '0', '1', '2013-06-03 08:00:00', '1', '2013-06-03 08:00:00', NULL, '0');
INSERT INTO `sys_dict` VALUES ('73', 'crud', '增删改查', 'gen_category', '代码生成分类', 10, '0', '1', '2013-10-28 08:00:00', '1', '2013-10-28 08:00:00', NULL, '1');
INSERT INTO `sys_dict` VALUES ('74', 'crud_many', '增删改查（包含从表）', 'gen_category', '代码生成分类', 20, '0', '1', '2013-10-28 08:00:00', '1', '2013-10-28 08:00:00', NULL, '1');
INSERT INTO `sys_dict` VALUES ('75', 'tree', '树结构', 'gen_category', '代码生成分类', 30, '0', '1', '2013-10-28 08:00:00', '1', '2013-10-28 08:00:00', NULL, '1');
INSERT INTO `sys_dict` VALUES ('76', '=', '=', 'gen_query_type', '查询方式', 10, '0', '1', '2013-10-28 08:00:00', '1', '2013-10-28 08:00:00', NULL, '1');
INSERT INTO `sys_dict` VALUES ('77', '!=', '!=', 'gen_query_type', '查询方式', 20, '0', '1', '2013-10-28 08:00:00', '1', '2013-10-28 08:00:00', NULL, '1');
INSERT INTO `sys_dict` VALUES ('78', '&gt;', '&gt;', 'gen_query_type', '查询方式', 30, '0', '1', '2013-10-28 08:00:00', '1', '2013-10-28 08:00:00', NULL, '1');
INSERT INTO `sys_dict` VALUES ('79', '&lt;', '&lt;', 'gen_query_type', '查询方式', 40, '0', '1', '2013-10-28 08:00:00', '1', '2013-10-28 08:00:00', NULL, '1');
INSERT INTO `sys_dict` VALUES ('8', 'green', '绿色', 'color', '颜色值', 20, '0', '1', '2013-05-27 08:00:00', '1', '2013-05-27 08:00:00', NULL, '0');
INSERT INTO `sys_dict` VALUES ('80', 'between', 'Between', 'gen_query_type', '查询方式', 50, '0', '1', '2013-10-28 08:00:00', '1', '2013-10-28 08:00:00', NULL, '1');
INSERT INTO `sys_dict` VALUES ('81', 'like', 'Like', 'gen_query_type', '查询方式', 60, '0', '1', '2013-10-28 08:00:00', '1', '2013-10-28 08:00:00', NULL, '1');
INSERT INTO `sys_dict` VALUES ('82', 'left_like', 'Left Like', 'gen_query_type', '查询方式', 70, '0', '1', '2013-10-28 08:00:00', '1', '2013-10-28 08:00:00', NULL, '1');
INSERT INTO `sys_dict` VALUES ('83', 'right_like', 'Right Like', 'gen_query_type', '查询方式', 80, '0', '1', '2013-10-28 08:00:00', '1', '2013-10-28 08:00:00', NULL, '1');
INSERT INTO `sys_dict` VALUES ('84', 'input', '文本框', 'gen_show_type', '字段生成方案', 10, '0', '1', '2013-10-28 08:00:00', '1', '2013-10-28 08:00:00', NULL, '1');
INSERT INTO `sys_dict` VALUES ('85', 'textarea', '文本域', 'gen_show_type', '字段生成方案', 20, '0', '1', '2013-10-28 08:00:00', '1', '2013-10-28 08:00:00', NULL, '1');
INSERT INTO `sys_dict` VALUES ('86', 'select', '下拉框', 'gen_show_type', '字段生成方案', 30, '0', '1', '2013-10-28 08:00:00', '1', '2013-10-28 08:00:00', NULL, '1');
INSERT INTO `sys_dict` VALUES ('87', 'checkbox', '复选框', 'gen_show_type', '字段生成方案', 40, '0', '1', '2013-10-28 08:00:00', '1', '2013-10-28 08:00:00', NULL, '1');
INSERT INTO `sys_dict` VALUES ('88', 'radiobox', '单选框', 'gen_show_type', '字段生成方案', 50, '0', '1', '2013-10-28 08:00:00', '1', '2013-10-28 08:00:00', NULL, '1');
INSERT INTO `sys_dict` VALUES ('89', 'dateselect', '日期选择', 'gen_show_type', '字段生成方案', 60, '0', '1', '2013-10-28 08:00:00', '1', '2013-10-28 08:00:00', NULL, '1');
INSERT INTO `sys_dict` VALUES ('9', 'blue', '蓝色', 'color', '颜色值', 30, '0', '1', '2013-05-27 08:00:00', '1', '2013-05-27 08:00:00', NULL, '0');
INSERT INTO `sys_dict` VALUES ('90', 'userselect', '人员选择', 'gen_show_type', '字段生成方案', 70, '0', '1', '2013-10-28 08:00:00', '1', '2013-10-28 08:00:00', NULL, '1');
INSERT INTO `sys_dict` VALUES ('91', 'officeselect', '部门选择', 'gen_show_type', '字段生成方案', 80, '0', '1', '2013-10-28 08:00:00', '1', '2013-10-28 08:00:00', NULL, '1');
INSERT INTO `sys_dict` VALUES ('92', 'areaselect', '区域选择', 'gen_show_type', '字段生成方案', 90, '0', '1', '2013-10-28 08:00:00', '1', '2013-10-28 08:00:00', NULL, '1');
INSERT INTO `sys_dict` VALUES ('93', 'String', 'String', 'gen_java_type', 'Java类型', 10, '0', '1', '2013-10-28 08:00:00', '1', '2013-10-28 08:00:00', NULL, '1');
INSERT INTO `sys_dict` VALUES ('94', 'Long', 'Long', 'gen_java_type', 'Java类型', 20, '0', '1', '2013-10-28 08:00:00', '1', '2013-10-28 08:00:00', NULL, '1');
INSERT INTO `sys_dict` VALUES ('95', 'dao', '仅持久层', 'gen_category', '代码生成分类\0\0\0\0', 40, '0', '1', '2013-10-28 08:00:00', '1', '2013-10-28 08:00:00', NULL, '1');
INSERT INTO `sys_dict` VALUES ('96', '1', '男', 'sex', '性别', 10, '0', '1', '2013-10-28 08:00:00', '1', '2013-10-28 08:00:00', NULL, '0');
INSERT INTO `sys_dict` VALUES ('97', '2', '女', 'sex', '性别', 20, '0', '1', '2013-10-28 08:00:00', '1', '2013-10-28 08:00:00', NULL, '0');
INSERT INTO `sys_dict` VALUES ('98', 'Integer', 'Integer', 'gen_java_type', 'Java类型', 30, '0', '1', '2013-10-28 08:00:00', '1', '2013-10-28 08:00:00', NULL, '1');
INSERT INTO `sys_dict` VALUES ('99', 'Double', 'Double', 'gen_java_type', 'Java类型', 40, '0', '1', '2013-10-28 08:00:00', '1', '2013-10-28 08:00:00', NULL, '1');
INSERT INTO `sys_dict` VALUES ('a1367ff32ec044b08ead3a56f69748db', 'ACQUIRED', '正在执行', 'sys_job_status', '定时任务状态（PAUSED-暂停，ACQUIRED-正在执行，WAITING-等待执行）', 20, '0', '1', '2019-01-09 16:27:54', '1', '2019-01-11 12:01:52', '', '0');
INSERT INTO `sys_dict` VALUES ('a6aff6268f1f4d77952f3424b5e843d6', '123456', 'default_password', 'default_pass', '系统默认配置密码', 10, '0', '1', '2018-07-03 11:40:03', '1', '2018-07-03 11:40:03', '', '0');
INSERT INTO `sys_dict` VALUES ('a6c017055f7b4ce2bb644ec8bb240d4a', 'PAUSED', '暂停', 'sys_job_status', '定时任务状态（PAUSED-暂停，ACQUIRED-正在执行，WAITING-等待执行）', 10, '0', '1', '2019-01-09 15:37:38', '1', '2019-01-11 20:53:20', '', '0');
INSERT INTO `sys_dict` VALUES ('a8a0aeb824d84d73ad1cca1bdc35c8dc', '5', '乡/镇', 'sys_area_type', '区域类型', 50, '0', '1', '2018-06-15 14:48:45', '1', '2018-06-15 14:48:45', '', '0');
INSERT INTO `sys_dict` VALUES ('aa742dc6ef934d5180341e017928208f', '0', '养老保险', 'social_security_type', '养老保险', 10, '0', '1', '2020-07-29 11:25:47', '1', '2020-07-29 11:26:50', '', '0');
INSERT INTO `sys_dict` VALUES ('c3f4554124e64c4a9cf96ebe94e55ade', '6', '村/社区', 'sys_area_type', '区域类型', 60, '0', '1', '2018-06-15 14:49:25', '1', '2020-01-03 09:11:35', '', '0');
INSERT INTO `sys_dict` VALUES ('da5b5781a8604398aea411a3949b8486', '0', '隐藏', 'sys_show_hide', '显示-隐藏', 10, '0', '1', '2018-06-25 18:22:06', '1', '2018-06-25 18:22:06', '显示-隐藏', '0');
INSERT INTO `sys_dict` VALUES ('edc2e89282bb4eeba397857a2cfb6b33', 'com.jsite.modules.oa.leave', '请假流程1', 'act_category', '请假流程111', 10, '0', '1', '2018-08-03 10:37:05', '1', '2019-12-26 14:29:25', '', '1');
INSERT INTO `sys_dict` VALUES ('ee843534a2884752bf2ebd2444551771', 'images/userinfo.png', '默认头像', 'default_headphoto_small', '默认头像(缩略图)', 10, '0', '1', '2018-07-30 11:52:22', '1', '2018-07-30 11:56:54', '默认小头像(缩略图)图片路径', '0');
INSERT INTO `sys_dict` VALUES ('fbaa0fb3d18045a1815095f36c39316f', '3', '工伤保险', 'social_security_type', '工伤保险', 40, '0', '1', '2020-07-29 11:26:41', '1', '2020-07-29 11:27:11', '', '0');

-- ----------------------------
-- Table structure for sys_file
-- ----------------------------
DROP TABLE IF EXISTS `sys_file`;
CREATE TABLE `sys_file`  (
  `id` varchar(64) CHARACTER SET utf8 COLLATE utf8_bin NOT NULL COMMENT '编号',
  `file_tree_id` varchar(64) CHARACTER SET utf8 COLLATE utf8_bin NULL DEFAULT NULL COMMENT '文件分类',
  `main_id` varchar(64) CHARACTER SET utf8 COLLATE utf8_bin NULL DEFAULT NULL COMMENT '主表主键',
  `name` varchar(255) CHARACTER SET utf8 COLLATE utf8_bin NOT NULL COMMENT '文件名称',
  `path` varchar(255) CHARACTER SET utf8 COLLATE utf8_bin NULL DEFAULT NULL COMMENT '文件路径',
  `thum_path` varchar(255) CHARACTER SET utf8 COLLATE utf8_bin NULL DEFAULT NULL COMMENT '缩略图路径',
  `file_size` varchar(255) CHARACTER SET utf8 COLLATE utf8_bin NULL DEFAULT NULL COMMENT '文件大小',
  `create_by` varchar(64) CHARACTER SET utf8 COLLATE utf8_bin NOT NULL COMMENT '创建者',
  `create_date` datetime(0) NOT NULL COMMENT '创建时间',
  `update_by` varchar(64) CHARACTER SET utf8 COLLATE utf8_bin NOT NULL COMMENT '更新者',
  `update_date` datetime(0) NOT NULL COMMENT '更新时间',
  `remarks` varchar(255) CHARACTER SET utf8 COLLATE utf8_bin NULL DEFAULT NULL COMMENT '备注信息',
  `del_flag` char(1) CHARACTER SET utf8 COLLATE utf8_bin NOT NULL DEFAULT '0' COMMENT '删除标记（0：正常；1：删除）',
  PRIMARY KEY (`id`) USING BTREE
) ENGINE = InnoDB CHARACTER SET = utf8 COLLATE = utf8_bin COMMENT = '文件' ROW_FORMAT = COMPACT;

-- ----------------------------
-- Records of sys_file
-- ----------------------------
INSERT INTO `sys_file` VALUES ('15e0f0655f0949899e6df9353654e41e', 'b7803810cc734b90a3f44643fad06bd7', NULL, 'git命令.txt', 'common/b7803810cc734b90a3f44643fad06bd7\\20180727\\git命令.txt', NULL, '539', '1', '2018-07-27 15:40:29', '1', '2018-07-27 15:40:29', NULL, '0');
INSERT INTO `sys_file` VALUES ('354d0ad6df5f4b81a6df003967b8dde3', '018abc93050045dd8f419c14c1a5bfd5', NULL, 'picture.jpg', 'common/018abc93050045dd8f419c14c1a5bfd5\\20180625\\picture.jpg', NULL, '157296', '1', '2018-06-25 15:44:40', '1', '2018-06-25 15:44:40', NULL, '1');
INSERT INTO `sys_file` VALUES ('47348b3a5ee94d8e8d0a6d4b0d728b12', 'f1d7c9459a5a44adb38ed662bd5d682f', NULL, '新建文本文档.txt', 'common/f1d7c9459a5a44adb38ed662bd5d682f\\20180613\\新建文本文档.txt', NULL, '4890', '1', '2018-06-13 14:40:09', '1', '2018-06-13 14:40:09', NULL, '1');
INSERT INTO `sys_file` VALUES ('48b4b3ab2e064d4a9113318bcf5ddec8', '018abc93050045dd8f419c14c1a5bfd5', NULL, 'picture.jpg', 'common/7a0440b426f94db1b5b79772210437d2\\20180709\\picture.jpg', NULL, '157296', '1', '2018-07-09 10:41:49', '1', '2018-07-09 10:46:44', NULL, '0');
INSERT INTO `sys_file` VALUES ('4e9aea81e3234813bae688162b032e88', '8c5b5246330e42f4adb0593b1db498b4', NULL, 'BluetoothGet.zip', 'F:\\git\\itamcs\\src\\main\\webapp\\upload\\common/7a0440b426f94db1b5b79772210437d2\\20180611\\BluetoothGet.zip', NULL, '2774021', '1', '2018-06-11 10:20:13', '1', '2018-06-27 09:27:01', NULL, '1');
INSERT INTO `sys_file` VALUES ('5121fa6273e743a7912a58cc5a15ba2f', '8c5b5246330e42f4adb0593b1db498b4', NULL, '安装配置教程.docx', 'common/8c5b5246330e42f4adb0593b1db498b4/20181214/安装配置教程.docx', NULL, '429193', '1', '2018-12-14 09:37:00', '1', '2018-12-14 09:37:00', NULL, '0');
INSERT INTO `sys_file` VALUES ('5e3fff31d0724f5d89ab106519e8634a', '8c5b5246330e42f4adb0593b1db498b4', NULL, 'XXX旅游APP项目功能模块20180528.xlsx', 'common/8c5b5246330e42f4adb0593b1db498b4\\20180803\\XXX旅游APP项目功能模块20180528.xlsx', NULL, '19530', '1', '2018-08-03 09:37:09', '1', '2018-08-03 09:37:09', NULL, '0');
INSERT INTO `sys_file` VALUES ('6770be70d39d432d802150b41af00370', '8c5b5246330e42f4adb0593b1db498b4', NULL, 'PictureUnlock_gf_11393.pictureunlock.jpg', 'common/8c5b5246330e42f4adb0593b1db498b4/20181214/PictureUnlock_gf_11393.pictureunlock.jpg', NULL, '103041', '1', '2018-12-14 21:25:23', '1', '2018-12-14 21:25:23', NULL, '1');
INSERT INTO `sys_file` VALUES ('6f061e5b673c4a35981aba68b5feb771', '8c5b5246330e42f4adb0593b1db498b4', NULL, 'git命令.txt', 'common/8c5b5246330e42f4adb0593b1db498b4\\20181211\\git命令.txt', NULL, '871', '1', '2018-12-11 10:42:40', '1', '2018-12-11 10:42:40', NULL, '1');
INSERT INTO `sys_file` VALUES ('802ae641d0d84c488143885487a2d937', '8c5b5246330e42f4adb0593b1db498b4', NULL, 'IT资产管控平台初设说明书-20180408001.docx', 'common/8c5b5246330e42f4adb0593b1db498b4\\20180803\\IT资产管控平台初设说明书-20180408001.docx', NULL, '1438387', '1', '2018-08-03 09:44:42', '1', '2018-08-03 09:44:42', NULL, '0');
INSERT INTO `sys_file` VALUES ('a3ececf035d84d9280b1c4b2ae614074', 'f1d7c9459a5a44adb38ed662bd5d682f', NULL, 'BeyondAdmin-master.zip', 'F:\\git\\itamcs\\src\\main\\webapp\\upload\\common/f1d7c9459a5a44adb38ed662bd5d682f\\20180611\\BeyondAdmin-master.zip', NULL, '2425874', '1', '2018-06-11 11:06:27', '1', '2018-06-11 11:06:27', NULL, '1');
INSERT INTO `sys_file` VALUES ('bee545f738e941b18c321189fd962f8b', '8c5b5246330e42f4adb0593b1db498b4', NULL, '解决问题罗列.txt', 'common/8c5b5246330e42f4adb0593b1db498b4\\20180709\\解决问题罗列.txt', NULL, '22351', '1', '2018-07-09 16:15:38', '1', '2018-07-09 16:15:38', NULL, '0');
INSERT INTO `sys_file` VALUES ('cde9fce0e36e479682f87121bbedb3be', '11da634ddacb4129bb2c4f14854585f5', NULL, 'imageclip.html', 'common/11da634ddacb4129bb2c4f14854585f5\\20180709\\imageclip.html', NULL, '7707', '1', '2018-07-09 11:46:48', '1', '2018-07-09 11:46:48', NULL, '0');
INSERT INTO `sys_file` VALUES ('d67606c039784624955e8155032662de', '8c5b5246330e42f4adb0593b1db498b4', NULL, '大屏修改反馈-20180416.docx', 'common/8c5b5246330e42f4adb0593b1db498b4\\20180709\\大屏修改反馈-20180416.docx', NULL, '2297953', '1', '2018-07-09 16:15:39', '1', '2018-07-09 16:15:39', NULL, '0');
INSERT INTO `sys_file` VALUES ('da2ac86c3d934295a4d2bfd15518698b', '7a0440b426f94db1b5b79772210437d2', NULL, 'note.html', 'common/7a0440b426f94db1b5b79772210437d2/20180612/note.html', NULL, '1063', '1', '2018-06-12 11:56:54', '1', '2018-06-12 11:56:54', NULL, '1');
INSERT INTO `sys_file` VALUES ('fc7cb4ccf7ae42dfa6f81463006bf8eb', '8c5b5246330e42f4adb0593b1db498b4', NULL, 'aac.txt', 'common/8c5b5246330e42f4adb0593b1db498b4\\20180823\\aac.txt', NULL, '3484', '1', '2018-08-23 10:57:50', '1', '2018-08-23 10:57:50', NULL, '0');

-- ----------------------------
-- Table structure for sys_file_tree
-- ----------------------------
DROP TABLE IF EXISTS `sys_file_tree`;
CREATE TABLE `sys_file_tree`  (
  `id` varchar(64) CHARACTER SET utf8 COLLATE utf8_bin NOT NULL COMMENT '编号',
  `parent_id` varchar(64) CHARACTER SET utf8 COLLATE utf8_bin NOT NULL COMMENT '父级编号',
  `parent_ids` varchar(2000) CHARACTER SET utf8 COLLATE utf8_bin NOT NULL COMMENT '所有父级编号',
  `tree_leaf` char(1) CHARACTER SET utf8 COLLATE utf8_bin NOT NULL DEFAULT '0' COMMENT '是否树形叶子节点（0:不是,1:是）',
  `tree_level` decimal(4, 0) NOT NULL COMMENT '树形层级(0:根级)',
  `name` varchar(100) CHARACTER SET utf8 COLLATE utf8_bin NOT NULL COMMENT '名称',
  `sort` decimal(10, 0) NOT NULL COMMENT '排序',
  `create_by` varchar(64) CHARACTER SET utf8 COLLATE utf8_bin NOT NULL COMMENT '创建者',
  `create_date` datetime(0) NOT NULL COMMENT '创建时间',
  `update_by` varchar(64) CHARACTER SET utf8 COLLATE utf8_bin NOT NULL COMMENT '更新者',
  `update_date` datetime(0) NOT NULL COMMENT '更新时间',
  `remarks` varchar(255) CHARACTER SET utf8 COLLATE utf8_bin NULL DEFAULT NULL COMMENT '备注信息',
  `del_flag` char(1) CHARACTER SET utf8 COLLATE utf8_bin NOT NULL DEFAULT '0' COMMENT '删除标记（0：正常；1：删除）',
  PRIMARY KEY (`id`) USING BTREE
) ENGINE = InnoDB CHARACTER SET = utf8 COLLATE = utf8_bin COMMENT = '文件分类' ROW_FORMAT = COMPACT;

-- ----------------------------
-- Records of sys_file_tree
-- ----------------------------
INSERT INTO `sys_file_tree` VALUES ('018abc93050045dd8f419c14c1a5bfd5', '2bacb604df77451d9ef9c60494c4a5b3', '0,c9265b260c1845b6b46462acd36e4304,2bacb604df77451d9ef9c60494c4a5b3', '1', 2, 'ffff', 1, '1', '2018-06-04 14:40:37', '1', '2018-06-04 14:40:37', '', '0');
INSERT INTO `sys_file_tree` VALUES ('11da634ddacb4129bb2c4f14854585f5', '5dbb8533c98b4869901270ae2eb4d0ad', '0,5dbb8533c98b4869901270ae2eb4d0ad', '0', 1, 'aaa', 3, '1', '2018-06-05 09:58:58', '1', '2018-06-06 18:11:33', '', '0');
INSERT INTO `sys_file_tree` VALUES ('12fe7758f865410283b26ee134f8a0bf', '11da634ddacb4129bb2c4f14854585f5', '0,5dbb8533c98b4869901270ae2eb4d0ad,11da634ddacb4129bb2c4f14854585f5', '1', 2, 'bbb', 5, '1', '2018-06-05 09:59:24', '1', '2018-06-06 18:11:33', '', '0');
INSERT INTO `sys_file_tree` VALUES ('2bacb604df77451d9ef9c60494c4a5b3', 'c9265b260c1845b6b46462acd36e4304', '0,c9265b260c1845b6b46462acd36e4304', '0', 1, '2', 2, '1', '2018-03-28 14:41:39', '1', '2018-06-04 17:01:59', '2', '0');
INSERT INTO `sys_file_tree` VALUES ('5dbb8533c98b4869901270ae2eb4d0ad', '0', '0', '0', 0, 'mmm', 4, '1', '2018-06-06 09:58:30', '1', '2019-12-27 17:21:38', '', '0');
INSERT INTO `sys_file_tree` VALUES ('7a0440b426f94db1b5b79772210437d2', 'f1d7c9459a5a44adb38ed662bd5d682f', '0,c9265b260c1845b6b46462acd36e4304,2bacb604df77451d9ef9c60494c4a5b3,f1d7c9459a5a44adb38ed662bd5d682f', '1', 3, 'ccc', 10, '1', '2018-06-05 09:59:11', '1', '2018-06-06 18:11:55', '', '0');
INSERT INTO `sys_file_tree` VALUES ('885944d2b2784fe68a4a33c276eaa229', '9e31a73796a242009c89995c2de86bbb', '0,5dbb8533c98b4869901270ae2eb4d0ad,9e31a73796a242009c89995c2de86bbb', '1', 2, 'ggg', 3, '1', '2018-06-04 13:56:48', '1', '2018-06-06 17:34:56', 'dxxa', '0');
INSERT INTO `sys_file_tree` VALUES ('8c5b5246330e42f4adb0593b1db498b4', 'b7803810cc734b90a3f44643fad06bd7', '0,c9265b260c1845b6b46462acd36e4304,b7803810cc734b90a3f44643fad06bd7', '1', 2, '5', 3, '1', '2018-06-04 13:54:18', '1', '2018-06-04 13:54:18', '', '0');
INSERT INTO `sys_file_tree` VALUES ('9e31a73796a242009c89995c2de86bbb', '5dbb8533c98b4869901270ae2eb4d0ad', '0,5dbb8533c98b4869901270ae2eb4d0ad', '0', 1, 'wowowow', 4, '1', '2018-06-04 16:45:08', '1', '2018-06-06 17:45:28', '', '0');
INSERT INTO `sys_file_tree` VALUES ('b7803810cc734b90a3f44643fad06bd7', 'c9265b260c1845b6b46462acd36e4304', '0,c9265b260c1845b6b46462acd36e4304', '0', 1, '1', 1, '1', '2018-03-28 14:41:23', '1', '2018-03-28 14:41:23', '1', '0');
INSERT INTO `sys_file_tree` VALUES ('c07436d34ed8412ebfd65c7d7139283d', '0', '0', '0', 0, 'testMode', 120, '1', '2018-07-27 15:30:33', '1', '2018-07-27 16:55:25', 'safsf', '0');
INSERT INTO `sys_file_tree` VALUES ('f1d7c9459a5a44adb38ed662bd5d682f', '2bacb604df77451d9ef9c60494c4a5b3', '0,c9265b260c1845b6b46462acd36e4304,2bacb604df77451d9ef9c60494c4a5b3', '0', 2, 'test', 3, '1', '2018-06-04 14:39:45', '1', '2018-06-06 18:11:55', '1111', '0');

-- ----------------------------
-- Table structure for sys_log
-- ----------------------------
DROP TABLE IF EXISTS `sys_log`;
CREATE TABLE `sys_log`  (
  `id` varchar(64) CHARACTER SET utf8 COLLATE utf8_bin NOT NULL COMMENT '编号',
  `type` char(1) CHARACTER SET utf8 COLLATE utf8_bin NULL DEFAULT '1' COMMENT '日志类型',
  `title` varchar(255) CHARACTER SET utf8 COLLATE utf8_bin NULL DEFAULT '' COMMENT '日志标题',
  `create_by` varchar(64) CHARACTER SET utf8 COLLATE utf8_bin NULL DEFAULT NULL COMMENT '创建者',
  `create_date` datetime(0) NULL DEFAULT NULL COMMENT '创建时间',
  `remote_addr` varchar(255) CHARACTER SET utf8 COLLATE utf8_bin NULL DEFAULT NULL COMMENT '操作IP地址',
  `user_agent` varchar(255) CHARACTER SET utf8 COLLATE utf8_bin NULL DEFAULT NULL COMMENT '用户代理',
  `request_uri` varchar(255) CHARACTER SET utf8 COLLATE utf8_bin NULL DEFAULT NULL COMMENT '请求URI',
  `method` varchar(5) CHARACTER SET utf8 COLLATE utf8_bin NULL DEFAULT NULL COMMENT '操作方式',
  `params` text CHARACTER SET utf8 COLLATE utf8_bin NULL COMMENT '操作提交的数据',
  `exception` text CHARACTER SET utf8 COLLATE utf8_bin NULL COMMENT '异常信息',
  PRIMARY KEY (`id`) USING BTREE,
  INDEX `sys_log_create_by`(`create_by`) USING BTREE,
  INDEX `sys_log_request_uri`(`request_uri`) USING BTREE,
  INDEX `sys_log_type`(`type`) USING BTREE,
  INDEX `sys_log_create_date`(`create_date`) USING BTREE
) ENGINE = InnoDB CHARACTER SET = utf8 COLLATE = utf8_bin COMMENT = '日志表' ROW_FORMAT = COMPACT;

-- ----------------------------
-- Records of sys_log
-- ----------------------------

-- ----------------------------
-- Table structure for sys_mdict
-- ----------------------------
DROP TABLE IF EXISTS `sys_mdict`;
CREATE TABLE `sys_mdict`  (
  `id` varchar(64) CHARACTER SET utf8 COLLATE utf8_bin NOT NULL COMMENT '编号',
  `parent_id` varchar(64) CHARACTER SET utf8 COLLATE utf8_bin NOT NULL COMMENT '父级编号',
  `parent_ids` varchar(2000) CHARACTER SET utf8 COLLATE utf8_bin NOT NULL COMMENT '所有父级编号',
  `name` varchar(100) CHARACTER SET utf8 COLLATE utf8_bin NOT NULL COMMENT '名称',
  `sort` decimal(10, 0) NOT NULL COMMENT '排序',
  `description` varchar(100) CHARACTER SET utf8 COLLATE utf8_bin NULL DEFAULT NULL COMMENT '描述',
  `create_by` varchar(64) CHARACTER SET utf8 COLLATE utf8_bin NOT NULL COMMENT '创建者',
  `create_date` datetime(0) NOT NULL COMMENT '创建时间',
  `update_by` varchar(64) CHARACTER SET utf8 COLLATE utf8_bin NOT NULL COMMENT '更新者',
  `update_date` datetime(0) NOT NULL COMMENT '更新时间',
  `remarks` varchar(255) CHARACTER SET utf8 COLLATE utf8_bin NULL DEFAULT NULL COMMENT '备注信息',
  `del_flag` char(1) CHARACTER SET utf8 COLLATE utf8_bin NOT NULL DEFAULT '0' COMMENT '删除标记',
  PRIMARY KEY (`id`) USING BTREE,
  INDEX `sys_mdict_parent_id`(`parent_id`) USING BTREE,
  INDEX `sys_mdict_del_flag`(`del_flag`) USING BTREE
) ENGINE = InnoDB CHARACTER SET = utf8 COLLATE = utf8_bin COMMENT = '多级字典表' ROW_FORMAT = COMPACT;

-- ----------------------------
-- Records of sys_mdict
-- ----------------------------

-- ----------------------------
-- Table structure for sys_menu
-- ----------------------------
DROP TABLE IF EXISTS `sys_menu`;
CREATE TABLE `sys_menu`  (
  `id` varchar(64) CHARACTER SET utf8 COLLATE utf8_bin NOT NULL COMMENT '编号',
  `parent_id` varchar(64) CHARACTER SET utf8 COLLATE utf8_bin NOT NULL COMMENT '父级编号',
  `parent_ids` varchar(2000) CHARACTER SET utf8 COLLATE utf8_bin NOT NULL COMMENT '所有父级编号',
  `name` varchar(100) CHARACTER SET utf8 COLLATE utf8_bin NOT NULL COMMENT '名称',
  `sort` decimal(10, 0) NOT NULL COMMENT '排序',
  `tree_leaf` char(1) CHARACTER SET utf8 COLLATE utf8_bin NULL DEFAULT NULL COMMENT '是否叶子节点',
  `tree_level` decimal(11, 0) NULL DEFAULT NULL COMMENT '树形层级',
  `href` varchar(2000) CHARACTER SET utf8 COLLATE utf8_bin NULL DEFAULT NULL COMMENT '链接',
  `target` varchar(20) CHARACTER SET utf8 COLLATE utf8_bin NULL DEFAULT NULL COMMENT '目标',
  `icon` varchar(100) CHARACTER SET utf8 COLLATE utf8_bin NULL DEFAULT NULL COMMENT '图标',
  `is_show` char(1) CHARACTER SET utf8 COLLATE utf8_bin NOT NULL COMMENT '是否在菜单中显示',
  `permission` varchar(200) CHARACTER SET utf8 COLLATE utf8_bin NULL DEFAULT NULL COMMENT '权限标识',
  `create_by` varchar(64) CHARACTER SET utf8 COLLATE utf8_bin NOT NULL COMMENT '创建者',
  `create_date` datetime(0) NOT NULL COMMENT '创建时间',
  `update_by` varchar(64) CHARACTER SET utf8 COLLATE utf8_bin NOT NULL COMMENT '更新者',
  `update_date` datetime(0) NOT NULL COMMENT '更新时间',
  `remarks` varchar(255) CHARACTER SET utf8 COLLATE utf8_bin NULL DEFAULT NULL COMMENT '备注信息',
  `del_flag` char(1) CHARACTER SET utf8 COLLATE utf8_bin NOT NULL DEFAULT '0' COMMENT '删除标记',
  PRIMARY KEY (`id`) USING BTREE,
  INDEX `sys_menu_parent_id`(`parent_id`) USING BTREE,
  INDEX `sys_menu_del_flag`(`del_flag`) USING BTREE
) ENGINE = InnoDB CHARACTER SET = utf8 COLLATE = utf8_bin COMMENT = '菜单表' ROW_FORMAT = COMPACT;

-- ----------------------------
-- Records of sys_menu
-- ----------------------------
INSERT INTO `sys_menu` VALUES ('1', '0', '0,', '在线办公', 30, '0', 0, '', '', 'fas fa-laptop', '1', '', '1', '2013-05-27 08:00:00', '1', '2020-03-26 09:56:01', '', '0');
INSERT INTO `sys_menu` VALUES ('100', '1', '0,1,', '待办任务', 20, '1', 1, '/act/task/todo', '', 'far fa-circle', '1', 'act:process:view,act:process:edit', '1', '2018-08-07 14:57:37', '1', '2019-12-26 15:16:07', '', '0');
INSERT INTO `sys_menu` VALUES ('101', '1', '0,1,', '已办任务', 30, '1', 1, '/act/task/historic', '', 'far fa-circle', '1', 'act:process:view,act:process:edit', '1', '2018-08-07 14:58:35', '1', '2019-12-03 17:23:59', '', '0');
INSERT INTO `sys_menu` VALUES ('102', '1', '0,1,', '已发任务', 40, '1', 1, '/act/task/hasSent', '', 'far fa-circle', '1', 'act:process:view,act:process:edit', '1', '2018-08-09 20:28:01', '1', '2019-12-04 08:38:03', '', '0');
INSERT INTO `sys_menu` VALUES ('103', '1', '0,1,', '发起流程', 50, '1', 1, '/act/flowForm/process', '', 'far fa-circle', '1', 'act:process:view,act:process:edit', '1', '2018-08-07 15:07:41', '1', '2019-12-04 09:46:55', '', '0');
INSERT INTO `sys_menu` VALUES ('104', '1', '0,1,', '请假流程：发起|办理权限', 60, '1', 1, '', '', '', '0', 'oa:leave:view,oa:leave:edit', '1', '2018-08-15 14:40:25', '1', '2019-03-25 09:34:58', '', '0');
INSERT INTO `sys_menu` VALUES ('2', '0', '0,', '机构用户', 60, '0', 0, '', '', 'fas fa-users-cog', '1', '', '1', '2013-05-27 08:00:00', '1', '2020-03-26 10:50:14', '', '0');
INSERT INTO `sys_menu` VALUES ('200', '2', '0,2,', '用户管理', 20, '0', 1, '/sys/user/index', '', 'far fa-circle', '1', '', '1', '2013-05-27 08:00:00', '1', '2018-07-05 10:32:22', '', '0');
INSERT INTO `sys_menu` VALUES ('2000', '200', '0,2,200,', '查看', 30, '1', 2, '', '', 'fa fa-circle-thin', '0', 'sys:user:view', '1', '2018-07-05 10:32:42', '1', '2018-07-05 10:32:42', '', '0');
INSERT INTO `sys_menu` VALUES ('2001', '200', '0,2,200,', '编辑', 60, '1', 2, '', '', 'fa fa-circle-thin', '0', 'sys:user:edit', '1', '2018-07-05 10:33:04', '1', '2018-07-05 10:33:04', '', '0');
INSERT INTO `sys_menu` VALUES ('201', '2', '0,2,', '机构管理', 30, '0', 1, '/sys/office/', '', 'far fa-circle', '1', '', '1', '2013-05-27 08:00:00', '1', '2018-07-05 10:35:25', '', '0');
INSERT INTO `sys_menu` VALUES ('2010', '201', '0,2,201,', '查看', 30, '1', 2, '', '', 'fa fa-circle-thin', '0', 'sys:office:view', '1', '2018-07-05 10:33:26', '1', '2018-07-05 10:33:26', '', '0');
INSERT INTO `sys_menu` VALUES ('2011', '201', '0,2,201,', '编辑', 60, '1', 2, '', '', 'fa fa-circle-thin', '0', 'sys:office:edit', '1', '2018-07-05 10:33:43', '1', '2018-07-05 10:33:43', '', '0');
INSERT INTO `sys_menu` VALUES ('202', '2', '0,2,', '区域管理', 40, '0', 1, '/sys/area/', '', 'far fa-circle', '1', '', '1', '2013-05-27 08:00:00', '1', '2018-07-05 10:36:49', '', '0');
INSERT INTO `sys_menu` VALUES ('2020', '202', '0,2,202,', '查看', 30, '1', 2, '', '', 'fa fa-circle-thin', '0', 'sys:area:view', '1', '2018-07-05 10:36:00', '1', '2018-07-05 10:36:00', '', '0');
INSERT INTO `sys_menu` VALUES ('2021', '202', '0,2,202,', '编辑', 60, '1', 2, '', '', 'fa fa-circle-thin', '0', 'sys:area:edit', '1', '2018-07-05 10:36:25', '1', '2018-07-05 10:36:25', '', '0');
INSERT INTO `sys_menu` VALUES ('3', '0', '0,', '系统设置', 90, '0', 0, '', '', 'fas fa-cog', '1', '', '1', '2013-05-27 08:00:00', '1', '2020-03-26 10:51:30', '', '0');
INSERT INTO `sys_menu` VALUES ('300', '3', '0,3,', '菜单管理', 30, '0', 1, '/sys/menu/', '', 'far fa-circle', '1', '', '1', '2013-05-27 08:00:00', '1', '2018-07-04 16:17:54', '', '0');
INSERT INTO `sys_menu` VALUES ('3000', '300', '0,3,300,', '查看', 30, '1', 2, '', '', 'far fa-circle', '0', 'sys:menu:view', '1', '2018-07-04 16:16:09', '1', '2018-07-04 16:16:37', '', '0');
INSERT INTO `sys_menu` VALUES ('3001', '300', '0,3,300,', '编辑', 60, '1', 2, '', '', 'far fa-circle', '0', 'sys:menu:edit', '1', '2018-07-04 16:17:40', '1', '2018-07-04 16:17:40', '', '0');
INSERT INTO `sys_menu` VALUES ('301', '3', '0,3,', '角色管理', 40, '0', 1, '/sys/role/', '', 'far fa-circle', '1', '', '1', '2013-05-27 08:00:00', '1', '2019-03-13 10:34:19', '', '0');
INSERT INTO `sys_menu` VALUES ('3010', '301', '0,3,301,', '查看', 30, '1', 2, '', '', 'far fa-circle', '0', 'sys:role:view', '1', '2018-07-04 16:45:37', '1', '2018-07-04 16:45:37', '', '0');
INSERT INTO `sys_menu` VALUES ('3011', '301', '0,3,301,', '编辑', 60, '1', 2, '', '', 'far fa-circle', '0', 'sys:role:edit', '1', '2018-07-04 16:46:18', '1', '2018-07-04 16:47:17', '', '0');
INSERT INTO `sys_menu` VALUES ('302', '3', '0,3,', '字典管理', 50, '0', 1, '/sys/dict/', '', 'far fa-circle', '1', '', '1', '2013-05-27 08:00:00', '1', '2018-07-04 17:14:49', '', '0');
INSERT INTO `sys_menu` VALUES ('3020', '302', '0,3,302,', '查看', 30, '1', 2, '', '', 'far fa-circle', '0', 'sys:dict:view', '1', '2018-07-04 17:14:31', '1', '2018-07-04 17:14:31', '', '0');
INSERT INTO `sys_menu` VALUES ('3021', '302', '0,3,302,', '编辑', 60, '1', 2, '', '', 'far fa-circle', '0', 'sys:dict:edit', '1', '2018-07-04 17:15:17', '1', '2018-07-04 17:15:17', '', '0');
INSERT INTO `sys_menu` VALUES ('303', '3', '0,3,', '定时任务', 60, '0', 1, '/sys/job/', '', 'far fa-circle', '1', '', '1', '2019-01-07 16:29:56', '1', '2019-03-13 11:05:43', '', '0');
INSERT INTO `sys_menu` VALUES ('3030', '303', '0,3,303,', '查看', 30, '1', 2, '', '', 'far fa-circle', '0', 'sys:job:view', '1', '2019-01-07 16:33:42', '1', '2019-01-07 16:33:42', '', '0');
INSERT INTO `sys_menu` VALUES ('3031', '303', '0,3,303,', '编辑', 60, '1', 2, '', '', 'far fa-circle', '0', 'sys:job:edit', '1', '2019-01-08 14:58:22', '1', '2019-01-08 15:02:23', '', '0');
INSERT INTO `sys_menu` VALUES ('3032', '303', '0,3,303,', '添加', 90, '1', 2, '', '', 'far fa-circle', '0', 'sys:job:add', '1', '2019-01-09 17:33:37', '1', '2019-01-09 17:33:37', '', '0');
INSERT INTO `sys_menu` VALUES ('3033', '303', '0,3,303,', '暂停', 120, '1', 2, '', '', 'far fa-circle', '0', 'sys:job:pause', '1', '2019-01-11 09:31:49', '1', '2019-01-11 09:31:49', '', '0');
INSERT INTO `sys_menu` VALUES ('3034', '303', '0,3,303,', '恢复', 150, '1', 2, '', '', 'far fa-circle', '0', 'sys:job:resume', '1', '2019-01-11 09:46:56', '1', '2019-01-11 09:46:56', '', '0');
INSERT INTO `sys_menu` VALUES ('3035', '303', '0,3,303,', '删除', 180, '1', 2, '', '', 'far fa-circle', '0', 'sys:job:del', '1', '2019-01-11 11:00:11', '1', '2019-01-11 11:00:11', '', '0');
INSERT INTO `sys_menu` VALUES ('304', '3', '0,3,', '日志查询', 70, '1', 1, '/sys/log', '', 'far fa-circle', '1', 'sys:log:view', '1', '2013-06-03 08:00:00', '1', '2018-05-11 10:16:51', '', '0');
INSERT INTO `sys_menu` VALUES ('305', '3', '0,3,', '连接池监视', 80, '1', 1, '/../druid', '', 'far fa-circle', '1', '', '1', '2013-10-18 08:00:00', '1', '2018-05-11 10:16:02', '', '0');
INSERT INTO `sys_menu` VALUES ('4', '0', '0,', '文件管理', 150, '0', 0, '', '', 'fas fa-folder', '1', '', '1', '2013-05-27 08:00:00', '1', '2020-03-26 10:55:01', '', '0');
INSERT INTO `sys_menu` VALUES ('400', '4', '0,4,', '文件夹管理', 30, '0', 1, '/filetree/sysFileTree/index', '', 'far fa-circle', '1', '', '1', '2018-03-28 09:21:04', '1', '2018-07-27 15:20:46', '', '0');
INSERT INTO `sys_menu` VALUES ('4000', '400', '0,4,400,', '查看', 30, '1', 2, '', '', 'fa fa-circle-thin', '0', 'filetree:sysFileTree:view', '1', '2018-07-05 09:08:10', '1', '2018-07-27 15:21:28', '', '0');
INSERT INTO `sys_menu` VALUES ('4001', '400', '0,4,400,', '编辑', 60, '1', 2, '', '', 'fa fa-circle-thin', '0', 'filetree:sysFileTree:edit', '1', '2018-07-05 09:08:33', '1', '2018-07-27 15:21:44', '', '0');
INSERT INTO `sys_menu` VALUES ('401', '4', '0,4,', '文件管理', 40, '0', 1, '/file/sysFile/index', '', 'far fa-circle', '1', '', '1', '2018-03-28 17:04:29', '1', '2018-07-27 15:21:03', '', '0');
INSERT INTO `sys_menu` VALUES ('4010', '401', '0,4,401,', '查看', 30, '1', 2, '', '', '', '0', 'file:sysFile:view', '1', '2018-03-28 17:05:35', '1', '2018-07-27 15:22:00', '', '0');
INSERT INTO `sys_menu` VALUES ('4011', '401', '0,4,401,', '编辑', 60, '1', 2, '', '', '', '0', 'file:sysFile:edit', '1', '2018-03-28 17:06:13', '1', '2018-07-27 15:22:13', '', '0');
INSERT INTO `sys_menu` VALUES ('49edb45582184f36a1c364347ad8e779', '0', '0,', '头行结构报表', 240, '0', 0, '', '', 'far fa-keyboard', '1', '', '1', '2020-06-09 10:03:31', '1', '2020-07-29 10:42:12', '', '0');
INSERT INTO `sys_menu` VALUES ('5', '0', '0,', '代码生成', 180, '0', 0, '', '', 'fas fa-code', '1', '', '1', '2018-05-14 16:26:49', '1', '2020-03-26 10:55:27', '', '0');
INSERT INTO `sys_menu` VALUES ('500', '5', '0,5,', '业务表配置', 30, '1', 1, '/gen/genTable', '', 'far fa-circle', '1', 'gen:genTable:view,gen:genTable:edit,gen:genTableColumn:view,gen:genTableColumn:edit', '1', '2013-10-16 08:00:00', '1', '2018-05-11 10:03:11', '', '0');
INSERT INTO `sys_menu` VALUES ('501', '5', '0,5,', '生成方案配置', 60, '1', 1, '/gen/genScheme', '', 'far fa-circle', '1', 'gen:genScheme:view,gen:genScheme:edit', '1', '2013-10-16 08:00:00', '1', '2018-05-11 10:03:25', '', '0');
INSERT INTO `sys_menu` VALUES ('6', '0', '0,', '代码生成测试', 210, '0', 0, '', '', 'fas fa-vote-yea', '1', '', '1', '2018-12-19 16:59:07', '1', '2020-03-26 10:58:27', '', '0');
INSERT INTO `sys_menu` VALUES ('600', '6', '0,6,', '单表生成', 30, '1', 1, '/test/testData', '', 'far fa-circle', '1', 'test:testData:view,test:testData:edit', '1', '2018-12-19 17:00:12', '1', '2019-01-02 10:05:25', '', '0');
INSERT INTO `sys_menu` VALUES ('601', '6', '0,6,', '主子表生成', 60, '1', 1, '/test/testDataMain', '', 'far fa-circle', '1', 'test:testDataMain:view,test:testDataMain:edit', '1', '2018-12-29 13:34:17', '1', '2019-01-02 10:09:10', '', '0');
INSERT INTO `sys_menu` VALUES ('602', '6', '0,6,', '树结构表生成', 90, '1', 1, '/test/testTree', '', 'far fa-circle', '1', 'test:testTree:view,test:testTree:edit', '1', '2019-01-07 11:49:29', '1', '2019-01-07 11:49:29', '', '0');
INSERT INTO `sys_menu` VALUES ('7', '0', '0,', '流程管理', 120, '0', 0, '', '', 'fas fa-project-diagram', '1', '', '1', '2013-05-27 08:00:00', '1', '2020-03-26 10:52:16', '', '0');
INSERT INTO `sys_menu` VALUES ('700', '7', '0,7,', '运行中的流程', 30, '1', 1, '/act/process/running', '', 'far fa-circle', '1', 'act:process:edit', '1', '2018-08-02 08:58:48', '1', '2018-08-02 09:01:36', '', '0');
INSERT INTO `sys_menu` VALUES ('701', '7', '0,7,', '历史流程', 40, '1', 1, '/act/process/history', '', 'far fa-circle', '1', 'act:process:edit', '1', '2019-11-08 09:29:34', '1', '2019-11-08 09:33:33', '', '0');
INSERT INTO `sys_menu` VALUES ('702', '7', '0,7,', '部署流程', 60, '1', 1, '/act/process/deploy', '', 'far fa-circle', '1', 'act:process:edit', '1', '2018-08-02 08:53:30', '1', '2018-08-02 09:02:26', '', '0');
INSERT INTO `sys_menu` VALUES ('703', '7', '0,7,', '流程管理', 90, '1', 1, '/act/process', '', 'far fa-circle', '1', 'act:process:edit', '1', '2013-05-27 08:00:00', '1', '2018-08-02 09:09:21', '', '0');
INSERT INTO `sys_menu` VALUES ('704', '7', '0,7,', '模型管理', 150, '1', 1, '/act/model', '', 'far fa-circle', '1', 'act:model:edit', '1', '2013-09-20 08:00:00', '1', '2018-08-02 09:10:06', '', '0');
INSERT INTO `sys_menu` VALUES ('705', '7', '0,7,', '表单管理', 180, '0', 1, '/act/flowForm', '', 'far fa-circle', '1', '', '1', '2019-12-20 11:06:30', '1', '2019-12-24 13:37:52', '', '0');
INSERT INTO `sys_menu` VALUES ('7050', '705', '0,7,705,', '查看', 30, '1', 2, NULL, NULL, NULL, '0', 'flowable:flowForm:view', '1', '2020-01-02 17:07:45', '1', '2020-01-02 17:07:45', NULL, '0');
INSERT INTO `sys_menu` VALUES ('7051', '705', '0,7,705,', '编辑', 60, '1', 2, NULL, NULL, NULL, '0', 'flowable:flowForm:edit', '1', '2020-01-01 17:10:45', '1', '2020-01-02 17:10:45', NULL, '0');
INSERT INTO `sys_menu` VALUES ('e2a064d35e0044538123b5eb786fb97d', '49edb45582184f36a1c364347ad8e779', '0,49edb45582184f36a1c364347ad8e779,', '人员社保信息CRUD', 30, '1', 1, '/yili/yiliEmployee', '', 'fas fa-user', '1', 'yili:yiliEmployee:view,yili:yiliEmployee:edit,yili:yiliSocialSecurityInfo:view,yili:yiliSocialSecurityInfo:edit', '1', '2020-06-09 10:04:40', '1', '2020-07-29 14:13:58', '', '0');

-- ----------------------------
-- Table structure for sys_office
-- ----------------------------
DROP TABLE IF EXISTS `sys_office`;
CREATE TABLE `sys_office`  (
  `id` varchar(64) CHARACTER SET utf8 COLLATE utf8_bin NOT NULL COMMENT '编号',
  `parent_id` varchar(64) CHARACTER SET utf8 COLLATE utf8_bin NOT NULL COMMENT '父级编号',
  `parent_ids` varchar(2000) CHARACTER SET utf8 COLLATE utf8_bin NOT NULL COMMENT '所有父级编号',
  `name` varchar(100) CHARACTER SET utf8 COLLATE utf8_bin NOT NULL COMMENT '名称',
  `sort` decimal(10, 0) NOT NULL COMMENT '排序',
  `tree_leaf` char(1) CHARACTER SET utf8 COLLATE utf8_bin NOT NULL COMMENT '是否叶子节点',
  `tree_level` decimal(11, 0) NOT NULL COMMENT '树形层级',
  `area_id` varchar(64) CHARACTER SET utf8 COLLATE utf8_bin NULL DEFAULT NULL COMMENT '归属区域',
  `code` varchar(100) CHARACTER SET utf8 COLLATE utf8_bin NULL DEFAULT NULL COMMENT '机构编码',
  `type` char(1) CHARACTER SET utf8 COLLATE utf8_bin NULL DEFAULT NULL COMMENT '机构类型',
  `grade` char(1) CHARACTER SET utf8 COLLATE utf8_bin NULL DEFAULT NULL COMMENT '机构等级',
  `address` varchar(255) CHARACTER SET utf8 COLLATE utf8_bin NULL DEFAULT NULL COMMENT '联系地址',
  `zip_code` varchar(100) CHARACTER SET utf8 COLLATE utf8_bin NULL DEFAULT NULL COMMENT '邮政编码',
  `phone` varchar(200) CHARACTER SET utf8 COLLATE utf8_bin NULL DEFAULT NULL COMMENT '电话',
  `fax` varchar(200) CHARACTER SET utf8 COLLATE utf8_bin NULL DEFAULT NULL COMMENT '传真',
  `email` varchar(200) CHARACTER SET utf8 COLLATE utf8_bin NULL DEFAULT NULL COMMENT '邮箱',
  `create_by` varchar(64) CHARACTER SET utf8 COLLATE utf8_bin NOT NULL COMMENT '创建者',
  `create_date` datetime(0) NOT NULL COMMENT '创建时间',
  `update_by` varchar(64) CHARACTER SET utf8 COLLATE utf8_bin NOT NULL COMMENT '更新者',
  `update_date` datetime(0) NOT NULL COMMENT '更新时间',
  `remarks` varchar(255) CHARACTER SET utf8 COLLATE utf8_bin NULL DEFAULT NULL COMMENT '备注信息',
  `del_flag` char(1) CHARACTER SET utf8 COLLATE utf8_bin NOT NULL DEFAULT '0' COMMENT '删除标记',
  PRIMARY KEY (`id`) USING BTREE,
  INDEX `sys_office_parent_id`(`parent_id`) USING BTREE,
  INDEX `sys_office_del_flag`(`del_flag`) USING BTREE,
  INDEX `sys_office_type`(`type`) USING BTREE
) ENGINE = InnoDB CHARACTER SET = utf8 COLLATE = utf8_bin COMMENT = '机构表' ROW_FORMAT = COMPACT;

-- ----------------------------
-- Records of sys_office
-- ----------------------------
INSERT INTO `sys_office` VALUES ('05d6c304d4be45cdbbd561793687cbce', '0', '0,', '广东公司', 30, '1', 0, '1', '100000', '2', '1', 'sdfsf', '', '', '', '', '1', '2020-09-15 19:39:21', '1', '2020-10-09 17:37:59', '', '0');
INSERT INTO `sys_office` VALUES ('1', '0', '0,', 'Jsite测试公司1', 10, '0', 0, 'f762fb569d8445f28a226a9b831cfb90', '100000', '1', '1', '', '', '', '', '', '1', '2013-05-27 08:00:00', '1', '2020-12-10 15:20:07', '', '0');
INSERT INTO `sys_office` VALUES ('110370caea594e7893b9c7a9f8edb73d', 'd50bb4a373dd43b08830417087090ee9', '0,d50bb4a373dd43b08830417087090ee9,', '财务部门', 30, '1', 1, 'f762fb569d8445f28a226a9b831cfb90', '1', '2', '2', '', '', '', '', '', '1', '2020-08-06 13:15:16', '1', '2020-08-06 13:15:16', '', '0');
INSERT INTO `sys_office` VALUES ('14e540d662874f498d17119dba2d7c7c', '0', '0,', '规划发展部', 30, '1', 0, 'f762fb569d8445f28a226a9b831cfb90', '2', '2', '2', '', '', '', '', '', '1', '2020-08-06 13:16:04', '1', '2020-08-06 13:16:04', '', '0');
INSERT INTO `sys_office` VALUES ('3', '1', '0,1,', '综合部111', 20, '1', 1, '015345144e9e40d6bbe832a9f1cba1f7', '100002', '2', '1', '', '', '', '', '', '1', '2013-05-27 08:00:00', '1', '2020-09-15 16:40:10', '', '0');
INSERT INTO `sys_office` VALUES ('4', '1', '0,1,', '市场部', 30, '1', 1, '03f40aaafc5b4bcab788bca24e2581e6', '100003', '2', '1', '', '', '', '', '', '1', '2013-05-27 08:00:00', '1', '2020-09-21 17:47:35', '', '0');
INSERT INTO `sys_office` VALUES ('5', '1', '0,1,', '技术部', 40, '1', 1, 'f762fb569d8445f28a226a9b831cfb90', '100004', '2', '1', '北京市海淀区', '100010', '010-67545935', '', 'lzyang6@grgbanking.com', '1', '2013-05-27 08:00:00', '1', '2020-01-13 10:23:43', '测试机构管理', '0');
INSERT INTO `sys_office` VALUES ('73f2b0a3b468414c8b84f0be71aa08ad', '1', '0,1,', '123', 30, '1', 1, '1', '123', '2', '1', '', '', '', '', '', '1', '2020-09-11 17:49:54', '1', '2020-09-11 17:49:54', '', '0');
INSERT INTO `sys_office` VALUES ('d50bb4a373dd43b08830417087090ee9', '0', '0,', '北京子公司', 30, '0', 0, '1', '123456', '1', '1', '', '', '', '', '', '1', '2020-08-06 13:14:15', '1', '2020-08-06 13:15:16', '', '0');

-- ----------------------------
-- Table structure for sys_role
-- ----------------------------
DROP TABLE IF EXISTS `sys_role`;
CREATE TABLE `sys_role`  (
  `id` varchar(64) CHARACTER SET utf8 COLLATE utf8_bin NOT NULL COMMENT '编号',
  `office_id` varchar(64) CHARACTER SET utf8 COLLATE utf8_bin NULL DEFAULT NULL COMMENT '归属机构',
  `name` varchar(100) CHARACTER SET utf8 COLLATE utf8_bin NOT NULL COMMENT '角色名称',
  `enname` varchar(255) CHARACTER SET utf8 COLLATE utf8_bin NULL DEFAULT NULL COMMENT '英文名称',
  `role_type` varchar(255) CHARACTER SET utf8 COLLATE utf8_bin NULL DEFAULT NULL COMMENT '角色类型',
  `user_type` char(1) CHARACTER SET utf8 COLLATE utf8_bin NULL DEFAULT NULL COMMENT '用户类型',
  `data_scope` char(1) CHARACTER SET utf8 COLLATE utf8_bin NULL DEFAULT NULL COMMENT '数据范围',
  `is_sys` varchar(64) CHARACTER SET utf8 COLLATE utf8_bin NULL DEFAULT NULL COMMENT '是否系统数据',
  `useable` varchar(64) CHARACTER SET utf8 COLLATE utf8_bin NULL DEFAULT NULL COMMENT '是否可用',
  `create_by` varchar(64) CHARACTER SET utf8 COLLATE utf8_bin NOT NULL COMMENT '创建者',
  `create_date` datetime(0) NOT NULL COMMENT '创建时间',
  `update_by` varchar(64) CHARACTER SET utf8 COLLATE utf8_bin NOT NULL COMMENT '更新者',
  `update_date` datetime(0) NOT NULL COMMENT '更新时间',
  `remarks` varchar(255) CHARACTER SET utf8 COLLATE utf8_bin NULL DEFAULT NULL COMMENT '备注信息',
  `del_flag` char(1) CHARACTER SET utf8 COLLATE utf8_bin NOT NULL DEFAULT '0' COMMENT '删除标记',
  PRIMARY KEY (`id`) USING BTREE,
  INDEX `sys_role_del_flag`(`del_flag`) USING BTREE,
  INDEX `sys_role_enname`(`enname`) USING BTREE
) ENGINE = InnoDB CHARACTER SET = utf8 COLLATE = utf8_bin COMMENT = '角色表' ROW_FORMAT = COMPACT;

-- ----------------------------
-- Records of sys_role
-- ----------------------------
INSERT INTO `sys_role` VALUES ('1', '5', '系统管理员', 'Manager', 'security-role', '1', '1', '1', '1', '1', '2013-05-27 08:00:00', '1', '2019-01-11 20:55:30', 'AA', '0');
INSERT INTO `sys_role` VALUES ('2', '5', '部门经理', 'dept', 'security-role', '2', '3', '1', '1', '1', '2018-12-22 22:21:56', '1', '2020-01-06 14:54:03', '', '0');
INSERT INTO `sys_role` VALUES ('3', '3', 'hr', 'hr', 'assignment', '4', '1', '1', '1', '1', '2018-08-20 14:33:33', '1', '2020-01-06 14:54:19', '', '0');
INSERT INTO `sys_role` VALUES ('4', '4', '普通用户', 'Comuser', 'assignment', '3', '8', '1', '1', '1', '2013-05-27 08:00:00', '1', '2020-01-06 14:54:30', '', '0');

-- ----------------------------
-- Table structure for sys_role_menu
-- ----------------------------
DROP TABLE IF EXISTS `sys_role_menu`;
CREATE TABLE `sys_role_menu`  (
  `role_id` varchar(64) CHARACTER SET utf8 COLLATE utf8_bin NOT NULL COMMENT '角色编号',
  `menu_id` varchar(64) CHARACTER SET utf8 COLLATE utf8_bin NOT NULL COMMENT '菜单编号',
  PRIMARY KEY (`role_id`, `menu_id`) USING BTREE
) ENGINE = InnoDB CHARACTER SET = utf8 COLLATE = utf8_bin COMMENT = '角色-菜单' ROW_FORMAT = COMPACT;

-- ----------------------------
-- Records of sys_role_menu
-- ----------------------------
INSERT INTO `sys_role_menu` VALUES ('1', '1');
INSERT INTO `sys_role_menu` VALUES ('1', '100');
INSERT INTO `sys_role_menu` VALUES ('1', '101');
INSERT INTO `sys_role_menu` VALUES ('1', '102');
INSERT INTO `sys_role_menu` VALUES ('1', '103');
INSERT INTO `sys_role_menu` VALUES ('1', '2');
INSERT INTO `sys_role_menu` VALUES ('1', '200');
INSERT INTO `sys_role_menu` VALUES ('1', '2000');
INSERT INTO `sys_role_menu` VALUES ('1', '2001');
INSERT INTO `sys_role_menu` VALUES ('1', '201');
INSERT INTO `sys_role_menu` VALUES ('1', '2010');
INSERT INTO `sys_role_menu` VALUES ('1', '2011');
INSERT INTO `sys_role_menu` VALUES ('1', '202');
INSERT INTO `sys_role_menu` VALUES ('1', '2020');
INSERT INTO `sys_role_menu` VALUES ('1', '2021');
INSERT INTO `sys_role_menu` VALUES ('1', '3');
INSERT INTO `sys_role_menu` VALUES ('1', '300');
INSERT INTO `sys_role_menu` VALUES ('1', '3000');
INSERT INTO `sys_role_menu` VALUES ('1', '3001');
INSERT INTO `sys_role_menu` VALUES ('1', '301');
INSERT INTO `sys_role_menu` VALUES ('1', '3010');
INSERT INTO `sys_role_menu` VALUES ('1', '3011');
INSERT INTO `sys_role_menu` VALUES ('1', '302');
INSERT INTO `sys_role_menu` VALUES ('1', '3020');
INSERT INTO `sys_role_menu` VALUES ('1', '3021');
INSERT INTO `sys_role_menu` VALUES ('1', '303');
INSERT INTO `sys_role_menu` VALUES ('1', '3030');
INSERT INTO `sys_role_menu` VALUES ('1', '3031');
INSERT INTO `sys_role_menu` VALUES ('1', '3032');
INSERT INTO `sys_role_menu` VALUES ('1', '3033');
INSERT INTO `sys_role_menu` VALUES ('1', '3034');
INSERT INTO `sys_role_menu` VALUES ('1', '3035');
INSERT INTO `sys_role_menu` VALUES ('1', '304');
INSERT INTO `sys_role_menu` VALUES ('1', '305');
INSERT INTO `sys_role_menu` VALUES ('1', '4');
INSERT INTO `sys_role_menu` VALUES ('1', '400');
INSERT INTO `sys_role_menu` VALUES ('1', '4000');
INSERT INTO `sys_role_menu` VALUES ('1', '4001');
INSERT INTO `sys_role_menu` VALUES ('1', '401');
INSERT INTO `sys_role_menu` VALUES ('1', '4010');
INSERT INTO `sys_role_menu` VALUES ('1', '4011');
INSERT INTO `sys_role_menu` VALUES ('1', '5');
INSERT INTO `sys_role_menu` VALUES ('1', '500');
INSERT INTO `sys_role_menu` VALUES ('1', '501');
INSERT INTO `sys_role_menu` VALUES ('1', '6');
INSERT INTO `sys_role_menu` VALUES ('1', '600');
INSERT INTO `sys_role_menu` VALUES ('1', '601');
INSERT INTO `sys_role_menu` VALUES ('1', '602');
INSERT INTO `sys_role_menu` VALUES ('1', '7');
INSERT INTO `sys_role_menu` VALUES ('1', '700');
INSERT INTO `sys_role_menu` VALUES ('1', '701');
INSERT INTO `sys_role_menu` VALUES ('1', '702');
INSERT INTO `sys_role_menu` VALUES ('1', '703');
INSERT INTO `sys_role_menu` VALUES ('2', '1');
INSERT INTO `sys_role_menu` VALUES ('2', '100');
INSERT INTO `sys_role_menu` VALUES ('2', '101');
INSERT INTO `sys_role_menu` VALUES ('2', '102');
INSERT INTO `sys_role_menu` VALUES ('2', '103');
INSERT INTO `sys_role_menu` VALUES ('2', '104');
INSERT INTO `sys_role_menu` VALUES ('2', '4');
INSERT INTO `sys_role_menu` VALUES ('2', '400');
INSERT INTO `sys_role_menu` VALUES ('2', '4000');
INSERT INTO `sys_role_menu` VALUES ('2', '4001');
INSERT INTO `sys_role_menu` VALUES ('2', '401');
INSERT INTO `sys_role_menu` VALUES ('2', '4010');
INSERT INTO `sys_role_menu` VALUES ('2', '4011');
INSERT INTO `sys_role_menu` VALUES ('2', '7');
INSERT INTO `sys_role_menu` VALUES ('2', '705');
INSERT INTO `sys_role_menu` VALUES ('2', '7050');
INSERT INTO `sys_role_menu` VALUES ('2', '7051');
INSERT INTO `sys_role_menu` VALUES ('3', '1');
INSERT INTO `sys_role_menu` VALUES ('3', '100');
INSERT INTO `sys_role_menu` VALUES ('3', '101');
INSERT INTO `sys_role_menu` VALUES ('3', '102');
INSERT INTO `sys_role_menu` VALUES ('3', '103');
INSERT INTO `sys_role_menu` VALUES ('3', '104');
INSERT INTO `sys_role_menu` VALUES ('3', '4');
INSERT INTO `sys_role_menu` VALUES ('3', '400');
INSERT INTO `sys_role_menu` VALUES ('3', '4000');
INSERT INTO `sys_role_menu` VALUES ('3', '4001');
INSERT INTO `sys_role_menu` VALUES ('3', '401');
INSERT INTO `sys_role_menu` VALUES ('3', '4010');
INSERT INTO `sys_role_menu` VALUES ('3', '4011');
INSERT INTO `sys_role_menu` VALUES ('3', '7');
INSERT INTO `sys_role_menu` VALUES ('3', '705');
INSERT INTO `sys_role_menu` VALUES ('3', '7050');
INSERT INTO `sys_role_menu` VALUES ('3', '7051');
INSERT INTO `sys_role_menu` VALUES ('4', '1');
INSERT INTO `sys_role_menu` VALUES ('4', '100');
INSERT INTO `sys_role_menu` VALUES ('4', '101');
INSERT INTO `sys_role_menu` VALUES ('4', '102');
INSERT INTO `sys_role_menu` VALUES ('4', '103');
INSERT INTO `sys_role_menu` VALUES ('4', '104');
INSERT INTO `sys_role_menu` VALUES ('4', '4');
INSERT INTO `sys_role_menu` VALUES ('4', '400');
INSERT INTO `sys_role_menu` VALUES ('4', '4000');
INSERT INTO `sys_role_menu` VALUES ('4', '4001');
INSERT INTO `sys_role_menu` VALUES ('4', '401');
INSERT INTO `sys_role_menu` VALUES ('4', '4010');
INSERT INTO `sys_role_menu` VALUES ('4', '4011');
INSERT INTO `sys_role_menu` VALUES ('4', '7');
INSERT INTO `sys_role_menu` VALUES ('4', '705');
INSERT INTO `sys_role_menu` VALUES ('4', '7050');
INSERT INTO `sys_role_menu` VALUES ('4', '7051');

-- ----------------------------
-- Table structure for sys_role_office
-- ----------------------------
DROP TABLE IF EXISTS `sys_role_office`;
CREATE TABLE `sys_role_office`  (
  `role_id` varchar(64) CHARACTER SET utf8 COLLATE utf8_bin NOT NULL COMMENT '角色编号',
  `office_id` varchar(64) CHARACTER SET utf8 COLLATE utf8_bin NOT NULL COMMENT '机构编号',
  PRIMARY KEY (`role_id`, `office_id`) USING BTREE
) ENGINE = InnoDB CHARACTER SET = utf8 COLLATE = utf8_bin COMMENT = '角色-机构' ROW_FORMAT = COMPACT;

-- ----------------------------
-- Records of sys_role_office
-- ----------------------------

-- ----------------------------
-- Table structure for sys_user
-- ----------------------------
DROP TABLE IF EXISTS `sys_user`;
CREATE TABLE `sys_user`  (
  `id` varchar(64) CHARACTER SET utf8 COLLATE utf8_bin NOT NULL COMMENT '编号',
  `company_id` varchar(64) CHARACTER SET utf8 COLLATE utf8_bin NOT NULL COMMENT '归属公司',
  `office_id` varchar(64) CHARACTER SET utf8 COLLATE utf8_bin NOT NULL COMMENT '归属部门',
  `login_name` varchar(100) CHARACTER SET utf8 COLLATE utf8_bin NOT NULL COMMENT '登录名',
  `password` varchar(100) CHARACTER SET utf8 COLLATE utf8_bin NOT NULL COMMENT '密码',
  `no` varchar(100) CHARACTER SET utf8 COLLATE utf8_bin NULL DEFAULT NULL COMMENT '工号',
  `name` varchar(100) CHARACTER SET utf8 COLLATE utf8_bin NOT NULL COMMENT '姓名',
  `email` varchar(200) CHARACTER SET utf8 COLLATE utf8_bin NULL DEFAULT NULL COMMENT '邮箱',
  `phone` varchar(200) CHARACTER SET utf8 COLLATE utf8_bin NULL DEFAULT NULL COMMENT '电话',
  `mobile` varchar(200) CHARACTER SET utf8 COLLATE utf8_bin NULL DEFAULT NULL COMMENT '手机',
  `user_post` char(1) CHARACTER SET utf8 COLLATE utf8_bin NULL DEFAULT NULL COMMENT '用户类型',
  `photo` varchar(1000) CHARACTER SET utf8 COLLATE utf8_bin NULL DEFAULT NULL COMMENT '用户头像',
  `login_ip` varchar(100) CHARACTER SET utf8 COLLATE utf8_bin NULL DEFAULT NULL COMMENT '最后登陆IP',
  `login_date` datetime(0) NULL DEFAULT NULL COMMENT '最后登陆时间',
  `login_flag` varchar(64) CHARACTER SET utf8 COLLATE utf8_bin NULL DEFAULT NULL COMMENT '是否可登录',
  `create_by` varchar(64) CHARACTER SET utf8 COLLATE utf8_bin NOT NULL COMMENT '创建者',
  `create_date` datetime(0) NOT NULL COMMENT '创建时间',
  `update_by` varchar(64) CHARACTER SET utf8 COLLATE utf8_bin NOT NULL COMMENT '更新者',
  `update_date` datetime(0) NOT NULL COMMENT '更新时间',
  `remarks` varchar(255) CHARACTER SET utf8 COLLATE utf8_bin NULL DEFAULT NULL COMMENT '备注信息',
  `del_flag` char(1) CHARACTER SET utf8 COLLATE utf8_bin NOT NULL DEFAULT '0' COMMENT '删除标记',
  PRIMARY KEY (`id`) USING BTREE,
  INDEX `sys_user_office_id`(`office_id`) USING BTREE,
  INDEX `sys_user_login_name`(`login_name`) USING BTREE,
  INDEX `sys_user_company_id`(`company_id`) USING BTREE,
  INDEX `sys_user_update_date`(`update_date`) USING BTREE,
  INDEX `sys_user_del_flag`(`del_flag`) USING BTREE
) ENGINE = InnoDB CHARACTER SET = utf8 COLLATE = utf8_bin COMMENT = '用户表' ROW_FORMAT = Dynamic;

-- ----------------------------
-- Records of sys_user
-- ----------------------------
INSERT INTO `sys_user` VALUES ('1', '1', '5', 'jsite', '57b89d1421898c692ebf98b530c3869b56d32e1e80f2bb703aba8a39', '0001', '系统管理员', 'admin@admin.com', '', '1111d', '1', '/jsite//userfiles/headphoto/1.jpg', '220.195.75.51', '2021-04-15 08:45:32', '1', '1', '2013-05-27 08:00:00', '1', '2021-01-13 13:38:38', '11221eee', '0');
INSERT INTO `sys_user` VALUES ('2', '1', '5', 'dept', '56c52163316679d8c83c84f03d44a592246d76a70bacb1da76cdc149', '000002', '部门经理', '', '', '', '2', NULL, '58.246.174.74', '2021-04-13 16:23:18', '1', '1', '2018-12-22 22:22:25', '1', '2020-01-02 13:26:34', '', '0');
INSERT INTO `sys_user` VALUES ('3', '1', '3', 'jsitehr', '7e14e4c693492493db3bc12ba2bdd9cec2629613deae9ebd9c42dac1', '000003', '人力资源', '', '', '', '4', NULL, '183.128.125.128', '2021-04-11 20:39:38', '1', '1', '2018-12-22 22:23:39', '1', '2020-05-14 16:33:28', '', '0');
INSERT INTO `sys_user` VALUES ('4', '1', '5', 'jsiteuser', '2f445129a012d18383f4fbdc9fdaca446794a89e80c384dc3a1e1f1a', '000005', '普通用户', '', '', '', '3', NULL, '219.155.7.58', '2021-04-08 10:30:37', '1', '1', '2018-12-28 13:55:56', '1', '2018-12-28 16:44:40', '', '0');

-- ----------------------------
-- Table structure for sys_user_role
-- ----------------------------
DROP TABLE IF EXISTS `sys_user_role`;
CREATE TABLE `sys_user_role`  (
  `user_id` varchar(64) CHARACTER SET utf8 COLLATE utf8_bin NOT NULL COMMENT '用户编号',
  `role_id` varchar(64) CHARACTER SET utf8 COLLATE utf8_bin NOT NULL COMMENT '角色编号',
  PRIMARY KEY (`user_id`, `role_id`) USING BTREE
) ENGINE = InnoDB CHARACTER SET = utf8 COLLATE = utf8_bin COMMENT = '用户-角色' ROW_FORMAT = COMPACT;

-- ----------------------------
-- Records of sys_user_role
-- ----------------------------
INSERT INTO `sys_user_role` VALUES ('1', '1');
INSERT INTO `sys_user_role` VALUES ('2', '2');
INSERT INTO `sys_user_role` VALUES ('3', '3');
INSERT INTO `sys_user_role` VALUES ('3', '4');
INSERT INTO `sys_user_role` VALUES ('4', '4');

-- ----------------------------
-- Table structure for test_data
-- ----------------------------
DROP TABLE IF EXISTS `test_data`;
CREATE TABLE `test_data`  (
  `id` varchar(64) CHARACTER SET utf8 COLLATE utf8_bin NOT NULL COMMENT '编号',
  `user_id` varchar(64) CHARACTER SET utf8 COLLATE utf8_bin NULL DEFAULT NULL COMMENT '归属用户',
  `office_id` varchar(64) CHARACTER SET utf8 COLLATE utf8_bin NULL DEFAULT NULL COMMENT '归属部门',
  `area_id` varchar(64) CHARACTER SET utf8 COLLATE utf8_bin NULL DEFAULT NULL COMMENT '归属区域',
  `name` varchar(100) CHARACTER SET utf8 COLLATE utf8_bin NULL DEFAULT NULL COMMENT '名称',
  `sex` char(1) CHARACTER SET utf8 COLLATE utf8_bin NULL DEFAULT NULL COMMENT '性别',
  `in_date` date NULL DEFAULT NULL COMMENT '加入日期',
  `create_by` varchar(64) CHARACTER SET utf8 COLLATE utf8_bin NOT NULL COMMENT '创建者',
  `create_date` datetime(0) NOT NULL COMMENT '创建时间',
  `update_by` varchar(64) CHARACTER SET utf8 COLLATE utf8_bin NOT NULL COMMENT '更新者',
  `update_date` datetime(0) NOT NULL COMMENT '更新时间',
  `remarks` varchar(255) CHARACTER SET utf8 COLLATE utf8_bin NULL DEFAULT NULL COMMENT '备注信息',
  `del_flag` char(1) CHARACTER SET utf8 COLLATE utf8_bin NOT NULL DEFAULT '0' COMMENT '删除标记',
  PRIMARY KEY (`id`) USING BTREE,
  INDEX `test_data_del_flag`(`del_flag`) USING BTREE
) ENGINE = InnoDB CHARACTER SET = utf8 COLLATE = utf8_bin COMMENT = '业务数据表' ROW_FORMAT = COMPACT;

-- ----------------------------
-- Records of test_data
-- ----------------------------
INSERT INTO `test_data` VALUES ('01383a5f7ec84434b3723170aceb47b6', '56620c5ef567427c8debe68875c0eda2', '5', '015345144e9e40d6bbe832a9f1cba1f7', '', '', NULL, '1', '2019-02-26 14:56:58', '1', '2019-02-26 14:56:58', '', '1');
INSERT INTO `test_data` VALUES ('02d6f2a577d7486c8f98d4745a1d01c5', '4', '4', '', '', '', NULL, '1', '2020-03-03 15:19:58', '1', '2020-03-03 15:19:58', '', '1');
INSERT INTO `test_data` VALUES ('0709c77e68bd40d090c7cb1e9aa85f07', '3', '3', 'da2da01621b64be5a85b07a8c883228f', '', '', NULL, '1', '2019-03-13 22:48:19', '1', '2019-03-13 22:48:19', '', '1');
INSERT INTO `test_data` VALUES ('09548470b6cd4b13bba5d632e1d993f9', '43f6a4a84e784e5e98b5b1c530bef73b', '4', 'f762fb569d8445f28a226a9b831cfb90', '美团外卖', '男', '2019-01-28', '1', '2019-01-28 09:58:24', '1', '2019-02-25 09:45:51', '呃呃呃d', '1');
INSERT INTO `test_data` VALUES ('1308ea640764443898a5673b3712c447', '', '', '', '', '', NULL, '1', '2019-01-03 01:55:41', '1', '2019-01-03 01:55:41', '', '1');
INSERT INTO `test_data` VALUES ('17a77396d89546f3afb92b0f505c35a7', '4', '5', '', '', '', NULL, '1', '2021-03-27 14:31:53', '1', '2021-03-27 14:31:53', '', '0');
INSERT INTO `test_data` VALUES ('1e795ae9156a4b23992fb583ec2e53b6', '3', '3', 'da2da01621b64be5a85b07a8c883228f', '发发', '女', '2019-04-12', '1', '2019-04-12 01:29:13', '1', '2019-04-12 01:29:13', '暗示法法师', '1');
INSERT INTO `test_data` VALUES ('1e9f1b3d718c4009b331afe970f21773', '3', '5', 'f762fb569d8445f28a226a9b831cfb90', '000', '', NULL, '1', '2020-03-19 13:22:58', '1', '2020-03-19 13:22:58', '', '1');
INSERT INTO `test_data` VALUES ('1eeac3f255a34492af3910068dd87338', '', '', '', '', '', NULL, '1', '2020-04-23 14:00:16', '1', '2020-04-23 14:00:16', '', '1');
INSERT INTO `test_data` VALUES ('2413a641d0e1479385c58aa00d7d95da', '05d6c304d4be45cdbbd561793687cbce', '3', '1', '请假表单', '男', '2021-03-17', '1', '2021-03-17 19:49:37', '1', '2021-03-19 10:50:16', '', '0');
INSERT INTO `test_data` VALUES ('26e5d545209b49d895df1debf0f5abe0', '5', '5', '16166c3ecb954be0ad47159c087cd8af', 'xxx', 'x', '2020-03-24', '1', '2020-03-24 15:37:42', '1', '2020-03-30 01:32:51', 's', '1');
INSERT INTO `test_data` VALUES ('2864a7f9ec2243218ab0ac03f1da410d', '56620c5ef567427c8debe68875c0eda2', '5', 'f762fb569d8445f28a226a9b831cfb90', '', '', NULL, '1', '2019-02-28 10:42:50', '1', '2019-02-28 10:42:50', '', '1');
INSERT INTO `test_data` VALUES ('2b893e3f021048b3b4020c914a0bb06d', '3', '3', '1', 'ttt', '', '2020-03-31', '1', '2020-03-31 15:16:05', '1', '2020-04-07 14:28:43', '', '0');
INSERT INTO `test_data` VALUES ('2bb40c327b974c7e8dcf13ad31429072', '4', '1834d4fdba4a4a8b94a905fa2f4f83fb', 'da2da01621b64be5a85b07a8c883228f', '张琨', '', NULL, '1', '2019-03-01 16:53:43', '1', '2019-03-01 16:53:43', '', '1');
INSERT INTO `test_data` VALUES ('2df2962def504c45bf18085cb18bb4ad', '110370caea594e7893b9c7a9f8edb73d', '110370caea594e7893b9c7a9f8edb73d', '16166c3ecb954be0ad47159c087cd8af', 'ngnh', '男', '2020-09-22', '1', '2020-07-16 16:33:57', '1', '2020-09-01 23:03:51', '', '0');
INSERT INTO `test_data` VALUES ('2e56ddf88f5342f9a10deb55c82af11e', '', '', '', '', '', NULL, '1', '2020-07-20 14:26:28', '1', '2020-07-20 14:26:28', '', '1');
INSERT INTO `test_data` VALUES ('3652b377e871401dbf902338e663abf2', '3', '4', 'da2da01621b64be5a85b07a8c883228f', 'Data', '男', '2020-05-10', '1', '2020-05-10 16:19:53', '1', '2020-05-24 22:48:08', '饿', '0');
INSERT INTO `test_data` VALUES ('3b26e47b371a47b5a5ccd0e1624ba13b', '1', '4', 'f762fb569d8445f28a226a9b831cfb90', '自由', 'n', '2021-03-03', '1', '2021-03-03 15:56:12', '1', '2021-03-03 15:56:12', '测试', '0');
INSERT INTO `test_data` VALUES ('3d69c848d3ce404eb41bc8a219a6fe62', '3', '3', 'f762fb569d8445f28a226a9b831cfb90', 'jjjjj', '', NULL, '1', '2019-04-11 01:58:46', '1', '2019-04-11 01:58:46', '', '1');
INSERT INTO `test_data` VALUES ('3e14fa93f5994478bba85b6e77f7e7e7', '1', '3', '1', '', '', '2020-09-26', '1', '2020-09-26 15:42:13', '1', '2020-12-14 13:59:31', '111', '0');
INSERT INTO `test_data` VALUES ('408e36867ae54815858348c9cb72579d', '3', '3', '03f40aaafc5b4bcab788bca24e2581e6', '', '', NULL, '1', '2021-01-12 21:15:47', '1', '2021-01-12 21:15:47', '', '0');
INSERT INTO `test_data` VALUES ('44069377d5d545bf9829634086a15346', '3', '1', '1', '中国测试', '男', '2019-05-10', '1', '2019-05-10 16:08:29', '1', '2019-05-27 17:28:57', 'ddddd', '0');
INSERT INTO `test_data` VALUES ('4491abf519834a078b307fcfb1aee334', '56620c5ef567427c8debe68875c0eda2', '3', '', '', '', NULL, '1', '2019-01-02 11:19:24', '1', '2019-01-02 11:19:24', '', '1');
INSERT INTO `test_data` VALUES ('4d7af2be15da4a4fb8478c95c65c8158', '4', '4', '03f40aaafc5b4bcab788bca24e2581e6', '一阵子的', '男', '2021-03-22', '1', '2021-03-22 17:47:51', '1', '2021-03-24 09:01:41', '压顶fs', '0');
INSERT INTO `test_data` VALUES ('4d9402977fd04c90a64b79b0b1b1d333', '3', '4', '16166c3ecb954be0ad47159c087cd8af', '质量检查', '订', NULL, '1', '2019-05-29 19:32:17', '1', '2020-03-09 11:01:32', '质量检查', '1');
INSERT INTO `test_data` VALUES ('4da752d01e904cf691fd1e99563d5ef6', '3', '4', 'da2da01621b64be5a85b07a8c883228f', '11', '1', NULL, '1', '2019-03-14 09:16:48', '1', '2019-03-16 16:02:56', '1', '1');
INSERT INTO `test_data` VALUES ('50d5e030c4de489399cb058f7783f58d', '73f2b0a3b468414c8b84f0be71aa08ad', '110370caea594e7893b9c7a9f8edb73d', 'f762fb569d8445f28a226a9b831cfb90', 'scheduler', '', '2020-10-21', '1', '2020-10-21 13:44:06', '1', '2020-11-20 15:10:24', '', '0');
INSERT INTO `test_data` VALUES ('5175cc88b1c44c30925e441118f4d482', '1', '4', '1', 'sbww', '', NULL, '1', '2020-01-09 23:45:01', '1', '2020-03-24 15:36:41', 'sdaf', '0');
INSERT INTO `test_data` VALUES ('5236322296bb49e0bffc05ce6f747fb4', '1', '1', '1', '', '', NULL, '1', '2020-01-14 11:18:13', '1', '2020-01-16 20:57:10', '', '0');
INSERT INTO `test_data` VALUES ('54e1a54b6b1f4176a49d7cb9645a5e56', '1', '1', '1', 'asdasd', 'a', NULL, '1', '2020-01-10 08:57:55', '1', '2020-01-10 13:16:14', '', '0');
INSERT INTO `test_data` VALUES ('54e4f505335d4f0f990ca689df9a5c9e', '4', '73f2b0a3b468414c8b84f0be71aa08ad', '16166c3ecb954be0ad47159c087cd8af', 'test', '', NULL, '1', '2020-09-28 10:14:50', '1', '2020-10-14 17:18:48', '', '0');
INSERT INTO `test_data` VALUES ('56c57a28b5314ac7874f8aa9fa079c29', '4', '73f2b0a3b468414c8b84f0be71aa08ad', '015345144e9e40d6bbe832a9f1cba1f7', '李辉', '南', '2020-12-28', '1', '2020-12-30 17:15:59', '1', '2021-03-03 15:55:32', 'ddd', '0');
INSERT INTO `test_data` VALUES ('5bc87c3abb054ffbbd8b37ca7cc1430b', '3', '3', 'da2da01621b64be5a85b07a8c883228f', 'tessdfdf', 't', '2020-03-19', '1', '2020-03-19 13:28:35', '1', '2020-09-11 11:32:23', 'sdfdsf', '0');
INSERT INTO `test_data` VALUES ('5f01f025756442739383eb5100bd35a7', '3', '', '03f40aaafc5b4bcab788bca24e2581e6', '', '', NULL, '1', '2020-10-15 15:37:28', '1', '2020-10-15 15:37:28', '', '0');
INSERT INTO `test_data` VALUES ('67c875cab94b4ad6a2bcd5e2d1965871', 'ac1f0f2eda8042738b1ca021201e0e2f', 'ac1f0f2eda8042738b1ca021201e0e2f', '015345144e9e40d6bbe832a9f1cba1f7', '', '', NULL, '1', '2019-04-12 11:28:57', '1', '2019-04-12 11:28:57', '', '1');
INSERT INTO `test_data` VALUES ('6f1a13918eef41f68a7e12ceb6ae5f63', '3', '3', '1', '去微分全微分', '男', '2020-07-08', '1', '2020-07-08 10:23:01', '1', '2020-07-08 10:23:01', '去微分全微分', '0');
INSERT INTO `test_data` VALUES ('6f313437e7cd4c3da54be0ec2f296967', '3', '3', 'f762fb569d8445f28a226a9b831cfb90', '恩恩', '嘻', NULL, '1', '2020-01-06 13:32:11', '1', '2020-01-06 13:32:29', '', '0');
INSERT INTO `test_data` VALUES ('7205a712f6924ac3b099166d60e5c12c', '4', '5', 'da2da01621b64be5a85b07a8c883228f', '33333', '3', NULL, '1', '2021-01-18 15:08:01', '1', '2021-01-18 15:08:01', '3333', '0');
INSERT INTO `test_data` VALUES ('765125f4b06f4654ae26fc1095d2a019', '43f6a4a84e784e5e98b5b1c530bef73b', '3', 'f762fb569d8445f28a226a9b831cfb90', '智能客情', '', '2019-01-30', '1', '2019-01-28 15:26:36', '1', '2019-01-31 15:29:23', '', '1');
INSERT INTO `test_data` VALUES ('76faf8497fdd41bc8c40cb9b96018746', '1', '73f2b0a3b468414c8b84f0be71aa08ad', '2d54db064a124994b310c95d301338b0', '1', '1', '2021-01-25', '1', '2021-01-25 14:12:37', '1', '2021-01-27 10:18:10', '1', '0');
INSERT INTO `test_data` VALUES ('7b485d544ed443e4b4f071fd53a4139f', 'f3a7fb53be0448aaa7b3e20d81d58207', '', 'f762fb569d8445f28a226a9b831cfb90', '', '', NULL, '1', '2019-05-05 22:08:10', '1', '2019-05-05 22:08:10', '', '0');
INSERT INTO `test_data` VALUES ('7c0a0ccb7dbe4b76baaf8cb9afd83524', '56620c5ef567427c8debe68875c0eda2', '5', '015345144e9e40d6bbe832a9f1cba1f7', '', '', NULL, '1', '2019-01-31 15:29:41', '1', '2019-01-31 15:29:41', '', '1');
INSERT INTO `test_data` VALUES ('7ee9f3655fe44f33b1cdd632535ecb4d', '3', '4', 'f762fb569d8445f28a226a9b831cfb90', '', '', NULL, '1', '2020-02-17 23:20:17', '1', '2020-02-17 23:20:17', '', '1');
INSERT INTO `test_data` VALUES ('7f00483f1d574cfebe9990cdd0657435', '', '', '', '', '', NULL, '1', '2019-03-15 12:48:06', '1', '2019-03-15 12:48:06', '', '1');
INSERT INTO `test_data` VALUES ('7fee0929d23b4ea4bcf649a37c40b18c', '3', '4', '1', '111111donal', '男', NULL, '1', '2020-07-19 23:37:10', '1', '2020-07-20 13:25:47', '', '1');
INSERT INTO `test_data` VALUES ('81c0580ca73f4a808111c4a5a4bd4f33', '5', '73f2b0a3b468414c8b84f0be71aa08ad', '16166c3ecb954be0ad47159c087cd8af', '', '', NULL, '1', '2020-09-12 17:23:37', '1', '2020-09-12 17:23:37', '', '1');
INSERT INTO `test_data` VALUES ('868960b43ad74f1587d3f545ef4abbb2', '3', '5', 'da2da01621b64be5a85b07a8c883228f', 'ranger', '', '2020-05-26', '1', '2020-05-26 20:11:41', '1', '2020-07-03 15:06:33', '', '1');
INSERT INTO `test_data` VALUES ('882996ee70c44ab4b0333afdc5351e8c', 'a1694d423a444b6e932fe1a4cad11f53', 'a1694d423a444b6e932fe1a4cad11f53', 'da2da01621b64be5a85b07a8c883228f', 'test01', '', NULL, '1', '2019-04-12 11:32:44', '1', '2019-05-05 22:08:23', '', '0');
INSERT INTO `test_data` VALUES ('8d82e39ec4154f7487b9ac983abd021e', '56620c5ef567427c8debe68875c0eda2', '3', 'da2da01621b64be5a85b07a8c883228f', '系统监控', '1', '2019-03-06', '1', '2019-03-06 08:32:52', '1', '2019-04-01 21:22:15', '', '1');
INSERT INTO `test_data` VALUES ('94c2a8ba7e9b4dc7b9f608a4483bb971', '', '', '', '', '', NULL, '1', '2021-04-01 11:00:45', '1', '2021-04-01 11:00:45', '', '0');
INSERT INTO `test_data` VALUES ('957013aa02404a43a288853ec7716d61', '1', '3', 'da2da01621b64be5a85b07a8c883228f', '111', 'f', '2019-01-30', '1', '2019-01-30 16:24:42', '1', '2019-03-02 17:15:43', 'ff', '1');
INSERT INTO `test_data` VALUES ('96bcb3f942eb43d5b77e15981a2b2e4d', '4', '', '', '', '', NULL, '1', '2021-04-09 13:47:25', '1', '2021-04-09 13:47:25', '', '0');
INSERT INTO `test_data` VALUES ('96f28a141d2a4d759fed9a9a7721a855', '3', '73f2b0a3b468414c8b84f0be71aa08ad', 'da2da01621b64be5a85b07a8c883228f', 'test', '2', '2020-09-16', '1', '2020-07-14 17:59:12', '1', '2020-09-15 16:09:32', '2020-9-15', '1');
INSERT INTO `test_data` VALUES ('9aad743dfd214aa5be7d0c60ece302c2', '4', '4', '', '', '', NULL, '1', '2020-04-01 23:11:49', '1', '2020-04-01 23:11:49', '', '0');
INSERT INTO `test_data` VALUES ('9e6776cc39a1473cba0b280b41cbe988', '2', '5', '3fbaf3a3f58a47118f13976cb2e2544d', '北京', '', NULL, '1', '2019-04-03 13:42:22', '1', '2019-04-15 16:21:16', '', '0');
INSERT INTO `test_data` VALUES ('a58232169dd7418a9d62f88a19a49860', '', '3', 'da2da01621b64be5a85b07a8c883228f', '', '', NULL, '1', '2019-03-20 15:03:54', '1', '2019-03-25 00:17:49', '', '1');
INSERT INTO `test_data` VALUES ('ab44fc81912f4cafb7bf0856b266c026', 'a1694d423a444b6e932fe1a4cad11f53', '30808ed5d34f4e64b5d9d93ff0967f0d', '3fbaf3a3f58a47118f13976cb2e2544d', 'xxx', 'x', '2019-05-07', '1', '2019-05-07 16:52:31', '1', '2020-04-18 15:34:36', 'xxxxx', '0');
INSERT INTO `test_data` VALUES ('ac486c30ff394bc5bcf16ae2c11c7574', '3', '3', 'da2da01621b64be5a85b07a8c883228f', '代理专区', '', '2020-08-19', '1', '2020-08-11 18:00:32', '1', '2020-08-11 18:00:32', '', '1');
INSERT INTO `test_data` VALUES ('afe7545608304f05b79246285e05affc', '1', '5', 'f762fb569d8445f28a226a9b831cfb90', 'test_my', 'm', '2019-01-28', '1', '2019-01-28 18:01:20', '1', '2019-01-28 18:01:20', '', '1');
INSERT INTO `test_data` VALUES ('b1263ec2813a4ccdbebdc3060fe94c96', '3', '5', 'da2da01621b64be5a85b07a8c883228f', '', '', NULL, '1', '2019-03-26 17:49:46', '1', '2019-03-26 17:49:46', '', '1');
INSERT INTO `test_data` VALUES ('b714a70961564d2b9b20556f06817df4', '1', '3', 'da2da01621b64be5a85b07a8c883228f', '', '', NULL, '1', '2019-01-14 09:52:38', '1', '2019-01-14 09:52:38', '', '1');
INSERT INTO `test_data` VALUES ('b9d4729fefd94b7785569e3f63bae67f', '3', '4', 'f762fb569d8445f28a226a9b831cfb90', 'Test11', '女', NULL, '1', '2020-07-09 16:30:14', '1', '2020-07-16 13:38:12', '11', '1');
INSERT INTO `test_data` VALUES ('ba7c670abe4a49d1af8ded2256810f36', '56620c5ef567427c8debe68875c0eda2', '5', '1', '', 'a', '2019-01-08', '1', '2019-01-08 16:12:42', '1', '2019-01-10 19:00:11', 'aaaaaaa', '1');
INSERT INTO `test_data` VALUES ('bbd94222359142af97c01e5f9920ea32', '56620c5ef567427c8debe68875c0eda2', '4', '3fbaf3a3f58a47118f13976cb2e2544d', '改革', '', '2019-01-02', '1', '2019-01-02 11:10:22', '1', '2019-01-24 16:55:50', '', '1');
INSERT INTO `test_data` VALUES ('c59589dba7fd454bb73593f8d692b07c', '', '', '', '', '', NULL, '1', '2019-06-01 15:26:57', '1', '2019-06-01 15:26:57', '', '0');
INSERT INTO `test_data` VALUES ('cae0e3f27fd54a9f91645d4d503cbb78', '4', '3', 'da2da01621b64be5a85b07a8c883228f', 'ccc', '1', '2019-03-18', '1', '2019-03-18 18:10:02', '1', '2019-03-19 22:42:52', '', '1');
INSERT INTO `test_data` VALUES ('d0720dc8560f4789a6e9399ac14fba27', '4', '05d6c304d4be45cdbbd561793687cbce', 'da2da01621b64be5a85b07a8c883228f', '李辉', '', '2020-12-30', '1', '2020-12-30 17:01:48', '1', '2020-12-30 17:14:31', '', '0');
INSERT INTO `test_data` VALUES ('d4df25cb179b4e158c6f0e38342c67aa', '3', '4', 'da2da01621b64be5a85b07a8c883228f', '88', '', NULL, '1', '2020-01-17 17:22:23', '1', '2020-01-17 17:22:43', '', '0');
INSERT INTO `test_data` VALUES ('d6ea1f769f8a4c36b58a77eab42878d2', '', '', '', '', '', NULL, '1', '2020-04-18 15:34:51', '1', '2020-04-18 15:34:51', '', '0');
INSERT INTO `test_data` VALUES ('d9d8e6d224824dee85ca36c25692293f', '4', '5', '015345144e9e40d6bbe832a9f1cba1f7', 'ab', '', NULL, '1', '2020-04-28 16:59:41', '1', '2020-05-07 09:27:49', '', '0');
INSERT INTO `test_data` VALUES ('dd4b760594de4228ab01c48f508e6994', '1', '1', '1', '啊啊', 'n', '2019-05-05', '1', '2019-05-05 18:17:01', '1', '2019-05-05 18:17:01', 'sdaf', '0');
INSERT INTO `test_data` VALUES ('e23aaff915f24192a37bc7f7fb5d8dc7', '3', '', 'da2da01621b64be5a85b07a8c883228f', '', '', NULL, '1', '2020-10-21 17:29:10', '1', '2020-10-22 11:11:23', '', '0');
INSERT INTO `test_data` VALUES ('e3391cb15ebb4562874bbac1fb30da12', '1', '4', '', '00826622', '', NULL, '1', '2019-01-30 15:40:41', '1', '2019-01-30 15:40:41', '', '1');
INSERT INTO `test_data` VALUES ('e55163dab0e74737968584bc6c2d7507', '43f6a4a84e784e5e98b5b1c530bef73b', '3', 'da2da01621b64be5a85b07a8c883228f', '', '', '2019-01-02', '1', '2019-01-02 13:07:00', '1', '2019-01-02 13:07:00', '', '1');
INSERT INTO `test_data` VALUES ('e5ced960dabe403e880706695fd44c4b', '3', '3', 'f762fb569d8445f28a226a9b831cfb90', 'FF', '男', '2019-05-16', '1', '2019-05-16 15:29:04', '1', '2019-05-16 15:29:25', '水电费', '1');
INSERT INTO `test_data` VALUES ('e74d0a99dbff4659a818b250199f00e2', '56620c5ef567427c8debe68875c0eda2', '3', 'f762fb569d8445f28a226a9b831cfb90', '111', '男', '2019-02-21', '1', '2019-02-21 16:12:32', '1', '2019-02-25 09:45:56', 'd', '1');
INSERT INTO `test_data` VALUES ('e8c2498a430347ca93973ab1b7ea4e5d', '4', '3', 'd36735ce07044a49ad205854fb2ca078', '阿萨德', '是', '2020-05-05', '1', '2020-05-05 16:50:54', '1', '2020-05-05 16:50:54', '阿达', '1');
INSERT INTO `test_data` VALUES ('eeeb2b0609004030a1e6a4333bbc362a', '4', '', '', 'tablestruct', '', NULL, '1', '2020-12-27 22:21:20', '1', '2020-12-27 22:21:20', '', '1');
INSERT INTO `test_data` VALUES ('f67da4bbbb7648148285897c0e41c88d', '', '', '', '', '', NULL, '1', '2019-05-29 12:19:29', '1', '2019-05-29 12:19:29', '', '1');
INSERT INTO `test_data` VALUES ('fe4b265a02ac481d8a83cfdb4b5e2b38', '4', '1', '1', 'test', '', NULL, '1', '2020-01-13 16:49:53', '1', '2020-03-10 18:05:14', '', '0');

-- ----------------------------
-- Table structure for test_data_child
-- ----------------------------
DROP TABLE IF EXISTS `test_data_child`;
CREATE TABLE `test_data_child`  (
  `id` varchar(64) CHARACTER SET utf8 COLLATE utf8_bin NOT NULL COMMENT '编号',
  `test_data_main_id` varchar(64) CHARACTER SET utf8 COLLATE utf8_bin NULL DEFAULT NULL COMMENT '业务主表ID',
  `name` varchar(100) CHARACTER SET utf8 COLLATE utf8_bin NULL DEFAULT NULL COMMENT '名称',
  `create_by` varchar(64) CHARACTER SET utf8 COLLATE utf8_bin NOT NULL COMMENT '创建者',
  `create_date` datetime(0) NOT NULL COMMENT '创建时间',
  `update_by` varchar(64) CHARACTER SET utf8 COLLATE utf8_bin NOT NULL COMMENT '更新者',
  `update_date` datetime(0) NOT NULL COMMENT '更新时间',
  `remarks` varchar(255) CHARACTER SET utf8 COLLATE utf8_bin NULL DEFAULT NULL COMMENT '备注信息',
  `del_flag` char(1) CHARACTER SET utf8 COLLATE utf8_bin NOT NULL DEFAULT '0' COMMENT '删除标记',
  PRIMARY KEY (`id`) USING BTREE,
  INDEX `test_data_child_del_flag`(`del_flag`) USING BTREE
) ENGINE = InnoDB CHARACTER SET = utf8 COLLATE = utf8_bin COMMENT = '业务数据子表' ROW_FORMAT = COMPACT;

-- ----------------------------
-- Records of test_data_child
-- ----------------------------
INSERT INTO `test_data_child` VALUES ('01486928eb214626b6d2289c37e4af65', '8d312ac090e14a2ba79c3cd9d4bc53c8', 'ewewe', '1', '2020-01-10 13:35:15', '1', '2020-01-10 13:35:15', '', '1');
INSERT INTO `test_data_child` VALUES ('0762990f4c2347149a3f64dd74e4892d', 'cf0ca8a9fbb142cc826d2af75164fdc3', 'dsfdf', '1', '2019-04-01 13:10:29', '1', '2019-04-01 13:10:29', 'gfgf', '0');
INSERT INTO `test_data_child` VALUES ('0acee39e48c24b25a7f1e557443bb2a7', NULL, '是的', '1', '2021-03-04 09:13:28', '1', '2021-03-04 09:13:47', 'sxced', '0');
INSERT INTO `test_data_child` VALUES ('0cebe5ebe21a4e8db4cc73d4609677d0', NULL, '', '1', '2020-02-23 21:19:46', '1', '2020-05-05 17:15:46', '', '0');
INSERT INTO `test_data_child` VALUES ('0fec8507383444d7b6b3cd0d0d8c2817', NULL, '12121', '1', '2019-04-13 14:16:47', '1', '2019-06-04 15:33:06', '1212', '0');
INSERT INTO `test_data_child` VALUES ('1f07cf18af4e4a98a1c205b1294ee6fc', '4d904125b2eb48818553dd19461713ab', 'test', '1', '2020-12-22 00:32:10', '1', '2020-12-22 00:32:10', '', '0');
INSERT INTO `test_data_child` VALUES ('2357df346f1642d99a15a49e1be09cfb', '40a0fd9625e742f19e310a9469341260', 'aaabb', '1', '2019-01-04 15:59:34', '1', '2019-01-04 15:59:34', 'abbb', '1');
INSERT INTO `test_data_child` VALUES ('243fc747b61e42fcaa04376e16c5d9dd', '40a0fd9625e742f19e310a9469341260', 'a', '1', '2020-05-21 10:27:06', '1', '2020-05-21 10:27:06', '', '1');
INSERT INTO `test_data_child` VALUES ('2ae73764e7b84f4292218d18ad87b8de', 'f9422e63fcc94319a8e2cbb0b53a1120', '', '1', '2019-02-25 16:53:58', '1', '2019-02-25 16:53:58', '', '1');
INSERT INTO `test_data_child` VALUES ('2bfbe0ee6af04db5a4749bdffc3e2306', '866d1be0007b4c919bace1a6e9ef77ac', 'dd', '1', '2020-07-27 10:23:00', '1', '2020-07-27 10:23:00', 'd', '0');
INSERT INTO `test_data_child` VALUES ('2f76a1e40f0a473eb3c1db56e66a3c96', 'ef4caac803664a67a0693b25ae1352ec', '', '1', '2020-04-29 07:51:36', '1', '2020-04-29 07:51:36', '', '0');
INSERT INTO `test_data_child` VALUES ('37dc8a5499754a53b4a05a582167b8e7', '832c429504574bb39b2f42a5f7c1e33d', '订单', '1', '2021-03-04 09:13:47', '1', '2021-03-04 09:13:47', 'dd', '0');
INSERT INTO `test_data_child` VALUES ('3a0b078939154c02a56be126c38b9a4c', '2298e9fe6bcc47db9707f308d02414cf', '2222', '1', '2019-03-20 17:57:39', '1', '2019-03-20 17:57:39', '2222', '0');
INSERT INTO `test_data_child` VALUES ('3e425fcb69de4bdeaf1293bde7920899', NULL, '123123', '1', '2019-04-13 14:16:47', '1', '2019-06-04 15:33:06', '123123', '0');
INSERT INTO `test_data_child` VALUES ('40122aace3044a46afdf14d7e44fddec', NULL, '1', '1', '2019-03-25 10:36:33', '1', '2020-05-19 23:13:43', '1', '0');
INSERT INTO `test_data_child` VALUES ('40844af4b30d4da6b89a57abdcda676a', NULL, '123123', '1', '2019-04-13 14:16:47', '1', '2019-06-04 15:33:06', '1231231', '0');
INSERT INTO `test_data_child` VALUES ('426faa28150b45d6947a26c0b1f00946', NULL, 'x', '1', '2020-05-21 10:27:06', '1', '2020-05-21 10:27:19', '', '0');
INSERT INTO `test_data_child` VALUES ('468a17070616426dbd8bad5eaa3e3051', '5f85e2b58914492096f487c7f9c6021e', 'ADSFSDGF', '1', '2021-03-27 14:40:17', '1', '2021-03-27 14:40:17', '', '0');
INSERT INTO `test_data_child` VALUES ('4bd2b735a42b478eaa2423f41de079d0', NULL, '收到', '1', '2019-02-25 16:56:11', '1', '2019-03-25 10:36:33', 'asfd', '0');
INSERT INTO `test_data_child` VALUES ('4ea3065da8ea4d3eba50403cf2c29972', NULL, 'werw', '1', '2019-01-21 09:20:52', '1', '2019-02-25 16:56:37', '44', '0');
INSERT INTO `test_data_child` VALUES ('4fd234bb5ba147cf8103ab5e97ff0a08', NULL, '333', '1', '2019-01-05 21:49:14', '1', '2019-01-05 21:55:37', '444', '0');
INSERT INTO `test_data_child` VALUES ('57e03ba66d3f43149b5d3683ae59bf68', '012a96dea26f428aa8052072292c2a87', '111', '1', '2020-02-23 21:19:55', '1', '2020-02-23 21:19:55', '', '0');
INSERT INTO `test_data_child` VALUES ('5ad9527740534f518fd03df5504e8311', '8f7f90c21d7248a6a9f231b904b04d39', '', '1', '2019-03-03 19:49:38', '1', '2019-03-03 19:49:38', '', '0');
INSERT INTO `test_data_child` VALUES ('5b238dd8864a4afcb376936591dc373e', '135e474961044a42b1d480c7dfe816f0', '是', '1', '2019-02-25 16:56:50', '1', '2019-02-25 16:56:50', '2222', '0');
INSERT INTO `test_data_child` VALUES ('5c393aca623f49b9badf54ff44463fb6', NULL, 'testtbl1', '1', '2019-01-11 18:15:43', '1', '2019-01-21 09:20:52', '', '0');
INSERT INTO `test_data_child` VALUES ('602c718de7e64281a5d72845aa5348ed', '8f7f90c21d7248a6a9f231b904b04d39', '', '1', '2019-03-03 19:49:38', '1', '2019-03-03 19:49:38', '', '0');
INSERT INTO `test_data_child` VALUES ('609adb32576748539919acf48e902d3d', NULL, '测试子表', '1', '2019-02-25 16:53:58', '1', '2019-02-25 16:56:22', '', '0');
INSERT INTO `test_data_child` VALUES ('68fd0ae27b3b47c0a90d188b290a8384', '1aa274239ae040acac49e132de1eeb0d', '地方三房', '1', '2019-03-15 14:40:45', '1', '2019-03-15 14:40:45', '发送', '0');
INSERT INTO `test_data_child` VALUES ('69fc87de0f31404dae0c3c793101243d', NULL, 'wwwwwwwwwww', '1', '2021-02-25 16:24:22', '1', '2021-03-04 09:13:28', 'ddd', '0');
INSERT INTO `test_data_child` VALUES ('6c4be2cc266c44baa087d6a71dfee9e2', NULL, 'wre', '1', '2019-01-07 13:35:47', '1', '2019-01-08 11:53:29', 'ewr', '0');
INSERT INTO `test_data_child` VALUES ('6cbf4b86873840c08954387b3898084d', NULL, 'rwerw', '1', '2019-01-07 13:35:47', '1', '2019-01-08 11:53:29', 'erwewr', '0');
INSERT INTO `test_data_child` VALUES ('6ef7e924ed704747a0e8c5473f152f0a', NULL, '', '1', '2019-01-29 19:13:09', '1', '2019-01-30 22:06:05', '', '0');
INSERT INTO `test_data_child` VALUES ('75b9a6dd4f28482fb56c8021ec749197', '0514f4e253f645e680e7acf9ad9c4bef', '', '1', '2019-04-02 09:50:58', '1', '2019-04-02 09:50:58', '', '1');
INSERT INTO `test_data_child` VALUES ('7b5cd906a16c42cb91cdb725fe053df3', 'f9422e63fcc94319a8e2cbb0b53a1120', '', '1', '2020-06-24 11:32:53', '1', '2020-06-24 11:32:53', '', '1');
INSERT INTO `test_data_child` VALUES ('87dc993eb5264f66be64d253e5fa6933', '40a0fd9625e742f19e310a9469341260', '123213', '1', '2019-02-25 16:53:08', '1', '2019-02-25 16:53:08', '21421313213', '1');
INSERT INTO `test_data_child` VALUES ('89d2e2e7ed214dc094bf6cedc711148c', NULL, '222222', '1', '2019-03-03 19:49:58', '1', '2020-06-24 11:32:53', '22222', '0');
INSERT INTO `test_data_child` VALUES ('9b9b80c449904d1db187cccd3f01db04', '0514f4e253f645e680e7acf9ad9c4bef', '', '1', '2019-04-02 09:50:58', '1', '2019-04-02 09:50:58', '', '1');
INSERT INTO `test_data_child` VALUES ('9d07afa60621490fa665dc78ec4f2059', NULL, '', '1', '2021-02-02 17:10:58', '1', '2021-02-23 18:24:10', '', '0');
INSERT INTO `test_data_child` VALUES ('a1e907508a8d4502a84cb27d2bf0a260', NULL, '11', '1', '2019-04-08 21:21:02', '1', '2019-05-19 15:38:43', '11', '0');
INSERT INTO `test_data_child` VALUES ('a29be038d7634c1cba8f9c16de7c6cc4', '832c429504574bb39b2f42a5f7c1e33d', '444', '1', '2020-01-07 22:06:56', '1', '2020-01-07 22:06:56', '45646456', '1');
INSERT INTO `test_data_child` VALUES ('a6b8d00d29664df99bf6dbecb08f719b', 'c557c0a63c854975beed9ec276129b3f', 'sfsadf', '1', '2019-01-02 12:28:28', '1', '2019-01-02 12:28:28', 'sadf', '1');
INSERT INTO `test_data_child` VALUES ('ac867b797617426a8c323db85d5bf5a5', NULL, '2', '1', '2020-05-19 23:13:43', '1', '2020-05-19 23:14:04', '2', '0');
INSERT INTO `test_data_child` VALUES ('ae53651e705449a0b14d49a53fd38184', NULL, '22222', '1', '2019-03-03 19:49:58', '1', '2020-06-24 11:32:53', '2222222222', '0');
INSERT INTO `test_data_child` VALUES ('b49de329fb6f4663b026576eab6cb729', NULL, '111', '1', '2019-01-05 21:49:14', '1', '2019-01-05 21:55:37', '222', '0');
INSERT INTO `test_data_child` VALUES ('b4d0a97e71fb472b89a99948bd7820df', '72416d03367448ac9298f2f80573c4fb', '', '1', '2019-02-26 14:57:14', '1', '2019-02-26 14:57:14', '', '0');
INSERT INTO `test_data_child` VALUES ('b616f755ff89413482dad12bfa61a167', NULL, 'asfd', '1', '2019-02-25 16:56:37', '1', '2019-02-25 16:56:50', 'sdf', '0');
INSERT INTO `test_data_child` VALUES ('b625ca6764cb4a179e478eb64eab5b18', 'f9422e63fcc94319a8e2cbb0b53a1120', '', '1', '2020-06-24 11:32:53', '1', '2020-06-24 11:32:53', '', '1');
INSERT INTO `test_data_child` VALUES ('b7a0e143c155407588fece3039360ded', 'cf0ca8a9fbb142cc826d2af75164fdc3', 'fdsfd', '1', '2019-04-01 13:10:29', '1', '2019-04-01 13:10:29', 'dfsdf', '0');
INSERT INTO `test_data_child` VALUES ('bc255e7347004fb2816d1962c0cff9f9', '40a0fd9625e742f19e310a9469341260', 'zzz', '1', '2020-05-21 10:27:39', '1', '2020-05-21 10:27:39', '', '0');
INSERT INTO `test_data_child` VALUES ('be693b17d3214f5dbb4285e07d1fd3aa', NULL, '', '1', '2019-01-29 19:13:09', '1', '2019-01-30 22:06:05', '', '0');
INSERT INTO `test_data_child` VALUES ('bf2028ae232647b39f117e7a121aed6f', '72416d03367448ac9298f2f80573c4fb', '', '1', '2019-02-26 14:57:14', '1', '2019-02-26 14:57:14', '', '0');
INSERT INTO `test_data_child` VALUES ('c00d88eb0eea4bd496cce09b4c5e6025', 'cf0ca8a9fbb142cc826d2af75164fdc3', 'dsfsd', '1', '2019-04-01 13:10:29', '1', '2019-04-01 13:10:29', 'sdfsdfsd', '0');
INSERT INTO `test_data_child` VALUES ('c048e370336e41bb92c7f45791aa4872', NULL, 'erwrw', '1', '2019-01-07 13:35:47', '1', '2019-01-08 11:53:29', 'rewrew', '0');
INSERT INTO `test_data_child` VALUES ('c158cac7869b449c961c550aedd2ce70', 'b062e2047e3a45a6af8283cd90a5ab6d', '现金流量表', '1', '2021-01-21 14:38:38', '1', '2021-01-21 14:38:38', '无', '0');
INSERT INTO `test_data_child` VALUES ('c264f20204c04f7fbe1cd96e80e11f47', NULL, 'ddd', '1', '2019-01-30 22:06:05', '1', '2019-02-25 09:46:11', 'ddd', '0');
INSERT INTO `test_data_child` VALUES ('c667ed8e906f45939a9479919b34dadb', NULL, '3', '1', '2020-05-19 23:13:43', '1', '2020-05-19 23:14:04', '3', '0');
INSERT INTO `test_data_child` VALUES ('c7cda1f2e6b444afa68f78970b32d77d', '2298e9fe6bcc47db9707f308d02414cf', '11111', '1', '2019-03-20 17:57:39', '1', '2019-03-20 17:57:39', '11111', '0');
INSERT INTO `test_data_child` VALUES ('c9988aa5a78042e5aa51a34996006adb', '82331375175a4a8ebddc0aa11c09fc02', '', '1', '2019-04-19 14:03:21', '1', '2019-04-19 14:03:21', '', '0');
INSERT INTO `test_data_child` VALUES ('cabcc5a83b6841f2aed8832ee03329f3', NULL, 'dd', '1', '2021-02-25 16:24:22', '1', '2021-03-04 09:13:28', 'dd', '0');
INSERT INTO `test_data_child` VALUES ('cf0aafe91b8a4dc4b352c8425873e7a5', '15f11e500d164a20be16e909bdd8234e', '', '1', '2020-11-11 23:35:42', '1', '2020-11-11 23:35:42', '', '0');
INSERT INTO `test_data_child` VALUES ('cf664108e25343ada1cef9185510dbcb', NULL, '', '1', '2020-02-23 21:19:46', '1', '2020-05-05 17:15:46', '', '0');
INSERT INTO `test_data_child` VALUES ('da097b02c67640c88f51ddab62f6097a', NULL, '', '1', '2019-03-07 16:52:52', '1', '2019-03-15 14:40:17', '', '0');
INSERT INTO `test_data_child` VALUES ('e09ddbd55180465f9a8ab4dc8e6fd990', '838616e721d440c88c56605aee981c99', '', '1', '2019-01-07 09:40:27', '1', '2019-01-07 09:40:27', '', '1');
INSERT INTO `test_data_child` VALUES ('e16b8a74f041458e9f503b5c7922a739', '866d1be0007b4c919bace1a6e9ef77ac', 'ddfff', '1', '2020-07-27 10:23:00', '1', '2020-07-27 10:23:00', 'fff', '0');
INSERT INTO `test_data_child` VALUES ('e1ada6eb1b004e5da5df693b4b02a3c9', 'f9422e63fcc94319a8e2cbb0b53a1120', '', '1', '2019-02-25 16:53:58', '1', '2019-02-25 16:53:58', '', '1');
INSERT INTO `test_data_child` VALUES ('e25c048833974c4ca4908c00caaaa299', NULL, '', '1', '2019-03-03 19:49:58', '1', '2020-06-24 11:32:53', '', '0');
INSERT INTO `test_data_child` VALUES ('e34c9992ae864551abc7473baf3e174e', NULL, 'a', '1', '2020-05-21 10:27:06', '1', '2020-05-21 10:27:19', '', '0');
INSERT INTO `test_data_child` VALUES ('e4f228d237204430a18eeea8101c7a1f', '40a0fd9625e742f19e310a9469341260', 'bbbbcc', '1', '2019-01-04 15:59:34', '1', '2019-01-04 15:59:34', 'ccdd', '1');
INSERT INTO `test_data_child` VALUES ('e853549c46154b07b1d62085958e21d4', '8d312ac090e14a2ba79c3cd9d4bc53c8', 'wwww', '1', '2020-01-10 13:35:15', '1', '2020-01-10 13:35:15', '', '1');
INSERT INTO `test_data_child` VALUES ('f1c77a564b924e948ab5c193aab3b27d', NULL, 'werw', '1', '2019-01-21 09:20:42', '1', '2019-01-26 10:53:42', 'aew', '0');
INSERT INTO `test_data_child` VALUES ('f5c7be0c8f2740dc82004d08fc596ecc', '012a96dea26f428aa8052072292c2a87', '222', '1', '2020-02-23 21:19:56', '1', '2020-02-23 21:19:56', '', '0');
INSERT INTO `test_data_child` VALUES ('f65f6099f4db4f6aac5dfda733f8697f', '8f7f90c21d7248a6a9f231b904b04d39', '', '1', '2019-03-03 19:49:38', '1', '2019-03-03 19:49:38', '', '0');
INSERT INTO `test_data_child` VALUES ('fc4114fd1b8b4cd2aac56c4ce202247b', NULL, '11', '1', '2019-04-08 21:21:02', '1', '2019-05-19 15:38:43', '111', '0');
INSERT INTO `test_data_child` VALUES ('ffebe89e782440e5bf5009e5dc646cc1', NULL, '222222', '1', '2019-03-03 19:49:58', '1', '2020-06-24 11:32:53', '2222', '0');

-- ----------------------------
-- Table structure for test_data_main
-- ----------------------------
DROP TABLE IF EXISTS `test_data_main`;
CREATE TABLE `test_data_main`  (
  `id` varchar(64) CHARACTER SET utf8 COLLATE utf8_bin NOT NULL COMMENT '编号',
  `user_id` varchar(64) CHARACTER SET utf8 COLLATE utf8_bin NULL DEFAULT NULL COMMENT '归属用户',
  `office_id` varchar(64) CHARACTER SET utf8 COLLATE utf8_bin NULL DEFAULT NULL COMMENT '归属部门',
  `area_id` varchar(64) CHARACTER SET utf8 COLLATE utf8_bin NULL DEFAULT NULL COMMENT '归属区域',
  `name` varchar(100) CHARACTER SET utf8 COLLATE utf8_bin NULL DEFAULT NULL COMMENT '名称',
  `sex` char(1) CHARACTER SET utf8 COLLATE utf8_bin NULL DEFAULT NULL COMMENT '性别',
  `in_date` date NULL DEFAULT NULL COMMENT '加入日期',
  `create_by` varchar(64) CHARACTER SET utf8 COLLATE utf8_bin NOT NULL COMMENT '创建者',
  `create_date` datetime(0) NOT NULL COMMENT '创建时间',
  `update_by` varchar(64) CHARACTER SET utf8 COLLATE utf8_bin NOT NULL COMMENT '更新者',
  `update_date` datetime(0) NOT NULL COMMENT '更新时间',
  `remarks` varchar(255) CHARACTER SET utf8 COLLATE utf8_bin NULL DEFAULT NULL COMMENT '备注信息',
  `del_flag` char(1) CHARACTER SET utf8 COLLATE utf8_bin NOT NULL DEFAULT '0' COMMENT '删除标记',
  PRIMARY KEY (`id`) USING BTREE,
  INDEX `test_data_main_del_flag`(`del_flag`) USING BTREE
) ENGINE = InnoDB CHARACTER SET = utf8 COLLATE = utf8_bin COMMENT = '业务数据表' ROW_FORMAT = COMPACT;

-- ----------------------------
-- Records of test_data_main
-- ----------------------------
INSERT INTO `test_data_main` VALUES ('012a96dea26f428aa8052072292c2a87', '', '', '', '', '', NULL, '1', '2020-02-23 21:19:55', '1', '2020-02-23 21:19:55', '', '0');
INSERT INTO `test_data_main` VALUES ('0514f4e253f645e680e7acf9ad9c4bef', '', '', '', '', '', '2019-05-19', '1', '2019-04-02 09:50:58', '1', '2019-05-19 15:38:43', '', '0');
INSERT INTO `test_data_main` VALUES ('135e474961044a42b1d480c7dfe816f0', '3', '4', 'f762fb569d8445f28a226a9b831cfb90', '站点', '难', '2019-01-05', '1', '2019-01-05 21:49:14', '1', '2019-02-25 16:56:50', '', '0');
INSERT INTO `test_data_main` VALUES ('15f11e500d164a20be16e909bdd8234e', '5', '4', 'e7962a0174174050be08b630f0c5bc8f', 'sss', 'n', '2020-11-11', '1', '2020-11-11 23:35:42', '1', '2020-11-11 23:35:42', '', '0');
INSERT INTO `test_data_main` VALUES ('1aa274239ae040acac49e132de1eeb0d', '1', '3', 'da2da01621b64be5a85b07a8c883228f', '', '', NULL, '1', '2019-03-07 16:52:52', '1', '2019-03-15 14:40:45', '', '0');
INSERT INTO `test_data_main` VALUES ('2298e9fe6bcc47db9707f308d02414cf', '', '', '', '', '', NULL, '1', '2019-03-20 17:57:39', '1', '2019-03-20 17:57:39', '', '0');
INSERT INTO `test_data_main` VALUES ('40a0fd9625e742f19e310a9469341260', '68225048f4b7465293feb9779448d0af', '5', '3fbaf3a3f58a47118f13976cb2e2544d', 'df', 'a', '2019-01-04', '1', '2019-01-04 15:59:34', '1', '2020-05-21 10:27:39', 'aaa', '0');
INSERT INTO `test_data_main` VALUES ('4d904125b2eb48818553dd19461713ab', '', '', '', '', '', NULL, '1', '2020-12-22 00:32:10', '1', '2020-12-22 00:32:10', '', '0');
INSERT INTO `test_data_main` VALUES ('5f85e2b58914492096f487c7f9c6021e', '', '', '', '', '', NULL, '1', '2021-03-27 14:40:17', '1', '2021-03-27 14:40:17', '', '0');
INSERT INTO `test_data_main` VALUES ('72416d03367448ac9298f2f80573c4fb', '', '', '', '', '', NULL, '1', '2019-02-26 14:57:14', '1', '2019-02-26 14:57:14', '', '0');
INSERT INTO `test_data_main` VALUES ('82331375175a4a8ebddc0aa11c09fc02', '', '', '', '', '', NULL, '1', '2019-04-19 14:03:21', '1', '2019-04-19 14:03:21', '', '0');
INSERT INTO `test_data_main` VALUES ('832c429504574bb39b2f42a5f7c1e33d', '3', '3', 'da2da01621b64be5a85b07a8c883228f', 'wwwwwwwwwww', 'a', '2019-04-13', '1', '2019-04-13 14:16:47', '1', '2021-03-04 09:13:47', 'dfdfs', '0');
INSERT INTO `test_data_main` VALUES ('838616e721d440c88c56605aee981c99', '', '', '', '', '', NULL, '1', '2019-01-07 09:40:27', '1', '2019-01-07 09:40:27', '', '1');
INSERT INTO `test_data_main` VALUES ('866d1be0007b4c919bace1a6e9ef77ac', '4', '5', '16166c3ecb954be0ad47159c087cd8af', '', 'd', '2020-07-27', '1', '2020-07-27 10:23:00', '1', '2020-07-27 10:23:00', 'dd', '0');
INSERT INTO `test_data_main` VALUES ('8d312ac090e14a2ba79c3cd9d4bc53c8', '', '', '', '', '', NULL, '1', '2020-01-10 13:35:15', '1', '2020-01-10 13:35:15', '', '1');
INSERT INTO `test_data_main` VALUES ('8f7f90c21d7248a6a9f231b904b04d39', '', '', '', '', '', NULL, '1', '2019-03-03 19:49:38', '1', '2019-03-03 19:49:38', '', '0');
INSERT INTO `test_data_main` VALUES ('b062e2047e3a45a6af8283cd90a5ab6d', '', '', '', '', '', NULL, '1', '2021-01-21 14:38:38', '1', '2021-01-21 14:38:38', '', '0');
INSERT INTO `test_data_main` VALUES ('bf07d5f74023446db5b070e25bbdae26', '4', '3', 'f762fb569d8445f28a226a9b831cfb90', '', 'a', NULL, '1', '2019-01-02 12:28:49', '1', '2019-01-02 17:27:17', 'asdf', '1');
INSERT INTO `test_data_main` VALUES ('c557c0a63c854975beed9ec276129b3f', '', '', '', '', '', NULL, '1', '2019-01-02 12:28:28', '1', '2019-01-02 12:28:28', '', '1');
INSERT INTO `test_data_main` VALUES ('ccd6f2f4e93d47f38d299c520ad6979b', '', '', '', '', '', NULL, '1', '2019-12-19 11:49:43', '1', '2019-12-19 11:49:43', '', '1');
INSERT INTO `test_data_main` VALUES ('cf0ca8a9fbb142cc826d2af75164fdc3', '3', '30808ed5d34f4e64b5d9d93ff0967f0d', '3fbaf3a3f58a47118f13976cb2e2544d', '', '', NULL, '1', '2019-04-01 13:10:29', '1', '2019-04-01 13:10:29', '', '0');
INSERT INTO `test_data_main` VALUES ('ef4caac803664a67a0693b25ae1352ec', '', '', '', '', '', NULL, '1', '2020-04-29 07:51:36', '1', '2020-04-29 07:51:36', '', '0');
INSERT INTO `test_data_main` VALUES ('f9422e63fcc94319a8e2cbb0b53a1120', '171eb600266c4d32998c7265a20a8648', '5', 'f762fb569d8445f28a226a9b831cfb90', '测试', '', '2019-02-25', '1', '2019-02-25 16:53:58', '1', '2020-06-24 11:32:53', '测试主子', '1');

-- ----------------------------
-- Table structure for test_tree
-- ----------------------------
DROP TABLE IF EXISTS `test_tree`;
CREATE TABLE `test_tree`  (
  `id` varchar(64) CHARACTER SET utf8 COLLATE utf8_bin NOT NULL COMMENT '编号',
  `parent_id` varchar(64) CHARACTER SET utf8 COLLATE utf8_bin NOT NULL COMMENT '父级编号',
  `parent_ids` varchar(2000) CHARACTER SET utf8 COLLATE utf8_bin NOT NULL COMMENT '所有父级编号',
  `name` varchar(100) CHARACTER SET utf8 COLLATE utf8_bin NULL DEFAULT NULL COMMENT '名称',
  `sort` decimal(10, 0) NULL DEFAULT NULL COMMENT '排序',
  `tree_leaf` char(1) CHARACTER SET utf8 COLLATE utf8_bin NULL DEFAULT NULL COMMENT '是否树形叶子节点（0:不是,1:是）',
  `tree_level` decimal(4, 0) NULL DEFAULT NULL COMMENT '树形层级(0:根级)',
  `create_by` varchar(64) CHARACTER SET utf8 COLLATE utf8_bin NOT NULL COMMENT '创建者',
  `create_date` datetime(0) NOT NULL COMMENT '创建时间',
  `update_by` varchar(64) CHARACTER SET utf8 COLLATE utf8_bin NOT NULL COMMENT '更新者',
  `update_date` datetime(0) NOT NULL COMMENT '更新时间',
  `remarks` varchar(255) CHARACTER SET utf8 COLLATE utf8_bin NULL DEFAULT NULL COMMENT '备注信息',
  `del_flag` char(1) CHARACTER SET utf8 COLLATE utf8_bin NOT NULL DEFAULT '0' COMMENT '删除标记',
  PRIMARY KEY (`id`) USING BTREE,
  INDEX `test_tree_del_flag`(`del_flag`) USING BTREE,
  INDEX `test_data_parent_id`(`parent_id`) USING BTREE
) ENGINE = InnoDB CHARACTER SET = utf8 COLLATE = utf8_bin COMMENT = '树结构表' ROW_FORMAT = COMPACT;

-- ----------------------------
-- Records of test_tree
-- ----------------------------
INSERT INTO `test_tree` VALUES ('0e5f08e37f354783b83d4c12292bb8ce', '0', '0,', 'asdf', 30, '0', 0, '1', '2019-01-10 21:44:15', '1', '2020-10-21 15:58:21', '', '0');
INSERT INTO `test_tree` VALUES ('1f334deed0e547f2bb9494ed8109049c', '57ed111d394b4fe49762265078aa080c', '0,8b68dda1a112488ba29a07a311e8ff21,57ed111d394b4fe49762265078aa080c,', 'asfsad', 30, '1', 2, '1', '2020-08-12 13:58:16', '1', '2020-08-12 13:58:16', '', '0');
INSERT INTO `test_tree` VALUES ('219b2b960041419db042fdc8e22e5fff', '381f24a283e54099a55473eb0c4a56e8', '0,381f24a283e54099a55473eb0c4a56e8,', '', 30, '0', 1, '1', '2019-03-01 16:37:43', '1', '2020-04-08 17:16:01', '', '0');
INSERT INTO `test_tree` VALUES ('2a40285ae3664a9e9ec5f5f64649456a', '219b2b960041419db042fdc8e22e5fff', '0,381f24a283e54099a55473eb0c4a56e8,219b2b960041419db042fdc8e22e5fff,', '', 30, '1', 2, '1', '2020-04-08 17:16:01', '1', '2020-04-08 17:16:01', '', '0');
INSERT INTO `test_tree` VALUES ('31f28474706a4530b8913ead4d0e2689', '0', '0,', '', 30, '1', 0, '1', '2019-03-28 21:30:53', '1', '2019-03-28 21:30:53', '', '0');
INSERT INTO `test_tree` VALUES ('342254b5d0ff4101be1bd4ed04cb102b', '0e5f08e37f354783b83d4c12292bb8ce', '0,0e5f08e37f354783b83d4c12292bb8ce,', 'qwer', 30, '1', 1, '1', '2020-06-12 20:56:15', '1', '2020-10-21 15:59:21', '', '0');
INSERT INTO `test_tree` VALUES ('381f24a283e54099a55473eb0c4a56e8', '0', '0,', '', 30, '0', 0, '1', '2019-03-01 16:37:29', '1', '2019-03-01 16:37:43', '', '0');
INSERT INTO `test_tree` VALUES ('3ec40e64877f44b6a94332770346aa36', '0', '0,', '电力交易项目', 30, '0', 0, '1', '2019-02-28 10:17:15', '1', '2020-07-31 11:35:02', '', '0');
INSERT INTO `test_tree` VALUES ('3ff400e07b424f57b0bcc9a2881987bb', '0e5f08e37f354783b83d4c12292bb8ce', '0,0e5f08e37f354783b83d4c12292bb8ce,', '请问企鹅2', 30, '1', 1, '1', '2020-10-21 16:52:03', '1', '2020-10-21 16:52:03', 'q\'q\'we', '0');
INSERT INTO `test_tree` VALUES ('4420da09b7714958afe3dcfdbb77b0f6', '4568301f13a3491482ff62946775110d', '0,8b68dda1a112488ba29a07a311e8ff21,4568301f13a3491482ff62946775110d,', '发送', 30, '0', 2, '1', '2020-03-26 17:28:36', '1', '2020-08-12 13:57:47', '', '0');
INSERT INTO `test_tree` VALUES ('4568301f13a3491482ff62946775110d', '8b68dda1a112488ba29a07a311e8ff21', '0,8b68dda1a112488ba29a07a311e8ff21,', '331', 30, '0', 1, '1', '2019-01-25 17:57:37', '1', '2020-08-12 13:57:32', '', '0');
INSERT INTO `test_tree` VALUES ('57ed111d394b4fe49762265078aa080c', '8b68dda1a112488ba29a07a311e8ff21', '0,8b68dda1a112488ba29a07a311e8ff21,', 'dsasdsad', 30, '0', 1, '1', '2020-08-12 13:58:06', '1', '2020-08-12 13:58:16', '', '0');
INSERT INTO `test_tree` VALUES ('73eb554899594ee0b45eb72360586351', 'e323c4775e6240fbb924b6442ab8a49d', '0,e323c4775e6240fbb924b6442ab8a49d,', '', 30, '1', 1, '1', '2019-01-24 14:24:59', '1', '2019-01-24 14:24:59', '', '0');
INSERT INTO `test_tree` VALUES ('77bffd3657a84b439e6d2524de0bd2bd', '0', '0,', '', 30, '1', 0, '1', '2019-05-27 23:45:32', '1', '2019-05-27 23:45:32', '', '0');
INSERT INTO `test_tree` VALUES ('7c471d46c95a440abc0bab50c0b60994', '0', '0,', '', 30, '1', 0, '1', '2019-01-11 21:32:12', '1', '2019-01-11 21:32:12', '', '0');
INSERT INTO `test_tree` VALUES ('816b96133fbb4ab997e811d27dc14429', '0', '0,', '', 30, '1', 0, '1', '2019-04-13 14:17:21', '1', '2019-04-13 14:17:21', '', '0');
INSERT INTO `test_tree` VALUES ('8b68dda1a112488ba29a07a311e8ff21', '0', '0,', '333', 30, '0', 0, '1', '2019-01-25 17:57:30', '1', '2019-01-25 17:57:37', '', '0');
INSERT INTO `test_tree` VALUES ('a8456765a18f46e18e2ed11f6217f038', '0', '0,', 'test1', 30, '1', 0, '1', '2019-05-27 23:45:39', '1', '2020-04-19 00:36:06', 'test1', '0');
INSERT INTO `test_tree` VALUES ('af33db2a07b94087aa4ac03778ce8885', '0e5f08e37f354783b83d4c12292bb8ce', '0,0e5f08e37f354783b83d4c12292bb8ce,', 'asdf1', 30, '1', 1, '1', '2020-10-21 15:58:33', '1', '2020-10-21 15:58:33', '', '0');
INSERT INTO `test_tree` VALUES ('c4664a960ba043298d09d7428dc1c339', 'e323c4775e6240fbb924b6442ab8a49d', '0,e323c4775e6240fbb924b6442ab8a49d,', '', 30, '1', 1, '1', '2020-04-10 16:19:13', '1', '2020-04-10 16:19:13', '', '0');
INSERT INTO `test_tree` VALUES ('caec4fa504844d32b446d999f53ff4b9', '4420da09b7714958afe3dcfdbb77b0f6', '0,8b68dda1a112488ba29a07a311e8ff21,4568301f13a3491482ff62946775110d,4420da09b7714958afe3dcfdbb77b0f6,', '', 30, '1', 3, '1', '2020-08-12 13:57:47', '1', '2020-08-12 13:57:47', '', '0');
INSERT INTO `test_tree` VALUES ('cb47b0adc17443619c3e27bbae69d5a1', '0', '0,', '杨磊', 30, '1', 0, '1', '2019-02-28 10:22:59', '1', '2019-02-28 10:22:59', '', '0');
INSERT INTO `test_tree` VALUES ('cf78c95debcc4a2d89b0f1b657368867', '0e5f08e37f354783b83d4c12292bb8ce', '0,0e5f08e37f354783b83d4c12292bb8ce,', '', 30, '1', 1, '1', '2020-11-20 15:10:46', '1', '2020-11-20 15:10:46', '', '0');
INSERT INTO `test_tree` VALUES ('d54b05fdf1a24592a3656d74c5b3a4cd', '0', '0,', 'test1', 30, '1', 0, '1', '2019-06-04 09:42:30', '1', '2019-06-11 14:57:16', '', '0');
INSERT INTO `test_tree` VALUES ('ddbd2bd7155d428c9a42d57efafc7c36', '3ec40e64877f44b6a94332770346aa36', '0,3ec40e64877f44b6a94332770346aa36,', '10101010101', 30, '1', 1, '1', '2020-07-31 11:35:02', '1', '2020-07-31 11:35:02', '', '0');
INSERT INTO `test_tree` VALUES ('e323c4775e6240fbb924b6442ab8a49d', '0', '0,', '树结构父节点', 30, '0', 0, '1', '2019-01-07 16:55:15', '1', '2020-04-10 16:19:49', 'aa', '0');
INSERT INTO `test_tree` VALUES ('e5a9917fecb94db4b1e6ceede9716715', 'e323c4775e6240fbb924b6442ab8a49d', '0,e323c4775e6240fbb924b6442ab8a49d,', '树结构子节点', 30, '1', 1, '1', '2019-01-07 17:39:06', '1', '2019-01-15 11:00:44', '啊啊', '0');

-- ----------------------------
-- Table structure for yili_employee
-- ----------------------------
DROP TABLE IF EXISTS `yili_employee`;
CREATE TABLE `yili_employee`  (
  `id` varchar(64) CHARACTER SET utf8 COLLATE utf8_bin NOT NULL COMMENT '编号',
  `code` varchar(64) CHARACTER SET utf8 COLLATE utf8_bin NOT NULL COMMENT '员工编号',
  `name` varchar(64) CHARACTER SET utf8 COLLATE utf8_bin NULL DEFAULT NULL COMMENT '员工姓名',
  `gender` char(1) CHARACTER SET utf8 COLLATE utf8_bin NULL DEFAULT NULL COMMENT '性别',
  `birthday` datetime(0) NULL DEFAULT NULL COMMENT '出生日期',
  `age` int(11) NULL DEFAULT NULL COMMENT '年龄',
  `mobile` varchar(32) CHARACTER SET utf8 COLLATE utf8_bin NULL DEFAULT NULL COMMENT '手机号',
  `office_id` varchar(64) CHARACTER SET utf8 COLLATE utf8_bin NULL DEFAULT NULL COMMENT '所属部门ID',
  `create_by` varchar(64) CHARACTER SET utf8 COLLATE utf8_bin NOT NULL COMMENT '创建者',
  `create_date` datetime(0) NOT NULL COMMENT '创建时间',
  `update_by` varchar(64) CHARACTER SET utf8 COLLATE utf8_bin NOT NULL COMMENT '更新者',
  `update_date` datetime(0) NOT NULL COMMENT '更新时间',
  `remarks` varchar(255) CHARACTER SET utf8 COLLATE utf8_bin NULL DEFAULT NULL COMMENT '备注信息',
  `del_flag` char(1) CHARACTER SET utf8 COLLATE utf8_bin NOT NULL DEFAULT '0' COMMENT '删除标记',
  PRIMARY KEY (`id`) USING BTREE
) ENGINE = InnoDB CHARACTER SET = utf8 COLLATE = utf8_bin COMMENT = '员工信息表' ROW_FORMAT = Dynamic;

-- ----------------------------
-- Records of yili_employee
-- ----------------------------
INSERT INTO `yili_employee` VALUES ('33c99262152741b8b1bf0fe90520e5b0', '20201216:4', 'rewtewer', '1', '2020-12-17 00:00:00', 0, '13600000000', '73f2b0a3b468414c8b84f0be71aa08ad', '1', '2020-12-16 15:52:33', '1', '2021-02-27 06:52:57', NULL, '1');
INSERT INTO `yili_employee` VALUES ('356521e81cb3417a859c6409aafa2fb0', '20210330:7', 'checkWeightUnloadBillDataQueue', '1', '2016-03-11 00:00:00', 5, '13976162636', '3', '1', '2021-03-30 15:22:04', '1', '2021-03-30 15:22:04', NULL, '1');
INSERT INTO `yili_employee` VALUES ('41784c4b783e45d98f367fe23302be36', '20201126:3', '测试', '1', '2020-11-26 00:00:00', 0, '18262840389', '', '1', '2020-11-26 14:51:33', '1', '2020-11-26 14:51:33', NULL, '1');
INSERT INTO `yili_employee` VALUES ('83f2aac002a340058a365960684cb5b0', '20200729:2', '固定资产报废处置', '2', '2006-07-12 00:00:00', 14, '13434343434', '4', '1', '2020-07-29 14:51:37', '1', '2020-09-13 14:13:07', NULL, '1');
INSERT INTO `yili_employee` VALUES ('a2600e5564a44ef3b214ca72994469c5', '20210310:6', 'sfdsfs', '1', '2021-03-08 00:00:00', 0, '18629525000', '05d6c304d4be45cdbbd561793687cbce', '1', '2021-03-10 16:48:14', '1', '2021-03-10 16:48:14', NULL, '1');
INSERT INTO `yili_employee` VALUES ('aafa1bbd33a44479a724f8d848a657ed', '20210225:5', 'wwwwwwwwwww', '1', '2021-02-25 00:00:00', 0, '13430272222', '4', '1', '2021-02-25 16:03:18', '1', '2021-02-27 06:52:51', NULL, '1');
INSERT INTO `yili_employee` VALUES ('bc53bf3d3e8d417dab61c481b9bf2cb0', '20200729:1', '撒旦发', '1', '1970-07-15 00:00:00', 50, '13545454546', '4', '1', '2020-07-29 13:29:01', '1', '2020-12-01 11:10:45', NULL, '1');
INSERT INTO `yili_employee` VALUES ('cb781bfd0168473a82313a1110030e05', '20210408:8', 'aaa', '1', '2015-04-01 00:00:00', 6, '18315398888', '3', '1', '2021-04-08 11:25:53', '1', '2021-04-09 14:57:25', NULL, '0');

-- ----------------------------
-- Table structure for yili_social_security_info
-- ----------------------------
DROP TABLE IF EXISTS `yili_social_security_info`;
CREATE TABLE `yili_social_security_info`  (
  `id` varchar(64) CHARACTER SET utf8 COLLATE utf8_bin NOT NULL COMMENT '编号',
  `employee_id` varchar(64) CHARACTER SET utf8 COLLATE utf8_bin NOT NULL COMMENT '员工编号（外键）',
  `type` char(1) CHARACTER SET utf8 COLLATE utf8_bin NULL DEFAULT NULL COMMENT '社保类型',
  `payment_period` datetime(0) NULL DEFAULT NULL COMMENT '缴费期间',
  `payment_amount` decimal(7, 2) NULL DEFAULT NULL COMMENT '个人缴费金额',
  `create_by` varchar(64) CHARACTER SET utf8 COLLATE utf8_bin NOT NULL COMMENT '创建者',
  `create_date` datetime(0) NOT NULL COMMENT '创建时间',
  `update_by` varchar(64) CHARACTER SET utf8 COLLATE utf8_bin NOT NULL COMMENT '更新者',
  `update_date` datetime(0) NOT NULL COMMENT '更新时间',
  `remarks` varchar(255) CHARACTER SET utf8 COLLATE utf8_bin NULL DEFAULT NULL COMMENT '备注信息',
  `del_flag` char(1) CHARACTER SET utf8 COLLATE utf8_bin NOT NULL DEFAULT '0' COMMENT '删除标记',
  PRIMARY KEY (`id`) USING BTREE,
  INDEX `employee_id`(`employee_id`) USING BTREE,
  CONSTRAINT `yili_social_security_info_ibfk_1` FOREIGN KEY (`employee_id`) REFERENCES `yili_employee` (`id`) ON DELETE RESTRICT ON UPDATE RESTRICT
) ENGINE = InnoDB CHARACTER SET = utf8 COLLATE = utf8_bin COMMENT = '社保信息' ROW_FORMAT = Dynamic;

-- ----------------------------
-- Records of yili_social_security_info
-- ----------------------------
INSERT INTO `yili_social_security_info` VALUES ('018554f238984879987afe942b67c00b', '83f2aac002a340058a365960684cb5b0', '3', '2020-08-01 00:00:00', 660.00, '1', '2020-08-21 13:50:06', '1', '2020-08-21 13:50:06', NULL, '1');
INSERT INTO `yili_social_security_info` VALUES ('082cd2afc98c4286a0140f7da4cfba92', 'cb781bfd0168473a82313a1110030e05', '1', '2021-05-01 00:00:00', 222.66, '1', '2021-04-09 14:58:24', '1', '2021-04-09 14:58:49', NULL, '0');
INSERT INTO `yili_social_security_info` VALUES ('0f1c81a4478c4ba5ad97be521fc74a96', 'bc53bf3d3e8d417dab61c481b9bf2cb0', '3', '2020-08-01 00:00:00', 22.45, '1', '2020-07-29 14:26:35', '1', '2020-10-10 15:49:07', '', '1');
INSERT INTO `yili_social_security_info` VALUES ('215ffc36a5c84b949aec7d53899b4c13', 'cb781bfd0168473a82313a1110030e05', '5', '2021-04-01 00:00:00', 558.00, '1', '2021-04-10 14:08:56', '1', '2021-04-11 20:33:47', NULL, '0');
INSERT INTO `yili_social_security_info` VALUES ('4171a5b9177a412893c0d6145563ac59', '83f2aac002a340058a365960684cb5b0', '0', '2020-07-01 00:00:00', 222.67, '1', '2020-07-30 23:24:10', '1', '2020-08-03 11:38:31', NULL, '1');
INSERT INTO `yili_social_security_info` VALUES ('4418f73a51154210ba389868f58f0068', 'aafa1bbd33a44479a724f8d848a657ed', '1', '2021-03-01 00:00:00', 2.00, '1', '2021-03-12 16:37:39', '1', '2021-03-12 16:37:39', NULL, '1');
INSERT INTO `yili_social_security_info` VALUES ('45e9861da24b483ca95bfd925c047666', '83f2aac002a340058a365960684cb5b0', '0', '2020-08-01 00:00:00', 890.00, '1', '2020-08-26 23:12:48', '1', '2020-11-07 15:11:56', NULL, '1');
INSERT INTO `yili_social_security_info` VALUES ('544dfd6011ac456180ea24216271c4ac', 'cb781bfd0168473a82313a1110030e05', '0', '2021-04-01 00:00:00', 1.00, '1', '2021-04-08 11:26:20', '1', '2021-04-08 11:26:20', NULL, '0');
INSERT INTO `yili_social_security_info` VALUES ('63fd329a9d4d47028c37a23b10a71887', 'bc53bf3d3e8d417dab61c481b9bf2cb0', '1', '2020-10-01 00:00:00', 1.00, '1', '2020-10-15 15:01:56', '1', '2020-10-15 15:01:56', NULL, '1');
INSERT INTO `yili_social_security_info` VALUES ('720f540151e44b35acd28a6d1b845378', 'a2600e5564a44ef3b214ca72994469c5', '0', '2021-03-01 00:00:00', 1.00, '1', '2021-03-19 20:25:53', '1', '2021-03-19 20:25:53', NULL, '1');
INSERT INTO `yili_social_security_info` VALUES ('76b1af445cf64e6baf9185df65b7b5f4', 'bc53bf3d3e8d417dab61c481b9bf2cb0', '3', '2013-04-01 00:00:00', 554.66, '1', '2020-07-29 13:29:01', '1', '2020-10-10 08:14:52', '', '1');
INSERT INTO `yili_social_security_info` VALUES ('951f5ac9efef4ebebdf3438d59eba678', 'cb781bfd0168473a82313a1110030e05', '3', '2021-04-01 00:00:00', 112.33, '1', '2021-04-09 14:56:41', '1', '2021-04-09 14:56:41', NULL, '0');
INSERT INTO `yili_social_security_info` VALUES ('bba2ba74912247c58792d84b44b17d47', 'aafa1bbd33a44479a724f8d848a657ed', '1', '2021-03-01 00:00:00', 1.00, '1', '2021-03-12 15:50:47', '1', '2021-03-12 15:50:47', NULL, '1');
INSERT INTO `yili_social_security_info` VALUES ('cb0f7132b2b146c9b139ef893012bc23', 'bc53bf3d3e8d417dab61c481b9bf2cb0', '2', '2020-10-01 00:00:00', 11.44, '1', '2020-07-29 13:29:01', '1', '2020-10-10 08:15:00', '', '1');
INSERT INTO `yili_social_security_info` VALUES ('d89db2815cc74d1a98a5e006e5b717f1', '33c99262152741b8b1bf0fe90520e5b0', '1', '2021-01-01 00:00:00', 444.00, '1', '2020-12-16 15:52:52', '1', '2021-01-07 16:20:20', NULL, '1');
INSERT INTO `yili_social_security_info` VALUES ('ece4d1f4d8d947d4bd520756814efe77', '83f2aac002a340058a365960684cb5b0', '1', '2020-07-01 00:00:00', 112.33, '1', '2020-07-29 14:52:02', '1', '2020-10-26 23:40:09', NULL, '1');
INSERT INTO `yili_social_security_info` VALUES ('fea097b8cf1b4cfea8b6b2c3e8dd07d0', 'a2600e5564a44ef3b214ca72994469c5', '1', '2021-03-01 00:00:00', 1.00, '1', '2021-03-19 20:26:02', '1', '2021-03-19 20:26:02', NULL, '1');
INSERT INTO `yili_social_security_info` VALUES ('ffcdec0cf29c4b42b8a3edcde22ee0bf', '83f2aac002a340058a365960684cb5b0', '5', '2020-07-01 00:00:00', 234.34, '1', '2020-07-29 16:20:53', '1', '2020-08-05 13:14:38', '', '1');

SET FOREIGN_KEY_CHECKS = 1;
